case_id,evidence_level,profile_points,max_abs_speed_difference_mph,max_abs_queue_difference_veh
GOLD-001-baseline,synthetic_gold,101,0.0,0.0
GOLD-001-random-0001,synthetic_random,101,0.0,0.0
GOLD-001-random-0002,synthetic_random,101,0.0,0.0
GOLD-001-random-0003,synthetic_random,101,0.0,0.0
GOLD-001-random-0004,synthetic_random,101,0.0,0.0
GOLD-001-random-0005,synthetic_random,101,0.0,0.0
GOLD-001-random-0006,synthetic_random,101,0.0,0.0
GOLD-001-random-0007,synthetic_random,101,0.0,0.0
GOLD-001-random-0008,synthetic_random,101,0.0,0.0
GOLD-001-random-0009,synthetic_random,101,0.0,0.0
GOLD-001-random-0010,synthetic_random,101,0.0,0.0
GOLD-001-random-0011,synthetic_random,101,0.0,0.0
GOLD-001-random-0012,synthetic_random,101,0.0,0.0
GOLD-001-random-0013,synthetic_random,101,0.0,0.0
GOLD-001-random-0014,synthetic_random,101,0.0,0.0
GOLD-001-random-0015,synthetic_random,101,0.0,0.0
GOLD-001-random-0016,synthetic_random,101,0.0,0.0
GOLD-001-random-0017,synthetic_random,101,0.0,0.0
GOLD-001-random-0018,synthetic_random,101,0.0,0.0
GOLD-001-random-0019,synthetic_random,101,0.0,0.0
GOLD-001-random-0020,synthetic_random,101,0.0,0.0
GOLD-001-random-0021,synthetic_random,101,0.0,0.0
GOLD-001-random-0022,synthetic_random,101,0.0,0.0
GOLD-001-random-0023,synthetic_random,101,0.0,0.0
GOLD-001-random-0024,synthetic_random,101,0.0,0.0
GOLD-001-random-0025,synthetic_random,101,0.0,0.0
GOLD-001-random-0026,synthetic_random,101,0.0,0.0
GOLD-001-random-0027,synthetic_random,101,0.0,0.0
GOLD-001-random-0028,synthetic_random,101,0.0,0.0
GOLD-001-random-0029,synthetic_random,101,0.0,0.0
GOLD-001-random-0030,synthetic_random,101,0.0,0.0
GOLD-001-random-0031,synthetic_random,101,0.0,0.0
GOLD-001-random-0032,synthetic_random,101,0.0,0.0
GOLD-001-random-0033,synthetic_random,101,0.0,0.0
GOLD-001-random-0034,synthetic_random,101,0.0,0.0
GOLD-001-random-0035,synthetic_random,101,0.0,0.0
GOLD-001-random-0036,synthetic_random,101,0.0,0.0
GOLD-001-random-0037,synthetic_random,101,0.0,0.0
GOLD-001-random-0038,synthetic_random,101,0.0,0.0
GOLD-001-random-0039,synthetic_random,101,0.0,0.0
GOLD-001-random-0040,synthetic_random,101,0.0,0.0
GOLD-001-random-0041,synthetic_random,101,0.0,0.0
GOLD-001-random-0042,synthetic_random,101,0.0,0.0
GOLD-001-random-0043,synthetic_random,101,0.0,0.0
GOLD-001-random-0044,synthetic_random,101,0.0,0.0
GOLD-001-random-0045,synthetic_random,101,0.0,0.0
GOLD-001-random-0046,synthetic_random,101,0.0,0.0
GOLD-001-random-0047,synthetic_random,101,0.0,0.0
GOLD-001-random-0048,synthetic_random,101,0.0,0.0
GOLD-001-random-0049,synthetic_random,101,0.0,0.0
GOLD-001-random-0050,synthetic_random,101,0.0,0.0
GOLD-001-random-0051,synthetic_random,101,0.0,0.0
GOLD-001-random-0052,synthetic_random,101,0.0,0.0
GOLD-001-random-0053,synthetic_random,101,0.0,0.0
GOLD-001-random-0054,synthetic_random,101,0.0,0.0
GOLD-001-random-0055,synthetic_random,101,0.0,0.0
GOLD-001-random-0056,synthetic_random,101,0.0,0.0
GOLD-001-random-0057,synthetic_random,101,0.0,0.0
GOLD-001-random-0058,synthetic_random,101,0.0,0.0
GOLD-001-random-0059,synthetic_random,101,0.0,0.0
GOLD-001-random-0060,synthetic_random,101,0.0,0.0
GOLD-001-random-0061,synthetic_random,101,0.0,0.0
GOLD-001-random-0062,synthetic_random,101,0.0,0.0
GOLD-001-random-0063,synthetic_random,101,0.0,0.0
GOLD-001-random-0064,synthetic_random,101,0.0,0.0
GOLD-001-random-0065,synthetic_random,101,0.0,0.0
GOLD-001-random-0066,synthetic_random,101,0.0,0.0
GOLD-001-random-0067,synthetic_random,101,0.0,0.0
GOLD-001-random-0068,synthetic_random,101,0.0,0.0
GOLD-001-random-0069,synthetic_random,101,0.0,0.0
GOLD-001-random-0070,synthetic_random,101,0.0,0.0
GOLD-001-random-0071,synthetic_random,101,0.0,0.0
GOLD-001-random-0072,synthetic_random,101,0.0,0.0
GOLD-001-random-0073,synthetic_random,101,0.0,0.0
GOLD-001-random-0074,synthetic_random,101,0.0,0.0
GOLD-001-random-0075,synthetic_random,101,0.0,0.0
GOLD-001-random-0076,synthetic_random,101,0.0,0.0
GOLD-001-random-0077,synthetic_random,101,0.0,0.0
GOLD-001-random-0078,synthetic_random,101,0.0,0.0
GOLD-001-random-0079,synthetic_random,101,0.0,0.0
GOLD-001-random-0080,synthetic_random,101,0.0,0.0
GOLD-001-random-0081,synthetic_random,101,0.0,0.0
GOLD-001-random-0082,synthetic_random,101,0.0,0.0
GOLD-001-random-0083,synthetic_random,101,0.0,0.0
GOLD-001-random-0084,synthetic_random,101,0.0,0.0
GOLD-001-random-0085,synthetic_random,101,0.0,0.0
GOLD-001-random-0086,synthetic_random,101,0.0,0.0
GOLD-001-random-0087,synthetic_random,101,0.0,0.0
GOLD-001-random-0088,synthetic_random,101,0.0,0.0
GOLD-001-random-0089,synthetic_random,101,0.0,0.0
GOLD-001-random-0090,synthetic_random,101,0.0,0.0
GOLD-001-random-0091,synthetic_random,101,0.0,0.0
GOLD-001-random-0092,synthetic_random,101,0.0,0.0
GOLD-001-random-0093,synthetic_random,101,0.0,0.0
GOLD-001-random-0094,synthetic_random,101,0.0,0.0
GOLD-001-random-0095,synthetic_random,101,0.0,0.0
GOLD-001-random-0096,synthetic_random,101,0.0,0.0
GOLD-001-random-0097,synthetic_random,101,0.0,0.0
GOLD-001-random-0098,synthetic_random,101,0.0,0.0
GOLD-001-random-0099,synthetic_random,101,0.0,0.0
GOLD-001-random-0100,synthetic_random,101,0.0,0.0
GOLD-001-random-0101,synthetic_random,101,0.0,0.0
GOLD-001-random-0102,synthetic_random,101,0.0,0.0
GOLD-001-random-0103,synthetic_random,101,0.0,0.0
GOLD-001-random-0104,synthetic_random,101,0.0,0.0
GOLD-001-random-0105,synthetic_random,101,0.0,0.0
GOLD-001-random-0106,synthetic_random,101,0.0,0.0
GOLD-001-random-0107,synthetic_random,101,0.0,0.0
GOLD-001-random-0108,synthetic_random,101,0.0,0.0
GOLD-001-random-0109,synthetic_random,101,0.0,0.0
GOLD-001-random-0110,synthetic_random,101,0.0,0.0
GOLD-001-random-0111,synthetic_random,101,0.0,0.0
GOLD-001-random-0112,synthetic_random,101,0.0,0.0
GOLD-001-random-0113,synthetic_random,101,0.0,0.0
GOLD-001-random-0114,synthetic_random,101,0.0,0.0
GOLD-001-random-0115,synthetic_random,101,0.0,0.0
GOLD-001-random-0116,synthetic_random,101,0.0,0.0
GOLD-001-random-0117,synthetic_random,101,0.0,0.0
GOLD-001-random-0118,synthetic_random,101,0.0,0.0
GOLD-001-random-0119,synthetic_random,101,0.0,0.0
GOLD-001-random-0120,synthetic_random,101,0.0,0.0
GOLD-001-random-0121,synthetic_random,101,0.0,0.0
GOLD-001-random-0122,synthetic_random,101,0.0,0.0
GOLD-001-random-0123,synthetic_random,101,0.0,0.0
GOLD-001-random-0124,synthetic_random,101,0.0,0.0
GOLD-001-random-0125,synthetic_random,101,0.0,0.0
GOLD-001-random-0126,synthetic_random,101,0.0,0.0
GOLD-001-random-0127,synthetic_random,101,0.0,0.0
GOLD-001-random-0128,synthetic_random,101,0.0,0.0
GOLD-001-random-0129,synthetic_random,101,0.0,0.0
GOLD-001-random-0130,synthetic_random,101,0.0,0.0
GOLD-001-random-0131,synthetic_random,101,0.0,0.0
GOLD-001-random-0132,synthetic_random,101,0.0,0.0
GOLD-001-random-0133,synthetic_random,101,0.0,0.0
GOLD-001-random-0134,synthetic_random,101,0.0,0.0
GOLD-001-random-0135,synthetic_random,101,0.0,0.0
GOLD-001-random-0136,synthetic_random,101,0.0,0.0
GOLD-001-random-0137,synthetic_random,101,0.0,0.0
GOLD-001-random-0138,synthetic_random,101,0.0,0.0
GOLD-001-random-0139,synthetic_random,101,0.0,0.0
GOLD-001-random-0140,synthetic_random,101,0.0,0.0
GOLD-001-random-0141,synthetic_random,101,0.0,0.0
GOLD-001-random-0142,synthetic_random,101,0.0,0.0
GOLD-001-random-0143,synthetic_random,101,0.0,0.0
GOLD-001-random-0144,synthetic_random,101,0.0,0.0
GOLD-001-random-0145,synthetic_random,101,0.0,0.0
GOLD-001-random-0146,synthetic_random,101,0.0,0.0
GOLD-001-random-0147,synthetic_random,101,0.0,0.0
GOLD-001-random-0148,synthetic_random,101,0.0,0.0
GOLD-001-random-0149,synthetic_random,101,0.0,0.0
GOLD-001-random-0150,synthetic_random,101,0.0,0.0
GOLD-001-random-0151,synthetic_random,101,0.0,0.0
GOLD-001-random-0152,synthetic_random,101,0.0,0.0
GOLD-001-random-0153,synthetic_random,101,0.0,0.0
GOLD-001-random-0154,synthetic_random,101,0.0,0.0
GOLD-001-random-0155,synthetic_random,101,0.0,0.0
GOLD-001-random-0156,synthetic_random,101,0.0,0.0
GOLD-001-random-0157,synthetic_random,101,0.0,0.0
GOLD-001-random-0158,synthetic_random,101,0.0,0.0
GOLD-001-random-0159,synthetic_random,101,0.0,0.0
GOLD-001-random-0160,synthetic_random,101,0.0,0.0
GOLD-001-random-0161,synthetic_random,101,0.0,0.0
GOLD-001-random-0162,synthetic_random,101,0.0,0.0
GOLD-001-random-0163,synthetic_random,101,0.0,0.0
GOLD-001-random-0164,synthetic_random,101,0.0,0.0
GOLD-001-random-0165,synthetic_random,101,0.0,0.0
GOLD-001-random-0166,synthetic_random,101,0.0,0.0
GOLD-001-random-0167,synthetic_random,101,0.0,0.0
GOLD-001-random-0168,synthetic_random,101,0.0,0.0
GOLD-001-random-0169,synthetic_random,101,0.0,0.0
GOLD-001-random-0170,synthetic_random,101,0.0,0.0
GOLD-001-random-0171,synthetic_random,101,0.0,0.0
GOLD-001-random-0172,synthetic_random,101,0.0,0.0
GOLD-001-random-0173,synthetic_random,101,0.0,0.0
GOLD-001-random-0174,synthetic_random,101,0.0,0.0
GOLD-001-random-0175,synthetic_random,101,0.0,0.0
GOLD-001-random-0176,synthetic_random,101,0.0,0.0
GOLD-001-random-0177,synthetic_random,101,0.0,0.0
GOLD-001-random-0178,synthetic_random,101,0.0,0.0
GOLD-001-random-0179,synthetic_random,101,0.0,0.0
GOLD-001-random-0180,synthetic_random,101,0.0,0.0
GOLD-001-random-0181,synthetic_random,101,0.0,0.0
GOLD-001-random-0182,synthetic_random,101,0.0,0.0
GOLD-001-random-0183,synthetic_random,101,0.0,0.0
GOLD-001-random-0184,synthetic_random,101,0.0,0.0
GOLD-001-random-0185,synthetic_random,101,0.0,0.0
GOLD-001-random-0186,synthetic_random,101,0.0,0.0
GOLD-001-random-0187,synthetic_random,101,0.0,0.0
GOLD-001-random-0188,synthetic_random,101,0.0,0.0
GOLD-001-random-0189,synthetic_random,101,0.0,0.0
GOLD-001-random-0190,synthetic_random,101,0.0,0.0
GOLD-001-random-0191,synthetic_random,101,0.0,0.0
GOLD-001-random-0192,synthetic_random,101,0.0,0.0
GOLD-001-random-0193,synthetic_random,101,0.0,0.0
GOLD-001-random-0194,synthetic_random,101,0.0,0.0
GOLD-001-random-0195,synthetic_random,101,0.0,0.0
GOLD-001-random-0196,synthetic_random,101,0.0,0.0
GOLD-001-random-0197,synthetic_random,101,0.0,0.0
GOLD-001-random-0198,synthetic_random,101,0.0,0.0
GOLD-001-random-0199,synthetic_random,101,0.0,0.0
GOLD-001-random-0200,synthetic_random,101,0.0,0.0
GOLD-001-random-0201,synthetic_random,101,0.0,0.0
GOLD-001-random-0202,synthetic_random,101,0.0,0.0
GOLD-001-random-0203,synthetic_random,101,0.0,0.0
GOLD-001-random-0204,synthetic_random,101,0.0,0.0
GOLD-001-random-0205,synthetic_random,101,0.0,0.0
GOLD-001-random-0206,synthetic_random,101,0.0,0.0
GOLD-001-random-0207,synthetic_random,101,0.0,0.0
GOLD-001-random-0208,synthetic_random,101,0.0,0.0
GOLD-001-random-0209,synthetic_random,101,0.0,0.0
GOLD-001-random-0210,synthetic_random,101,0.0,0.0
GOLD-001-random-0211,synthetic_random,101,0.0,0.0
GOLD-001-random-0212,synthetic_random,101,0.0,0.0
GOLD-001-random-0213,synthetic_random,101,0.0,0.0
GOLD-001-random-0214,synthetic_random,101,0.0,0.0
GOLD-001-random-0215,synthetic_random,101,0.0,0.0
GOLD-001-random-0216,synthetic_random,101,0.0,0.0
GOLD-001-random-0217,synthetic_random,101,0.0,0.0
GOLD-001-random-0218,synthetic_random,101,0.0,0.0
GOLD-001-random-0219,synthetic_random,101,0.0,0.0
GOLD-001-random-0220,synthetic_random,101,0.0,0.0
GOLD-001-random-0221,synthetic_random,101,0.0,0.0
GOLD-001-random-0222,synthetic_random,101,0.0,0.0
GOLD-001-random-0223,synthetic_random,101,0.0,0.0
GOLD-001-random-0224,synthetic_random,101,0.0,0.0
GOLD-001-random-0225,synthetic_random,101,0.0,0.0
GOLD-001-random-0226,synthetic_random,101,0.0,0.0
GOLD-001-random-0227,synthetic_random,101,0.0,0.0
GOLD-001-random-0228,synthetic_random,101,0.0,0.0
GOLD-001-random-0229,synthetic_random,101,0.0,0.0
GOLD-001-random-0230,synthetic_random,101,0.0,0.0
GOLD-001-random-0231,synthetic_random,101,0.0,0.0
GOLD-001-random-0232,synthetic_random,101,0.0,0.0
GOLD-001-random-0233,synthetic_random,101,0.0,0.0
GOLD-001-random-0234,synthetic_random,101,0.0,0.0
GOLD-001-random-0235,synthetic_random,101,0.0,0.0
GOLD-001-random-0236,synthetic_random,101,0.0,0.0
GOLD-001-random-0237,synthetic_random,101,0.0,0.0
GOLD-001-random-0238,synthetic_random,101,0.0,0.0
GOLD-001-random-0239,synthetic_random,101,0.0,0.0
GOLD-001-random-0240,synthetic_random,101,0.0,0.0
GOLD-001-random-0241,synthetic_random,101,0.0,0.0
GOLD-001-random-0242,synthetic_random,101,0.0,0.0
GOLD-001-random-0243,synthetic_random,101,0.0,0.0
GOLD-001-random-0244,synthetic_random,101,0.0,0.0
GOLD-001-random-0245,synthetic_random,101,0.0,0.0
GOLD-001-random-0246,synthetic_random,101,0.0,0.0
GOLD-001-random-0247,synthetic_random,101,0.0,0.0
GOLD-001-random-0248,synthetic_random,101,0.0,0.0
GOLD-001-random-0249,synthetic_random,101,0.0,0.0
GOLD-001-random-0250,synthetic_random,101,0.0,0.0
GOLD-001-random-0251,synthetic_random,101,0.0,0.0
GOLD-001-random-0252,synthetic_random,101,0.0,0.0
GOLD-001-random-0253,synthetic_random,101,0.0,0.0
GOLD-001-random-0254,synthetic_random,101,0.0,0.0
GOLD-001-random-0255,synthetic_random,101,0.0,0.0
GOLD-001-random-0256,synthetic_random,101,0.0,0.0
GOLD-001-random-0257,synthetic_random,101,0.0,0.0
GOLD-001-random-0258,synthetic_random,101,0.0,0.0
GOLD-001-random-0259,synthetic_random,101,0.0,0.0
GOLD-001-random-0260,synthetic_random,101,0.0,0.0
GOLD-001-random-0261,synthetic_random,101,0.0,0.0
GOLD-001-random-0262,synthetic_random,101,0.0,0.0
GOLD-001-random-0263,synthetic_random,101,0.0,0.0
GOLD-001-random-0264,synthetic_random,101,0.0,0.0
GOLD-001-random-0265,synthetic_random,101,0.0,0.0
GOLD-001-random-0266,synthetic_random,101,0.0,0.0
GOLD-001-random-0267,synthetic_random,101,0.0,0.0
GOLD-001-random-0268,synthetic_random,101,0.0,0.0
GOLD-001-random-0269,synthetic_random,101,0.0,0.0
GOLD-001-random-0270,synthetic_random,101,0.0,0.0
GOLD-001-random-0271,synthetic_random,101,0.0,0.0
GOLD-001-random-0272,synthetic_random,101,0.0,0.0
GOLD-001-random-0273,synthetic_random,101,0.0,0.0
GOLD-001-random-0274,synthetic_random,101,0.0,0.0
GOLD-001-random-0275,synthetic_random,101,0.0,0.0
GOLD-001-random-0276,synthetic_random,101,0.0,0.0
GOLD-001-random-0277,synthetic_random,101,0.0,0.0
GOLD-001-random-0278,synthetic_random,101,0.0,0.0
GOLD-001-random-0279,synthetic_random,101,0.0,0.0
GOLD-001-random-0280,synthetic_random,101,0.0,0.0
GOLD-001-random-0281,synthetic_random,101,0.0,0.0
GOLD-001-random-0282,synthetic_random,101,0.0,0.0
GOLD-001-random-0283,synthetic_random,101,0.0,0.0
GOLD-001-random-0284,synthetic_random,101,0.0,0.0
GOLD-001-random-0285,synthetic_random,101,0.0,0.0
GOLD-001-random-0286,synthetic_random,101,0.0,0.0
GOLD-001-random-0287,synthetic_random,101,0.0,0.0
GOLD-001-random-0288,synthetic_random,101,0.0,0.0
GOLD-001-random-0289,synthetic_random,101,0.0,0.0
GOLD-001-random-0290,synthetic_random,101,0.0,0.0
GOLD-001-random-0291,synthetic_random,101,0.0,0.0
GOLD-001-random-0292,synthetic_random,101,0.0,0.0
GOLD-001-random-0293,synthetic_random,101,0.0,0.0
GOLD-001-random-0294,synthetic_random,101,0.0,0.0
GOLD-001-random-0295,synthetic_random,101,0.0,0.0
GOLD-001-random-0296,synthetic_random,101,0.0,0.0
GOLD-001-random-0297,synthetic_random,101,0.0,0.0
GOLD-001-random-0298,synthetic_random,101,0.0,0.0
GOLD-001-random-0299,synthetic_random,101,0.0,0.0
GOLD-001-random-0300,synthetic_random,101,0.0,0.0
GOLD-001-random-0301,synthetic_random,101,0.0,0.0
GOLD-001-random-0302,synthetic_random,101,0.0,0.0
GOLD-001-random-0303,synthetic_random,101,0.0,0.0
GOLD-001-random-0304,synthetic_random,101,0.0,0.0
GOLD-001-random-0305,synthetic_random,101,0.0,0.0
GOLD-001-random-0306,synthetic_random,101,0.0,0.0
GOLD-001-random-0307,synthetic_random,101,0.0,0.0
GOLD-001-random-0308,synthetic_random,101,0.0,0.0
GOLD-001-random-0309,synthetic_random,101,0.0,0.0
GOLD-001-random-0310,synthetic_random,101,0.0,0.0
GOLD-001-random-0311,synthetic_random,101,0.0,0.0
GOLD-001-random-0312,synthetic_random,101,0.0,0.0
GOLD-001-random-0313,synthetic_random,101,0.0,0.0
GOLD-001-random-0314,synthetic_random,101,0.0,0.0
GOLD-001-random-0315,synthetic_random,101,0.0,0.0
GOLD-001-random-0316,synthetic_random,101,0.0,0.0
GOLD-001-random-0317,synthetic_random,101,0.0,0.0
GOLD-001-random-0318,synthetic_random,101,0.0,0.0
GOLD-001-random-0319,synthetic_random,101,0.0,0.0
GOLD-001-random-0320,synthetic_random,101,0.0,0.0
GOLD-001-random-0321,synthetic_random,101,0.0,0.0
GOLD-001-random-0322,synthetic_random,101,0.0,0.0
GOLD-001-random-0323,synthetic_random,101,0.0,0.0
GOLD-001-random-0324,synthetic_random,101,0.0,0.0
GOLD-001-random-0325,synthetic_random,101,0.0,0.0
GOLD-001-random-0326,synthetic_random,101,0.0,0.0
GOLD-001-random-0327,synthetic_random,101,0.0,0.0
GOLD-001-random-0328,synthetic_random,101,0.0,0.0
GOLD-001-random-0329,synthetic_random,101,0.0,0.0
GOLD-001-random-0330,synthetic_random,101,0.0,0.0
GOLD-001-random-0331,synthetic_random,101,0.0,0.0
GOLD-001-random-0332,synthetic_random,101,0.0,0.0
GOLD-001-random-0333,synthetic_random,101,0.0,0.0
GOLD-001-random-0334,synthetic_random,101,0.0,0.0
GOLD-001-random-0335,synthetic_random,101,0.0,0.0
GOLD-001-random-0336,synthetic_random,101,0.0,0.0
GOLD-001-random-0337,synthetic_random,101,0.0,0.0
GOLD-001-random-0338,synthetic_random,101,0.0,0.0
GOLD-001-random-0339,synthetic_random,101,0.0,0.0
GOLD-001-random-0340,synthetic_random,101,0.0,0.0
GOLD-001-random-0341,synthetic_random,101,0.0,0.0
GOLD-001-random-0342,synthetic_random,101,0.0,0.0
GOLD-001-random-0343,synthetic_random,101,0.0,0.0
GOLD-001-random-0344,synthetic_random,101,0.0,0.0
GOLD-001-random-0345,synthetic_random,101,0.0,0.0
GOLD-001-random-0346,synthetic_random,101,0.0,0.0
GOLD-001-random-0347,synthetic_random,101,0.0,0.0
GOLD-001-random-0348,synthetic_random,101,0.0,0.0
GOLD-001-random-0349,synthetic_random,101,0.0,0.0
GOLD-001-random-0350,synthetic_random,101,0.0,0.0
GOLD-001-random-0351,synthetic_random,101,0.0,0.0
GOLD-001-random-0352,synthetic_random,101,0.0,0.0
GOLD-001-random-0353,synthetic_random,101,0.0,0.0
GOLD-001-random-0354,synthetic_random,101,0.0,0.0
GOLD-001-random-0355,synthetic_random,101,0.0,0.0
GOLD-001-random-0356,synthetic_random,101,0.0,0.0
GOLD-001-random-0357,synthetic_random,101,0.0,0.0
GOLD-001-random-0358,synthetic_random,101,0.0,0.0
GOLD-001-random-0359,synthetic_random,101,0.0,0.0
GOLD-001-random-0360,synthetic_random,101,0.0,0.0
GOLD-001-random-0361,synthetic_random,101,0.0,0.0
GOLD-001-random-0362,synthetic_random,101,0.0,0.0
GOLD-001-random-0363,synthetic_random,101,0.0,0.0
GOLD-001-random-0364,synthetic_random,101,0.0,0.0
GOLD-001-random-0365,synthetic_random,101,0.0,0.0
GOLD-001-random-0366,synthetic_random,101,0.0,0.0
GOLD-001-random-0367,synthetic_random,101,0.0,0.0
GOLD-001-random-0368,synthetic_random,101,0.0,0.0
GOLD-001-random-0369,synthetic_random,101,0.0,0.0
GOLD-001-random-0370,synthetic_random,101,0.0,0.0
GOLD-001-random-0371,synthetic_random,101,0.0,0.0
GOLD-001-random-0372,synthetic_random,101,0.0,0.0
GOLD-001-random-0373,synthetic_random,101,0.0,0.0
GOLD-001-random-0374,synthetic_random,101,0.0,0.0
GOLD-001-random-0375,synthetic_random,101,0.0,0.0
GOLD-001-random-0376,synthetic_random,101,0.0,0.0
GOLD-001-random-0377,synthetic_random,101,0.0,0.0
GOLD-001-random-0378,synthetic_random,101,0.0,0.0
GOLD-001-random-0379,synthetic_random,101,0.0,0.0
GOLD-001-random-0380,synthetic_random,101,0.0,0.0
GOLD-001-random-0381,synthetic_random,101,0.0,0.0
GOLD-001-random-0382,synthetic_random,101,0.0,0.0
GOLD-001-random-0383,synthetic_random,101,0.0,0.0
GOLD-001-random-0384,synthetic_random,101,0.0,0.0
GOLD-001-random-0385,synthetic_random,101,0.0,0.0
GOLD-001-random-0386,synthetic_random,101,0.0,0.0
GOLD-001-random-0387,synthetic_random,101,0.0,0.0
GOLD-001-random-0388,synthetic_random,101,0.0,0.0
GOLD-001-random-0389,synthetic_random,101,0.0,0.0
GOLD-001-random-0390,synthetic_random,101,0.0,0.0
GOLD-001-random-0391,synthetic_random,101,0.0,0.0
GOLD-001-random-0392,synthetic_random,101,0.0,0.0
GOLD-001-random-0393,synthetic_random,101,0.0,0.0
GOLD-001-random-0394,synthetic_random,101,0.0,0.0
GOLD-001-random-0395,synthetic_random,101,0.0,0.0
GOLD-001-random-0396,synthetic_random,101,0.0,0.0
GOLD-001-random-0397,synthetic_random,101,0.0,0.0
GOLD-001-random-0398,synthetic_random,101,0.0,0.0
GOLD-001-random-0399,synthetic_random,101,0.0,0.0
GOLD-001-random-0400,synthetic_random,101,0.0,0.0
GOLD-001-random-0401,synthetic_random,101,0.0,0.0
GOLD-001-random-0402,synthetic_random,101,0.0,0.0
GOLD-001-random-0403,synthetic_random,101,0.0,0.0
GOLD-001-random-0404,synthetic_random,101,0.0,0.0
GOLD-001-random-0405,synthetic_random,101,0.0,0.0
GOLD-001-random-0406,synthetic_random,101,0.0,0.0
GOLD-001-random-0407,synthetic_random,101,0.0,0.0
GOLD-001-random-0408,synthetic_random,101,0.0,0.0
GOLD-001-random-0409,synthetic_random,101,0.0,0.0
GOLD-001-random-0410,synthetic_random,101,0.0,0.0
GOLD-001-random-0411,synthetic_random,101,0.0,0.0
GOLD-001-random-0412,synthetic_random,101,0.0,0.0
GOLD-001-random-0413,synthetic_random,101,0.0,0.0
GOLD-001-random-0414,synthetic_random,101,0.0,0.0
GOLD-001-random-0415,synthetic_random,101,0.0,0.0
GOLD-001-random-0416,synthetic_random,101,0.0,0.0
GOLD-001-random-0417,synthetic_random,101,0.0,0.0
GOLD-001-random-0418,synthetic_random,101,0.0,0.0
GOLD-001-random-0419,synthetic_random,101,0.0,0.0
GOLD-001-random-0420,synthetic_random,101,0.0,0.0
GOLD-001-random-0421,synthetic_random,101,0.0,0.0
GOLD-001-random-0422,synthetic_random,101,0.0,0.0
GOLD-001-random-0423,synthetic_random,101,0.0,0.0
GOLD-001-random-0424,synthetic_random,101,0.0,0.0
GOLD-001-random-0425,synthetic_random,101,0.0,0.0
GOLD-001-random-0426,synthetic_random,101,0.0,0.0
GOLD-001-random-0427,synthetic_random,101,0.0,0.0
GOLD-001-random-0428,synthetic_random,101,0.0,0.0
GOLD-001-random-0429,synthetic_random,101,0.0,0.0
GOLD-001-random-0430,synthetic_random,101,0.0,0.0
GOLD-001-random-0431,synthetic_random,101,0.0,0.0
GOLD-001-random-0432,synthetic_random,101,0.0,0.0
GOLD-001-random-0433,synthetic_random,101,0.0,0.0
GOLD-001-random-0434,synthetic_random,101,0.0,0.0
GOLD-001-random-0435,synthetic_random,101,0.0,0.0
GOLD-001-random-0436,synthetic_random,101,0.0,0.0
GOLD-001-random-0437,synthetic_random,101,0.0,0.0
GOLD-001-random-0438,synthetic_random,101,0.0,0.0
GOLD-001-random-0439,synthetic_random,101,0.0,0.0
GOLD-001-random-0440,synthetic_random,101,0.0,0.0
GOLD-001-random-0441,synthetic_random,101,0.0,0.0
GOLD-001-random-0442,synthetic_random,101,0.0,0.0
GOLD-001-random-0443,synthetic_random,101,0.0,0.0
GOLD-001-random-0444,synthetic_random,101,0.0,0.0
GOLD-001-random-0445,synthetic_random,101,0.0,0.0
GOLD-001-random-0446,synthetic_random,101,0.0,0.0
GOLD-001-random-0447,synthetic_random,101,0.0,0.0
GOLD-001-random-0448,synthetic_random,101,0.0,0.0
GOLD-001-random-0449,synthetic_random,101,0.0,0.0
GOLD-001-random-0450,synthetic_random,101,0.0,0.0
GOLD-001-random-0451,synthetic_random,101,0.0,0.0
GOLD-001-random-0452,synthetic_random,101,0.0,0.0
GOLD-001-random-0453,synthetic_random,101,0.0,0.0
GOLD-001-random-0454,synthetic_random,101,0.0,0.0
GOLD-001-random-0455,synthetic_random,101,0.0,0.0
GOLD-001-random-0456,synthetic_random,101,0.0,0.0
GOLD-001-random-0457,synthetic_random,101,0.0,0.0
GOLD-001-random-0458,synthetic_random,101,0.0,0.0
GOLD-001-random-0459,synthetic_random,101,0.0,0.0
GOLD-001-random-0460,synthetic_random,101,0.0,0.0
GOLD-001-random-0461,synthetic_random,101,0.0,0.0
GOLD-001-random-0462,synthetic_random,101,0.0,0.0
GOLD-001-random-0463,synthetic_random,101,0.0,0.0
GOLD-001-random-0464,synthetic_random,101,0.0,0.0
GOLD-001-random-0465,synthetic_random,101,0.0,0.0
GOLD-001-random-0466,synthetic_random,101,0.0,0.0
GOLD-001-random-0467,synthetic_random,101,0.0,0.0
GOLD-001-random-0468,synthetic_random,101,0.0,0.0
GOLD-001-random-0469,synthetic_random,101,0.0,0.0
GOLD-001-random-0470,synthetic_random,101,0.0,0.0
GOLD-001-random-0471,synthetic_random,101,0.0,0.0
GOLD-001-random-0472,synthetic_random,101,0.0,0.0
GOLD-001-random-0473,synthetic_random,101,0.0,0.0
GOLD-001-random-0474,synthetic_random,101,0.0,0.0
GOLD-001-random-0475,synthetic_random,101,0.0,0.0
GOLD-001-random-0476,synthetic_random,101,0.0,0.0
GOLD-001-random-0477,synthetic_random,101,0.0,0.0
GOLD-001-random-0478,synthetic_random,101,0.0,0.0
GOLD-001-random-0479,synthetic_random,101,0.0,0.0
GOLD-001-random-0480,synthetic_random,101,0.0,0.0
GOLD-001-random-0481,synthetic_random,101,0.0,0.0
GOLD-001-random-0482,synthetic_random,101,0.0,0.0
GOLD-001-random-0483,synthetic_random,101,0.0,0.0
GOLD-001-random-0484,synthetic_random,101,0.0,0.0
GOLD-001-random-0485,synthetic_random,101,0.0,0.0
GOLD-001-random-0486,synthetic_random,101,0.0,0.0
GOLD-001-random-0487,synthetic_random,101,0.0,0.0
GOLD-001-random-0488,synthetic_random,101,0.0,0.0
GOLD-001-random-0489,synthetic_random,101,0.0,0.0
GOLD-001-random-0490,synthetic_random,101,0.0,0.0
GOLD-001-random-0491,synthetic_random,101,0.0,0.0
GOLD-001-random-0492,synthetic_random,101,0.0,0.0
GOLD-001-random-0493,synthetic_random,101,0.0,0.0
GOLD-001-random-0494,synthetic_random,101,0.0,0.0
GOLD-001-random-0495,synthetic_random,101,0.0,0.0
GOLD-001-random-0496,synthetic_random,101,0.0,0.0
GOLD-001-random-0497,synthetic_random,101,0.0,0.0
GOLD-001-random-0498,synthetic_random,101,0.0,0.0
GOLD-001-random-0499,synthetic_random,101,0.0,0.0
GOLD-001-random-0500,synthetic_random,101,0.0,0.0
GOLD-001-random-0501,synthetic_random,101,0.0,0.0
GOLD-001-random-0502,synthetic_random,101,0.0,0.0
GOLD-001-random-0503,synthetic_random,101,0.0,0.0
GOLD-001-random-0504,synthetic_random,101,0.0,0.0
GOLD-001-random-0505,synthetic_random,101,0.0,0.0
GOLD-001-random-0506,synthetic_random,101,0.0,0.0
GOLD-001-random-0507,synthetic_random,101,0.0,0.0
GOLD-001-random-0508,synthetic_random,101,0.0,0.0
GOLD-001-random-0509,synthetic_random,101,0.0,0.0
GOLD-001-random-0510,synthetic_random,101,0.0,0.0
GOLD-001-random-0511,synthetic_random,101,0.0,0.0
GOLD-001-random-0512,synthetic_random,101,0.0,0.0
GOLD-001-random-0513,synthetic_random,101,0.0,0.0
GOLD-001-random-0514,synthetic_random,101,0.0,0.0
GOLD-001-random-0515,synthetic_random,101,0.0,0.0
GOLD-001-random-0516,synthetic_random,101,0.0,0.0
GOLD-001-random-0517,synthetic_random,101,0.0,0.0
GOLD-001-random-0518,synthetic_random,101,0.0,0.0
GOLD-001-random-0519,synthetic_random,101,0.0,0.0
GOLD-001-random-0520,synthetic_random,101,0.0,0.0
GOLD-001-random-0521,synthetic_random,101,0.0,0.0
GOLD-001-random-0522,synthetic_random,101,0.0,0.0
GOLD-001-random-0523,synthetic_random,101,0.0,0.0
GOLD-001-random-0524,synthetic_random,101,0.0,0.0
GOLD-001-random-0525,synthetic_random,101,0.0,0.0
GOLD-001-random-0526,synthetic_random,101,0.0,0.0
GOLD-001-random-0527,synthetic_random,101,0.0,0.0
GOLD-001-random-0528,synthetic_random,101,0.0,0.0
GOLD-001-random-0529,synthetic_random,101,0.0,0.0
GOLD-001-random-0530,synthetic_random,101,0.0,0.0
GOLD-001-random-0531,synthetic_random,101,0.0,0.0
GOLD-001-random-0532,synthetic_random,101,0.0,0.0
GOLD-001-random-0533,synthetic_random,101,0.0,0.0
GOLD-001-random-0534,synthetic_random,101,0.0,0.0
GOLD-001-random-0535,synthetic_random,101,0.0,0.0
GOLD-001-random-0536,synthetic_random,101,0.0,0.0
GOLD-001-random-0537,synthetic_random,101,0.0,0.0
GOLD-001-random-0538,synthetic_random,101,0.0,0.0
GOLD-001-random-0539,synthetic_random,101,0.0,0.0
GOLD-001-random-0540,synthetic_random,101,0.0,0.0
GOLD-001-random-0541,synthetic_random,101,0.0,0.0
GOLD-001-random-0542,synthetic_random,101,0.0,0.0
GOLD-001-random-0543,synthetic_random,101,0.0,0.0
GOLD-001-random-0544,synthetic_random,101,0.0,0.0
GOLD-001-random-0545,synthetic_random,101,0.0,0.0
GOLD-001-random-0546,synthetic_random,101,0.0,0.0
GOLD-001-random-0547,synthetic_random,101,0.0,0.0
GOLD-001-random-0548,synthetic_random,101,0.0,0.0
GOLD-001-random-0549,synthetic_random,101,0.0,0.0
GOLD-001-random-0550,synthetic_random,101,0.0,0.0
GOLD-001-random-0551,synthetic_random,101,0.0,0.0
GOLD-001-random-0552,synthetic_random,101,0.0,0.0
GOLD-001-random-0553,synthetic_random,101,0.0,0.0
GOLD-001-random-0554,synthetic_random,101,0.0,0.0
GOLD-001-random-0555,synthetic_random,101,0.0,0.0
GOLD-001-random-0556,synthetic_random,101,0.0,0.0
GOLD-001-random-0557,synthetic_random,101,0.0,0.0
GOLD-001-random-0558,synthetic_random,101,0.0,0.0
GOLD-001-random-0559,synthetic_random,101,0.0,0.0
GOLD-001-random-0560,synthetic_random,101,0.0,0.0
GOLD-001-random-0561,synthetic_random,101,0.0,0.0
GOLD-001-random-0562,synthetic_random,101,0.0,0.0
GOLD-001-random-0563,synthetic_random,101,0.0,0.0
GOLD-001-random-0564,synthetic_random,101,0.0,0.0
GOLD-001-random-0565,synthetic_random,101,0.0,0.0
GOLD-001-random-0566,synthetic_random,101,0.0,0.0
GOLD-001-random-0567,synthetic_random,101,0.0,0.0
GOLD-001-random-0568,synthetic_random,101,0.0,0.0
GOLD-001-random-0569,synthetic_random,101,0.0,0.0
GOLD-001-random-0570,synthetic_random,101,0.0,0.0
GOLD-001-random-0571,synthetic_random,101,0.0,0.0
GOLD-001-random-0572,synthetic_random,101,0.0,0.0
GOLD-001-random-0573,synthetic_random,101,0.0,0.0
GOLD-001-random-0574,synthetic_random,101,0.0,0.0
GOLD-001-random-0575,synthetic_random,101,0.0,0.0
GOLD-001-random-0576,synthetic_random,101,0.0,0.0
GOLD-001-random-0577,synthetic_random,101,0.0,0.0
GOLD-001-random-0578,synthetic_random,101,0.0,0.0
GOLD-001-random-0579,synthetic_random,101,0.0,0.0
GOLD-001-random-0580,synthetic_random,101,0.0,0.0
GOLD-001-random-0581,synthetic_random,101,0.0,0.0
GOLD-001-random-0582,synthetic_random,101,0.0,0.0
GOLD-001-random-0583,synthetic_random,101,0.0,0.0
GOLD-001-random-0584,synthetic_random,101,0.0,0.0
GOLD-001-random-0585,synthetic_random,101,0.0,0.0
GOLD-001-random-0586,synthetic_random,101,0.0,0.0
GOLD-001-random-0587,synthetic_random,101,0.0,0.0
GOLD-001-random-0588,synthetic_random,101,0.0,0.0
GOLD-001-random-0589,synthetic_random,101,0.0,0.0
GOLD-001-random-0590,synthetic_random,101,0.0,0.0
GOLD-001-random-0591,synthetic_random,101,0.0,0.0
GOLD-001-random-0592,synthetic_random,101,0.0,0.0
GOLD-001-random-0593,synthetic_random,101,0.0,0.0
GOLD-001-random-0594,synthetic_random,101,0.0,0.0
GOLD-001-random-0595,synthetic_random,101,0.0,0.0
GOLD-001-random-0596,synthetic_random,101,0.0,0.0
GOLD-001-random-0597,synthetic_random,101,0.0,0.0
GOLD-001-random-0598,synthetic_random,101,0.0,0.0
GOLD-001-random-0599,synthetic_random,101,0.0,0.0
GOLD-001-random-0600,synthetic_random,101,0.0,0.0
GOLD-001-random-0601,synthetic_random,101,0.0,0.0
GOLD-001-random-0602,synthetic_random,101,0.0,0.0
GOLD-001-random-0603,synthetic_random,101,0.0,0.0
GOLD-001-random-0604,synthetic_random,101,0.0,0.0
GOLD-001-random-0605,synthetic_random,101,0.0,0.0
GOLD-001-random-0606,synthetic_random,101,0.0,0.0
GOLD-001-random-0607,synthetic_random,101,0.0,0.0
GOLD-001-random-0608,synthetic_random,101,0.0,0.0
GOLD-001-random-0609,synthetic_random,101,0.0,0.0
GOLD-001-random-0610,synthetic_random,101,0.0,0.0
GOLD-001-random-0611,synthetic_random,101,0.0,0.0
GOLD-001-random-0612,synthetic_random,101,0.0,0.0
GOLD-001-random-0613,synthetic_random,101,0.0,0.0
GOLD-001-random-0614,synthetic_random,101,0.0,0.0
GOLD-001-random-0615,synthetic_random,101,0.0,0.0
GOLD-001-random-0616,synthetic_random,101,0.0,0.0
GOLD-001-random-0617,synthetic_random,101,0.0,0.0
GOLD-001-random-0618,synthetic_random,101,0.0,0.0
GOLD-001-random-0619,synthetic_random,101,0.0,0.0
GOLD-001-random-0620,synthetic_random,101,0.0,0.0
GOLD-001-random-0621,synthetic_random,101,0.0,0.0
GOLD-001-random-0622,synthetic_random,101,0.0,0.0
GOLD-001-random-0623,synthetic_random,101,0.0,0.0
GOLD-001-random-0624,synthetic_random,101,0.0,0.0
GOLD-001-random-0625,synthetic_random,101,0.0,0.0
GOLD-001-random-0626,synthetic_random,101,0.0,0.0
GOLD-001-random-0627,synthetic_random,101,0.0,0.0
GOLD-001-random-0628,synthetic_random,101,0.0,0.0
GOLD-001-random-0629,synthetic_random,101,0.0,0.0
GOLD-001-random-0630,synthetic_random,101,0.0,0.0
GOLD-001-random-0631,synthetic_random,101,0.0,0.0
GOLD-001-random-0632,synthetic_random,101,0.0,0.0
GOLD-001-random-0633,synthetic_random,101,0.0,0.0
GOLD-001-random-0634,synthetic_random,101,0.0,0.0
GOLD-001-random-0635,synthetic_random,101,0.0,0.0
GOLD-001-random-0636,synthetic_random,101,0.0,0.0
GOLD-001-random-0637,synthetic_random,101,0.0,0.0
GOLD-001-random-0638,synthetic_random,101,0.0,0.0
GOLD-001-random-0639,synthetic_random,101,0.0,0.0
GOLD-001-random-0640,synthetic_random,101,0.0,0.0
GOLD-001-random-0641,synthetic_random,101,0.0,0.0
GOLD-001-random-0642,synthetic_random,101,0.0,0.0
GOLD-001-random-0643,synthetic_random,101,0.0,0.0
GOLD-001-random-0644,synthetic_random,101,0.0,0.0
GOLD-001-random-0645,synthetic_random,101,0.0,0.0
GOLD-001-random-0646,synthetic_random,101,0.0,0.0
GOLD-001-random-0647,synthetic_random,101,0.0,0.0
GOLD-001-random-0648,synthetic_random,101,0.0,0.0
GOLD-001-random-0649,synthetic_random,101,0.0,0.0
GOLD-001-random-0650,synthetic_random,101,0.0,0.0
GOLD-001-random-0651,synthetic_random,101,0.0,0.0
GOLD-001-random-0652,synthetic_random,101,0.0,0.0
GOLD-001-random-0653,synthetic_random,101,0.0,0.0
GOLD-001-random-0654,synthetic_random,101,0.0,0.0
GOLD-001-random-0655,synthetic_random,101,0.0,0.0
GOLD-001-random-0656,synthetic_random,101,0.0,0.0
GOLD-001-random-0657,synthetic_random,101,0.0,0.0
GOLD-001-random-0658,synthetic_random,101,0.0,0.0
GOLD-001-random-0659,synthetic_random,101,0.0,0.0
GOLD-001-random-0660,synthetic_random,101,0.0,0.0
GOLD-001-random-0661,synthetic_random,101,0.0,0.0
GOLD-001-random-0662,synthetic_random,101,0.0,0.0
GOLD-001-random-0663,synthetic_random,101,0.0,0.0
GOLD-001-random-0664,synthetic_random,101,0.0,0.0
GOLD-001-random-0665,synthetic_random,101,0.0,0.0
GOLD-001-random-0666,synthetic_random,101,0.0,0.0
GOLD-001-random-0667,synthetic_random,101,0.0,0.0
GOLD-001-random-0668,synthetic_random,101,0.0,0.0
GOLD-001-random-0669,synthetic_random,101,0.0,0.0
GOLD-001-random-0670,synthetic_random,101,0.0,0.0
GOLD-001-random-0671,synthetic_random,101,0.0,0.0
GOLD-001-random-0672,synthetic_random,101,0.0,0.0
GOLD-001-random-0673,synthetic_random,101,0.0,0.0
GOLD-001-random-0674,synthetic_random,101,0.0,0.0
GOLD-001-random-0675,synthetic_random,101,0.0,0.0
GOLD-001-random-0676,synthetic_random,101,0.0,0.0
GOLD-001-random-0677,synthetic_random,101,0.0,0.0
GOLD-001-random-0678,synthetic_random,101,0.0,0.0
GOLD-001-random-0679,synthetic_random,101,0.0,0.0
GOLD-001-random-0680,synthetic_random,101,0.0,0.0
GOLD-001-random-0681,synthetic_random,101,0.0,0.0
GOLD-001-random-0682,synthetic_random,101,0.0,0.0
GOLD-001-random-0683,synthetic_random,101,0.0,0.0
GOLD-001-random-0684,synthetic_random,101,0.0,0.0
GOLD-001-random-0685,synthetic_random,101,0.0,0.0
GOLD-001-random-0686,synthetic_random,101,0.0,0.0
GOLD-001-random-0687,synthetic_random,101,0.0,0.0
GOLD-001-random-0688,synthetic_random,101,0.0,0.0
GOLD-001-random-0689,synthetic_random,101,0.0,0.0
GOLD-001-random-0690,synthetic_random,101,0.0,0.0
GOLD-001-random-0691,synthetic_random,101,0.0,0.0
GOLD-001-random-0692,synthetic_random,101,0.0,0.0
GOLD-001-random-0693,synthetic_random,101,0.0,0.0
GOLD-001-random-0694,synthetic_random,101,0.0,0.0
GOLD-001-random-0695,synthetic_random,101,0.0,0.0
GOLD-001-random-0696,synthetic_random,101,0.0,0.0
GOLD-001-random-0697,synthetic_random,101,0.0,0.0
GOLD-001-random-0698,synthetic_random,101,0.0,0.0
GOLD-001-random-0699,synthetic_random,101,0.0,0.0
GOLD-001-random-0700,synthetic_random,101,0.0,0.0
GOLD-001-random-0701,synthetic_random,101,0.0,0.0
GOLD-001-random-0702,synthetic_random,101,0.0,0.0
GOLD-001-random-0703,synthetic_random,101,0.0,0.0
GOLD-001-random-0704,synthetic_random,101,0.0,0.0
GOLD-001-random-0705,synthetic_random,101,0.0,0.0
GOLD-001-random-0706,synthetic_random,101,0.0,0.0
GOLD-001-random-0707,synthetic_random,101,0.0,0.0
GOLD-001-random-0708,synthetic_random,101,0.0,0.0
GOLD-001-random-0709,synthetic_random,101,0.0,0.0
GOLD-001-random-0710,synthetic_random,101,0.0,0.0
GOLD-001-random-0711,synthetic_random,101,0.0,0.0
GOLD-001-random-0712,synthetic_random,101,0.0,0.0
GOLD-001-random-0713,synthetic_random,101,0.0,0.0
GOLD-001-random-0714,synthetic_random,101,0.0,0.0
GOLD-001-random-0715,synthetic_random,101,0.0,0.0
GOLD-001-random-0716,synthetic_random,101,0.0,0.0
GOLD-001-random-0717,synthetic_random,101,0.0,0.0
GOLD-001-random-0718,synthetic_random,101,0.0,0.0
GOLD-001-random-0719,synthetic_random,101,0.0,0.0
GOLD-001-random-0720,synthetic_random,101,0.0,0.0
GOLD-001-random-0721,synthetic_random,101,0.0,0.0
GOLD-001-random-0722,synthetic_random,101,0.0,0.0
GOLD-001-random-0723,synthetic_random,101,0.0,0.0
GOLD-001-random-0724,synthetic_random,101,0.0,0.0
GOLD-001-random-0725,synthetic_random,101,0.0,0.0
GOLD-001-random-0726,synthetic_random,101,0.0,0.0
GOLD-001-random-0727,synthetic_random,101,0.0,0.0
GOLD-001-random-0728,synthetic_random,101,0.0,0.0
GOLD-001-random-0729,synthetic_random,101,0.0,0.0
GOLD-001-random-0730,synthetic_random,101,0.0,0.0
GOLD-001-random-0731,synthetic_random,101,0.0,0.0
GOLD-001-random-0732,synthetic_random,101,0.0,0.0
GOLD-001-random-0733,synthetic_random,101,0.0,0.0
GOLD-001-random-0734,synthetic_random,101,0.0,0.0
GOLD-001-random-0735,synthetic_random,101,0.0,0.0
GOLD-001-random-0736,synthetic_random,101,0.0,0.0
GOLD-001-random-0737,synthetic_random,101,0.0,0.0
GOLD-001-random-0738,synthetic_random,101,0.0,0.0
GOLD-001-random-0739,synthetic_random,101,0.0,0.0
GOLD-001-random-0740,synthetic_random,101,0.0,0.0
GOLD-001-random-0741,synthetic_random,101,0.0,0.0
GOLD-001-random-0742,synthetic_random,101,0.0,0.0
GOLD-001-random-0743,synthetic_random,101,0.0,0.0
GOLD-001-random-0744,synthetic_random,101,0.0,0.0
GOLD-001-random-0745,synthetic_random,101,0.0,0.0
GOLD-001-random-0746,synthetic_random,101,0.0,0.0
GOLD-001-random-0747,synthetic_random,101,0.0,0.0
GOLD-001-random-0748,synthetic_random,101,0.0,0.0
GOLD-001-random-0749,synthetic_random,101,0.0,0.0
GOLD-001-random-0750,synthetic_random,101,0.0,0.0
GOLD-001-random-0751,synthetic_random,101,0.0,0.0
GOLD-001-random-0752,synthetic_random,101,0.0,0.0
GOLD-001-random-0753,synthetic_random,101,0.0,0.0
GOLD-001-random-0754,synthetic_random,101,0.0,0.0
GOLD-001-random-0755,synthetic_random,101,0.0,0.0
GOLD-001-random-0756,synthetic_random,101,0.0,0.0
GOLD-001-random-0757,synthetic_random,101,0.0,0.0
GOLD-001-random-0758,synthetic_random,101,0.0,0.0
GOLD-001-random-0759,synthetic_random,101,0.0,0.0
GOLD-001-random-0760,synthetic_random,101,0.0,0.0
GOLD-001-random-0761,synthetic_random,101,0.0,0.0
GOLD-001-random-0762,synthetic_random,101,0.0,0.0
GOLD-001-random-0763,synthetic_random,101,0.0,0.0
GOLD-001-random-0764,synthetic_random,101,0.0,0.0
GOLD-001-random-0765,synthetic_random,101,0.0,0.0
GOLD-001-random-0766,synthetic_random,101,0.0,0.0
GOLD-001-random-0767,synthetic_random,101,0.0,0.0
GOLD-001-random-0768,synthetic_random,101,0.0,0.0
GOLD-001-random-0769,synthetic_random,101,0.0,0.0
GOLD-001-random-0770,synthetic_random,101,0.0,0.0
GOLD-001-random-0771,synthetic_random,101,0.0,0.0
GOLD-001-random-0772,synthetic_random,101,0.0,0.0
GOLD-001-random-0773,synthetic_random,101,0.0,0.0
GOLD-001-random-0774,synthetic_random,101,0.0,0.0
GOLD-001-random-0775,synthetic_random,101,0.0,0.0
GOLD-001-random-0776,synthetic_random,101,0.0,0.0
GOLD-001-random-0777,synthetic_random,101,0.0,0.0
GOLD-001-random-0778,synthetic_random,101,0.0,0.0
GOLD-001-random-0779,synthetic_random,101,0.0,0.0
GOLD-001-random-0780,synthetic_random,101,0.0,0.0
GOLD-001-random-0781,synthetic_random,101,0.0,0.0
GOLD-001-random-0782,synthetic_random,101,0.0,0.0
GOLD-001-random-0783,synthetic_random,101,0.0,0.0
GOLD-001-random-0784,synthetic_random,101,0.0,0.0
GOLD-001-random-0785,synthetic_random,101,0.0,0.0
GOLD-001-random-0786,synthetic_random,101,0.0,0.0
GOLD-001-random-0787,synthetic_random,101,0.0,0.0
GOLD-001-random-0788,synthetic_random,101,0.0,0.0
GOLD-001-random-0789,synthetic_random,101,0.0,0.0
GOLD-001-random-0790,synthetic_random,101,0.0,0.0
GOLD-001-random-0791,synthetic_random,101,0.0,0.0
GOLD-001-random-0792,synthetic_random,101,0.0,0.0
GOLD-001-random-0793,synthetic_random,101,0.0,0.0
GOLD-001-random-0794,synthetic_random,101,0.0,0.0
GOLD-001-random-0795,synthetic_random,101,0.0,0.0
GOLD-001-random-0796,synthetic_random,101,0.0,0.0
GOLD-001-random-0797,synthetic_random,101,0.0,0.0
GOLD-001-random-0798,synthetic_random,101,0.0,0.0
GOLD-001-random-0799,synthetic_random,101,0.0,0.0
GOLD-001-random-0800,synthetic_random,101,0.0,0.0
GOLD-001-random-0801,synthetic_random,101,0.0,0.0
GOLD-001-random-0802,synthetic_random,101,0.0,0.0
GOLD-001-random-0803,synthetic_random,101,0.0,0.0
GOLD-001-random-0804,synthetic_random,101,0.0,0.0
GOLD-001-random-0805,synthetic_random,101,0.0,0.0
GOLD-001-random-0806,synthetic_random,101,0.0,0.0
GOLD-001-random-0807,synthetic_random,101,0.0,0.0
GOLD-001-random-0808,synthetic_random,101,0.0,0.0
GOLD-001-random-0809,synthetic_random,101,0.0,0.0
GOLD-001-random-0810,synthetic_random,101,0.0,0.0
GOLD-001-random-0811,synthetic_random,101,0.0,0.0
GOLD-001-random-0812,synthetic_random,101,0.0,0.0
GOLD-001-random-0813,synthetic_random,101,0.0,0.0
GOLD-001-random-0814,synthetic_random,101,0.0,0.0
GOLD-001-random-0815,synthetic_random,101,0.0,0.0
GOLD-001-random-0816,synthetic_random,101,0.0,0.0
GOLD-001-random-0817,synthetic_random,101,0.0,0.0
GOLD-001-random-0818,synthetic_random,101,0.0,0.0
GOLD-001-random-0819,synthetic_random,101,0.0,0.0
GOLD-001-random-0820,synthetic_random,101,0.0,0.0
GOLD-001-random-0821,synthetic_random,101,0.0,0.0
GOLD-001-random-0822,synthetic_random,101,0.0,0.0
GOLD-001-random-0823,synthetic_random,101,0.0,0.0
GOLD-001-random-0824,synthetic_random,101,0.0,0.0
GOLD-001-random-0825,synthetic_random,101,0.0,0.0
GOLD-001-random-0826,synthetic_random,101,0.0,0.0
GOLD-001-random-0827,synthetic_random,101,0.0,0.0
GOLD-001-random-0828,synthetic_random,101,0.0,0.0
GOLD-001-random-0829,synthetic_random,101,0.0,0.0
GOLD-001-random-0830,synthetic_random,101,0.0,0.0
GOLD-001-random-0831,synthetic_random,101,0.0,0.0
GOLD-001-random-0832,synthetic_random,101,0.0,0.0
GOLD-001-random-0833,synthetic_random,101,0.0,0.0
GOLD-001-random-0834,synthetic_random,101,0.0,0.0
GOLD-001-random-0835,synthetic_random,101,0.0,0.0
GOLD-001-random-0836,synthetic_random,101,0.0,0.0
GOLD-001-random-0837,synthetic_random,101,0.0,0.0
GOLD-001-random-0838,synthetic_random,101,0.0,0.0
GOLD-001-random-0839,synthetic_random,101,0.0,0.0
GOLD-001-random-0840,synthetic_random,101,0.0,0.0
GOLD-001-random-0841,synthetic_random,101,0.0,0.0
GOLD-001-random-0842,synthetic_random,101,0.0,0.0
GOLD-001-random-0843,synthetic_random,101,0.0,0.0
GOLD-001-random-0844,synthetic_random,101,0.0,0.0
GOLD-001-random-0845,synthetic_random,101,0.0,0.0
GOLD-001-random-0846,synthetic_random,101,0.0,0.0
GOLD-001-random-0847,synthetic_random,101,0.0,0.0
GOLD-001-random-0848,synthetic_random,101,0.0,0.0
GOLD-001-random-0849,synthetic_random,101,0.0,0.0
GOLD-001-random-0850,synthetic_random,101,0.0,0.0
GOLD-001-random-0851,synthetic_random,101,0.0,0.0
GOLD-001-random-0852,synthetic_random,101,0.0,0.0
GOLD-001-random-0853,synthetic_random,101,0.0,0.0
GOLD-001-random-0854,synthetic_random,101,0.0,0.0
GOLD-001-random-0855,synthetic_random,101,0.0,0.0
GOLD-001-random-0856,synthetic_random,101,0.0,0.0
GOLD-001-random-0857,synthetic_random,101,0.0,0.0
GOLD-001-random-0858,synthetic_random,101,0.0,0.0
GOLD-001-random-0859,synthetic_random,101,0.0,0.0
GOLD-001-random-0860,synthetic_random,101,0.0,0.0
GOLD-001-random-0861,synthetic_random,101,0.0,0.0
GOLD-001-random-0862,synthetic_random,101,0.0,0.0
GOLD-001-random-0863,synthetic_random,101,0.0,0.0
GOLD-001-random-0864,synthetic_random,101,0.0,0.0
GOLD-001-random-0865,synthetic_random,101,0.0,0.0
GOLD-001-random-0866,synthetic_random,101,0.0,0.0
GOLD-001-random-0867,synthetic_random,101,0.0,0.0
GOLD-001-random-0868,synthetic_random,101,0.0,0.0
GOLD-001-random-0869,synthetic_random,101,0.0,0.0
GOLD-001-random-0870,synthetic_random,101,0.0,0.0
GOLD-001-random-0871,synthetic_random,101,0.0,0.0
GOLD-001-random-0872,synthetic_random,101,0.0,0.0
GOLD-001-random-0873,synthetic_random,101,0.0,0.0
GOLD-001-random-0874,synthetic_random,101,0.0,0.0
GOLD-001-random-0875,synthetic_random,101,0.0,0.0
GOLD-001-random-0876,synthetic_random,101,0.0,0.0
GOLD-001-random-0877,synthetic_random,101,0.0,0.0
GOLD-001-random-0878,synthetic_random,101,0.0,0.0
GOLD-001-random-0879,synthetic_random,101,0.0,0.0
GOLD-001-random-0880,synthetic_random,101,0.0,0.0
GOLD-001-random-0881,synthetic_random,101,0.0,0.0
GOLD-001-random-0882,synthetic_random,101,0.0,0.0
GOLD-001-random-0883,synthetic_random,101,0.0,0.0
GOLD-001-random-0884,synthetic_random,101,0.0,0.0
GOLD-001-random-0885,synthetic_random,101,0.0,0.0
GOLD-001-random-0886,synthetic_random,101,0.0,0.0
GOLD-001-random-0887,synthetic_random,101,0.0,0.0
GOLD-001-random-0888,synthetic_random,101,0.0,0.0
GOLD-001-random-0889,synthetic_random,101,0.0,0.0
GOLD-001-random-0890,synthetic_random,101,0.0,0.0
GOLD-001-random-0891,synthetic_random,101,0.0,0.0
GOLD-001-random-0892,synthetic_random,101,0.0,0.0
GOLD-001-random-0893,synthetic_random,101,0.0,0.0
GOLD-001-random-0894,synthetic_random,101,0.0,0.0
GOLD-001-random-0895,synthetic_random,101,0.0,0.0
GOLD-001-random-0896,synthetic_random,101,0.0,0.0
GOLD-001-random-0897,synthetic_random,101,0.0,0.0
GOLD-001-random-0898,synthetic_random,101,0.0,0.0
GOLD-001-random-0899,synthetic_random,101,0.0,0.0
GOLD-001-random-0900,synthetic_random,101,0.0,0.0
GOLD-001-random-0901,synthetic_random,101,0.0,0.0
GOLD-001-random-0902,synthetic_random,101,0.0,0.0
GOLD-001-random-0903,synthetic_random,101,0.0,0.0
GOLD-001-random-0904,synthetic_random,101,0.0,0.0
GOLD-001-random-0905,synthetic_random,101,0.0,0.0
GOLD-001-random-0906,synthetic_random,101,0.0,0.0
GOLD-001-random-0907,synthetic_random,101,0.0,0.0
GOLD-001-random-0908,synthetic_random,101,0.0,0.0
GOLD-001-random-0909,synthetic_random,101,0.0,0.0
GOLD-001-random-0910,synthetic_random,101,0.0,0.0
GOLD-001-random-0911,synthetic_random,101,0.0,0.0
GOLD-001-random-0912,synthetic_random,101,0.0,0.0
GOLD-001-random-0913,synthetic_random,101,0.0,0.0
GOLD-001-random-0914,synthetic_random,101,0.0,0.0
GOLD-001-random-0915,synthetic_random,101,0.0,0.0
GOLD-001-random-0916,synthetic_random,101,0.0,0.0
GOLD-001-random-0917,synthetic_random,101,0.0,0.0
GOLD-001-random-0918,synthetic_random,101,0.0,0.0
GOLD-001-random-0919,synthetic_random,101,0.0,0.0
GOLD-001-random-0920,synthetic_random,101,0.0,0.0
GOLD-001-random-0921,synthetic_random,101,0.0,0.0
GOLD-001-random-0922,synthetic_random,101,0.0,0.0
GOLD-001-random-0923,synthetic_random,101,0.0,0.0
GOLD-001-random-0924,synthetic_random,101,0.0,0.0
GOLD-001-random-0925,synthetic_random,101,0.0,0.0
GOLD-001-random-0926,synthetic_random,101,0.0,0.0
GOLD-001-random-0927,synthetic_random,101,0.0,0.0
GOLD-001-random-0928,synthetic_random,101,0.0,0.0
GOLD-001-random-0929,synthetic_random,101,0.0,0.0
GOLD-001-random-0930,synthetic_random,101,0.0,0.0
GOLD-001-random-0931,synthetic_random,101,0.0,0.0
GOLD-001-random-0932,synthetic_random,101,0.0,0.0
GOLD-001-random-0933,synthetic_random,101,0.0,0.0
GOLD-001-random-0934,synthetic_random,101,0.0,0.0
GOLD-001-random-0935,synthetic_random,101,0.0,0.0
GOLD-001-random-0936,synthetic_random,101,0.0,0.0
GOLD-001-random-0937,synthetic_random,101,0.0,0.0
GOLD-001-random-0938,synthetic_random,101,0.0,0.0
GOLD-001-random-0939,synthetic_random,101,0.0,0.0
GOLD-001-random-0940,synthetic_random,101,0.0,0.0
GOLD-001-random-0941,synthetic_random,101,0.0,0.0
GOLD-001-random-0942,synthetic_random,101,0.0,0.0
GOLD-001-random-0943,synthetic_random,101,0.0,0.0
GOLD-001-random-0944,synthetic_random,101,0.0,0.0
GOLD-001-random-0945,synthetic_random,101,0.0,0.0
GOLD-001-random-0946,synthetic_random,101,0.0,0.0
GOLD-001-random-0947,synthetic_random,101,0.0,0.0
GOLD-001-random-0948,synthetic_random,101,0.0,0.0
GOLD-001-random-0949,synthetic_random,101,0.0,0.0
GOLD-001-random-0950,synthetic_random,101,0.0,0.0
GOLD-001-random-0951,synthetic_random,101,0.0,0.0
GOLD-001-random-0952,synthetic_random,101,0.0,0.0
GOLD-001-random-0953,synthetic_random,101,0.0,0.0
GOLD-001-random-0954,synthetic_random,101,0.0,0.0
GOLD-001-random-0955,synthetic_random,101,0.0,0.0
GOLD-001-random-0956,synthetic_random,101,0.0,0.0
GOLD-001-random-0957,synthetic_random,101,0.0,0.0
GOLD-001-random-0958,synthetic_random,101,0.0,0.0
GOLD-001-random-0959,synthetic_random,101,0.0,0.0
GOLD-001-random-0960,synthetic_random,101,0.0,0.0
GOLD-001-random-0961,synthetic_random,101,0.0,0.0
GOLD-001-random-0962,synthetic_random,101,0.0,0.0
GOLD-001-random-0963,synthetic_random,101,0.0,0.0
GOLD-001-random-0964,synthetic_random,101,0.0,0.0
GOLD-001-random-0965,synthetic_random,101,0.0,0.0
GOLD-001-random-0966,synthetic_random,101,0.0,0.0
GOLD-001-random-0967,synthetic_random,101,0.0,0.0
GOLD-001-random-0968,synthetic_random,101,0.0,0.0
GOLD-001-random-0969,synthetic_random,101,0.0,0.0
GOLD-001-random-0970,synthetic_random,101,0.0,0.0
GOLD-001-random-0971,synthetic_random,101,0.0,0.0
GOLD-001-random-0972,synthetic_random,101,0.0,0.0
GOLD-001-random-0973,synthetic_random,101,0.0,0.0
GOLD-001-random-0974,synthetic_random,101,0.0,0.0
GOLD-001-random-0975,synthetic_random,101,0.0,0.0
GOLD-001-random-0976,synthetic_random,101,0.0,0.0
GOLD-001-random-0977,synthetic_random,101,0.0,0.0
GOLD-001-random-0978,synthetic_random,101,0.0,0.0
GOLD-001-random-0979,synthetic_random,101,0.0,0.0
GOLD-001-random-0980,synthetic_random,101,0.0,0.0
GOLD-001-random-0981,synthetic_random,101,0.0,0.0
GOLD-001-random-0982,synthetic_random,101,0.0,0.0
GOLD-001-random-0983,synthetic_random,101,0.0,0.0
GOLD-001-random-0984,synthetic_random,101,0.0,0.0
GOLD-001-random-0985,synthetic_random,101,0.0,0.0
GOLD-001-random-0986,synthetic_random,101,0.0,0.0
GOLD-001-random-0987,synthetic_random,101,0.0,0.0
GOLD-001-random-0988,synthetic_random,101,0.0,0.0
GOLD-001-random-0989,synthetic_random,101,0.0,0.0
GOLD-001-random-0990,synthetic_random,101,0.0,0.0
GOLD-001-random-0991,synthetic_random,101,0.0,0.0
GOLD-001-random-0992,synthetic_random,101,0.0,0.0
GOLD-001-random-0993,synthetic_random,101,0.0,0.0
GOLD-001-random-0994,synthetic_random,101,0.0,0.0
GOLD-001-random-0995,synthetic_random,101,0.0,0.0
GOLD-001-random-0996,synthetic_random,101,0.0,0.0
GOLD-001-random-0997,synthetic_random,101,0.0,0.0
GOLD-001-random-0998,synthetic_random,101,0.0,0.0
GOLD-001-random-0999,synthetic_random,101,0.0,0.0
GOLD-001-random-1000,synthetic_random,101,0.0,0.0
L405S-001|1222782|2025-06-16|AM,i405_interface_fixture_not_calibrated,101,0.0,0.0
L405S-001|1222782|2025-06-16|MD,i405_interface_fixture_not_calibrated,101,0.0,0.0
L405S-001|1222782|2025-06-16|NT1,i405_interface_fixture_not_calibrated,101,0.0,0.0
L405S-001|1222782|2025-06-16|NT2,i405_interface_fixture_not_calibrated,101,0.0,0.0
L405S-001|1222782|2025-06-16|PM,i405_interface_fixture_not_calibrated,101,0.0,0.0
L405S-001|1222782|2025-06-17|AM,i405_interface_fixture_not_calibrated,101,0.0,0.0
L405S-001|1222782|2025-06-17|MD,i405_interface_fixture_not_calibrated,101,0.0,0.0
L405S-001|1222782|2025-06-17|NT1,i405_interface_fixture_not_calibrated,101,0.0,0.0
L405S-001|1222782|2025-06-17|NT2,i405_interface_fixture_not_calibrated,101,0.0,0.0
L405S-001|1222782|2025-06-17|PM,i405_interface_fixture_not_calibrated,101,0.0,0.0
L405S-001|1222782|2025-06-18|AM,i405_interface_fixture_not_calibrated,101,0.0,0.0
L405S-001|1222782|2025-06-18|MD,i405_interface_fixture_not_calibrated,101,0.0,0.0
L405S-001|1222782|2025-06-18|NT1,i405_interface_fixture_not_calibrated,101,0.0,0.0
L405S-001|1222782|2025-06-18|NT2,i405_interface_fixture_not_calibrated,101,0.0,0.0
L405S-001|1222782|2025-06-18|PM,i405_interface_fixture_not_calibrated,101,0.0,0.0
L405S-001|1222782|2025-06-19|AM,i405_interface_fixture_not_calibrated,101,0.0,0.0
L405S-001|1222782|2025-06-19|MD,i405_interface_fixture_not_calibrated,101,0.0,0.0
L405S-001|1222782|2025-06-19|NT1,i405_interface_fixture_not_calibrated,101,0.0,0.0
L405S-001|1222782|2025-06-19|NT2,i405_interface_fixture_not_calibrated,101,0.0,0.0
L405S-001|1222782|2025-06-19|PM,i405_interface_fixture_not_calibrated,101,0.0,0.0
L405S-001|1222782|2025-06-20|AM,i405_interface_fixture_not_calibrated,101,0.0,0.0
L405S-001|1222782|2025-06-20|MD,i405_interface_fixture_not_calibrated,101,0.0,0.0
L405S-001|1222782|2025-06-20|NT1,i405_interface_fixture_not_calibrated,101,0.0,0.0
L405S-001|1222782|2025-06-20|NT2,i405_interface_fixture_not_calibrated,101,0.0,0.0
L405S-001|1222782|2025-06-20|PM,i405_interface_fixture_not_calibrated,101,0.0,0.0
L405S-001|1223027|2025-06-16|AM,i405_interface_fixture_not_calibrated,101,0.0,0.0
L405S-001|1223027|2025-06-16|MD,i405_interface_fixture_not_calibrated,101,0.0,0.0
L405S-001|1223027|2025-06-16|NT1,i405_interface_fixture_not_calibrated,101,0.0,0.0
L405S-001|1223027|2025-06-16|NT2,i405_interface_fixture_not_calibrated,101,0.0,0.0
L405S-001|1223027|2025-06-16|PM,i405_interface_fixture_not_calibrated,101,0.0,0.0
L405S-001|1223027|2025-06-17|AM,i405_interface_fixture_not_calibrated,101,0.0,0.0
L405S-001|1223027|2025-06-17|MD,i405_interface_fixture_not_calibrated,101,0.0,0.0
L405S-001|1223027|2025-06-17|NT1,i405_interface_fixture_not_calibrated,101,0.0,0.0
L405S-001|1223027|2025-06-17|NT2,i405_interface_fixture_not_calibrated,101,0.0,0.0
L405S-001|1223027|2025-06-17|PM,i405_interface_fixture_not_calibrated,101,0.0,0.0
L405S-001|1223027|2025-06-18|AM,i405_interface_fixture_not_calibrated,101,0.0,0.0
L405S-001|1223027|2025-06-18|MD,i405_interface_fixture_not_calibrated,101,0.0,0.0
L405S-001|1223027|2025-06-18|NT1,i405_interface_fixture_not_calibrated,101,0.0,0.0
L405S-001|1223027|2025-06-18|NT2,i405_interface_fixture_not_calibrated,101,0.0,0.0
L405S-001|1223027|2025-06-18|PM,i405_interface_fixture_not_calibrated,101,0.0,0.0
L405S-001|1223027|2025-06-19|AM,i405_interface_fixture_not_calibrated,101,0.0,0.0
L405S-001|1223027|2025-06-19|MD,i405_interface_fixture_not_calibrated,101,0.0,0.0
L405S-001|1223027|2025-06-19|NT1,i405_interface_fixture_not_calibrated,101,0.0,0.0
L405S-001|1223027|2025-06-19|NT2,i405_interface_fixture_not_calibrated,101,0.0,0.0
L405S-001|1223027|2025-06-19|PM,i405_interface_fixture_not_calibrated,101,0.0,0.0
L405S-001|1223027|2025-06-20|AM,i405_interface_fixture_not_calibrated,101,0.0,0.0
L405S-001|1223027|2025-06-20|MD,i405_interface_fixture_not_calibrated,101,0.0,0.0
L405S-001|1223027|2025-06-20|NT1,i405_interface_fixture_not_calibrated,101,0.0,0.0
L405S-001|1223027|2025-06-20|NT2,i405_interface_fixture_not_calibrated,101,0.0,0.0
L405S-001|1223027|2025-06-20|PM,i405_interface_fixture_not_calibrated,101,0.0,0.0
L405S-020|1201419|2025-06-16|AM,i405_interface_fixture_not_calibrated,101,0.0,0.0
L405S-020|1201419|2025-06-16|MD,i405_interface_fixture_not_calibrated,101,0.0,0.0
L405S-020|1201419|2025-06-16|NT1,i405_interface_fixture_not_calibrated,101,0.0,0.0
L405S-020|1201419|2025-06-16|NT2,i405_interface_fixture_not_calibrated,101,0.0,0.0
L405S-020|1201419|2025-06-16|PM,i405_interface_fixture_not_calibrated,101,0.0,0.0
L405S-020|1201419|2025-06-17|AM,i405_interface_fixture_not_calibrated,101,0.0,0.0
L405S-020|1201419|2025-06-17|MD,i405_interface_fixture_not_calibrated,101,0.0,0.0
L405S-020|1201419|2025-06-17|NT1,i405_interface_fixture_not_calibrated,101,0.0,0.0
L405S-020|1201419|2025-06-17|NT2,i405_interface_fixture_not_calibrated,101,0.0,0.0
L405S-020|1201419|2025-06-17|PM,i405_interface_fixture_not_calibrated,101,0.0,0.0
L405S-020|1201419|2025-06-18|AM,i405_interface_fixture_not_calibrated,101,0.0,0.0
L405S-020|1201419|2025-06-18|MD,i405_interface_fixture_not_calibrated,101,0.0,0.0
L405S-020|1201419|2025-06-18|NT1,i405_interface_fixture_not_calibrated,101,0.0,0.0
L405S-020|1201419|2025-06-18|NT2,i405_interface_fixture_not_calibrated,101,0.0,0.0
L405S-020|1201419|2025-06-18|PM,i405_interface_fixture_not_calibrated,101,0.0,0.0
L405S-020|1201419|2025-06-19|AM,i405_interface_fixture_not_calibrated,101,0.0,0.0
L405S-020|1201419|2025-06-19|MD,i405_interface_fixture_not_calibrated,101,0.0,0.0
L405S-020|1201419|2025-06-19|NT1,i405_interface_fixture_not_calibrated,101,0.0,0.0
L405S-020|1201419|2025-06-19|NT2,i405_interface_fixture_not_calibrated,101,0.0,0.0
L405S-020|1201419|2025-06-19|PM,i405_interface_fixture_not_calibrated,101,0.0,0.0
L405S-020|1201419|2025-06-20|AM,i405_interface_fixture_not_calibrated,101,0.0,0.0
L405S-020|1201419|2025-06-20|MD,i405_interface_fixture_not_calibrated,101,0.0,0.0
L405S-020|1201419|2025-06-20|NT1,i405_interface_fixture_not_calibrated,101,0.0,0.0
L405S-020|1201419|2025-06-20|NT2,i405_interface_fixture_not_calibrated,101,0.0,0.0
L405S-020|1201419|2025-06-20|PM,i405_interface_fixture_not_calibrated,101,0.0,0.0
L405S-061|1201350|2025-06-16|AM,i405_interface_fixture_not_calibrated,101,0.0,0.0
L405S-061|1201350|2025-06-16|MD,i405_interface_fixture_not_calibrated,101,0.0,0.0
L405S-061|1201350|2025-06-16|NT1,i405_interface_fixture_not_calibrated,101,0.0,0.0
L405S-061|1201350|2025-06-16|NT2,i405_interface_fixture_not_calibrated,101,0.0,0.0
L405S-061|1201350|2025-06-16|PM,i405_interface_fixture_not_calibrated,101,0.0,0.0
L405S-061|1201350|2025-06-17|AM,i405_interface_fixture_not_calibrated,101,0.0,0.0
L405S-061|1201350|2025-06-17|MD,i405_interface_fixture_not_calibrated,101,0.0,0.0
L405S-061|1201350|2025-06-17|NT1,i405_interface_fixture_not_calibrated,101,0.0,0.0
L405S-061|1201350|2025-06-17|NT2,i405_interface_fixture_not_calibrated,101,0.0,0.0
L405S-061|1201350|2025-06-17|PM,i405_interface_fixture_not_calibrated,101,0.0,0.0
L405S-061|1201350|2025-06-18|AM,i405_interface_fixture_not_calibrated,101,0.0,0.0
L405S-061|1201350|2025-06-18|MD,i405_interface_fixture_not_calibrated,101,0.0,0.0
L405S-061|1201350|2025-06-18|NT1,i405_interface_fixture_not_calibrated,101,0.0,0.0
L405S-061|1201350|2025-06-18|NT2,i405_interface_fixture_not_calibrated,101,0.0,0.0
L405S-061|1201350|2025-06-18|PM,i405_interface_fixture_not_calibrated,101,0.0,0.0
L405S-061|1201350|2025-06-19|AM,i405_interface_fixture_not_calibrated,101,0.0,0.0
L405S-061|1201350|2025-06-19|MD,i405_interface_fixture_not_calibrated,101,0.0,0.0
L405S-061|1201350|2025-06-19|NT1,i405_interface_fixture_not_calibrated,101,0.0,0.0
L405S-061|1201350|2025-06-19|NT2,i405_interface_fixture_not_calibrated,101,0.0,0.0
L405S-061|1201350|2025-06-19|PM,i405_interface_fixture_not_calibrated,101,0.0,0.0
L405S-061|1201350|2025-06-20|AM,i405_interface_fixture_not_calibrated,101,0.0,0.0
L405S-061|1201350|2025-06-20|MD,i405_interface_fixture_not_calibrated,101,0.0,0.0
L405S-061|1201350|2025-06-20|NT1,i405_interface_fixture_not_calibrated,101,0.0,0.0
L405S-061|1201350|2025-06-20|NT2,i405_interface_fixture_not_calibrated,101,0.0,0.0
L405S-061|1201350|2025-06-20|PM,i405_interface_fixture_not_calibrated,101,0.0,0.0
