corridor,net_link_id,lanes,miles,C_vphpl,C_veh_per_h,D_veh_per_lane,D_veh_total,D_over_C_h,V_veh_total,free_speed_mph,cutoff_mph,congested,P_h,t0_clock,T2_clock,t3_clock,vT2_mph,recovery_over_onset,speed_mae_episode_mph,speed_rmse_episode_mph,note
I-395 NB,26230,3,0.319695,2200.0,6600.0,5963.55749948651,17890.67249845953,2.71070795431205,26119.28535528102,59.823,41.8761,True,3.383330096388889,16:02,16:30,19:25,33.81111111111111,6.476659987209903,1.3020673644202565,1.8662115572818334,
I-395 NB,26297,3,0.19736,2200.0,6600.0,7160.268843551792,21480.806530655376,3.2546676561599055,21480.806530655376,56.94911111111111,39.864377777777776,True,6.411596201388889,13:26,17:30,19:50,14.055777777777777,0.5780302050796827,3.599294349712034,4.584466116451115,"episode runs past the PM window, as most do"
I-395 NB,26423,4,0.082891,2200.0,8800.0,0.0,0.0,0.0,33730.208420751995,64.90405555555556,45.43283888888889,False,0.0,,,,,,,,
I-395 NB,26469,6,0.162246,2200.0,13200.0,5479.710053773497,32878.260322640985,2.4907772971697715,32878.260322640985,50.997,35.6979,True,14.633681971388889,06:02,16:15,20:40,8.897777777777776,0.4330276732096877,0.7883234212353185,0.9390583050942074,episode spans the morning peak too; P is an all-day figure
I-395 NB,26778,4,0.391606,2200.0,8800.0,0.0,0.0,0.0,33125.27470777964,64.22716666666666,44.95901666666666,False,0.0,,,,,,,,
I-395 NB,26785,4,0.778625,2200.0,8800.0,0.0,0.0,0.0,30268.16576195341,65.51533333333333,45.86073333333333,False,0.0,,,,,,,,
I-395 NB,26812,3,0.095046,2200.0,6600.0,0.0,0.0,0.0,22660.255636270012,61.50416666666666,43.05291666666666,False,0.0,,,,,,,,
I-395 NB,26822,2,0.02384,2200.0,4400.0,7921.284934367122,15842.569868734245,3.6005840610759647,15842.569868734245,58.19111111111111,40.733777777777775,True,5.5321105075,14:11,17:30,19:43,20.43422222222222,0.673518327256635,3.150292487934311,3.9529064282742357,"episode runs past the PM window, as most do"
I-395 NB,26825,3,0.273911,2200.0,6600.0,6109.594130529825,18328.782391589473,2.7770882411499205,18328.782391589473,52.44157780508178,36.70910446355724,True,7.358937995555555,12:51,17:30,20:12,9.56641891988262,0.583702156454885,1.9313507316532448,2.4026270551373003,"episode runs past the PM window, as most do"
I-395 NB,26830,2,0.080932,2200.0,4400.0,5489.109352787476,10978.218705574953,2.495049705812489,10978.218705574953,51.17711111111111,35.82397777777778,True,9.04712972611111,11:27,17:30,20:30,8.138888888888888,0.49798493481523665,1.1656237481878438,1.55693117136644,episode spans the morning peak too; P is an all-day figure
I-395 NB,28025,4,0.924456,2200.0,8800.0,5425.0264361896,21700.1057447584,2.465921107358909,34211.83320096503,66.91788888888888,46.842522222222215,True,2.4630188763888885,16:13,18:00,18:41,37.24977777777777,0.39012200332765673,1.063068179586726,1.3877318647164953,
I-395 NB,28270,4,0.586105,2200.0,8800.0,3282.362432507185,13129.44973002874,1.4919829238669022,33791.436991253315,67.11566666666667,46.98096666666667,True,1.4711931697222222,16:58,17:45,18:26,41.926,0.8951640597371214,0.31501655812893264,0.3949254642383656,
I-395 NB,28285,4,0.596275,2200.0,8800.0,3791.5189600160056,15166.075840064022,1.7234177090981844,34665.30554120279,65.56405555555557,45.8948388888889,True,1.806475975277778,16:54,17:45,18:43,37.65577777777778,1.1671580675906774,0.5650462440694183,0.6794551485531433,
I-395 NB,28294,4,0.3436,2200.0,8800.0,3746.2098984642193,14984.839593856877,1.7028226811200997,34148.961281479256,66.94288888888889,46.86002222222222,True,1.8098321622222222,16:55,17:45,18:44,35.43533333333334,1.192509779457545,1.016351200904212,1.270531385903735,
I-395 NB,28303,4,0.704235,2200.0,8800.0,3237.8849092395803,12951.539636958321,1.471765867836173,34326.929945013966,67.20616666666668,47.04431666666667,True,1.8431748552777778,16:52,17:45,18:42,38.31755555555555,1.0992145926029164,1.388374182555086,1.6414511191860106,
I-395 NB,29007,4,0.27347,2200.0,8800.0,7377.808005528865,29511.23202211546,3.3535490934222114,29511.23202211546,64.2635,44.984449999999995,True,12.856838184444445,06:32,17:00,19:24,19.915333333333336,0.22982573962079572,4.252693314248818,5.635954293413401,episode spans the morning peak too; P is an all-day figure
I-395 NB,29361,4,1.621245,2200.0,8800.0,7415.308675134408,29661.234700537632,3.370594852333822,29661.234700537632,65.26299999999999,45.684099999999994,True,4.8314856369444446,14:18,17:30,19:08,15.26666666666666,0.5123754515052564,5.033426797479942,6.034692315893167,"episode runs past the PM window, as most do"
I-395 NB,32141,4,1.151222,2200.0,8800.0,1646.0420604308874,6584.16824172355,0.7482009365594943,34564.811255847926,66.07944444444443,46.2556111111111,False,0.0,,,,,,,,
I-395 NB,32601,4,0.647875,2200.0,8800.0,7548.793804471392,30195.175217885568,3.4312699111233598,34594.356270777964,65.08833333333332,45.561833333333325,True,3.604855220277778,15:25,17:30,19:01,34.748,0.7314370632358567,1.0752168859634215,1.336420332774562,
I-395 SB,26471,3,0.24169,2200.0,6600.0,0.0,0.0,0.0,24790.771705668994,50.84182941275405,35.589280588927835,False,0.0,,,,,,,,
I-395 SB,26712,6,0.189735,2200.0,13200.0,0.0,0.0,0.0,51719.54687410772,51.42655555555555,35.99858888888888,False,0.0,,,,,,,,
I-395 SB,26759,4,0.59288,2200.0,8800.0,6851.089775371948,27404.359101487793,3.114131716078158,33850.91549581985,60.45061111111111,42.31542777777777,True,3.2382549183333333,15:13,15:45,18:27,27.590666666666664,5.090479381030939,2.0116406026513203,2.4190172769300644,
I-395 SB,26764,4,0.223822,2200.0,8800.0,6222.577513727064,24890.310054908256,2.8284443244213926,33588.94588945208,59.35461111111111,41.548227777777775,True,3.2610082669444442,15:16,17:45,18:31,28.12244444444445,0.3134003828025915,2.5259860911526753,3.709906954230307,
I-395 SB,26776,4,0.539375,2200.0,8800.0,6197.400642822427,24789.602571289706,2.817000292192012,33491.8515783175,61.56772222222222,43.097405555555554,True,3.2453537563888886,15:17,17:30,18:32,29.115777777777776,0.46740264760128614,2.596154709185155,3.884962703591794,
I-395 SB,26781,4,0.075065,2200.0,8800.0,6199.692721576641,24798.770886306564,2.8180421461712,33549.20608364936,63.10066666666667,44.17046666666666,True,3.3575483349999997,15:16,17:30,18:37,29.906888888888897,0.5053642923539019,2.75249234260458,3.936856760434402,
I-395 SB,26792,4,0.626954,2200.0,8800.0,7733.541187134232,30934.16474853693,3.5152459941519236,33132.28554337105,63.44666666666667,44.41266666666667,True,3.980383832222222,14:50,17:45,18:49,28.813333333333333,0.36815041294529144,2.825846921643053,3.893315008502918,
I-395 SB,26796,4,0.481819,2200.0,8800.0,7421.233722175302,29684.93488870121,3.3732880555342284,29684.93488870121,64.55691666666667,45.189841666666666,True,4.731945048333333,14:14,15:45,18:58,19.74711111111111,2.1504136516083747,5.106726422769587,6.3910547872967856,"episode runs past the PM window, as most do"
I-395 SB,26809,3,1.063231,2200.0,6600.0,7273.175282503171,21819.52584750951,3.3059887647741686,23457.42857508152,58.924055555555555,41.24683888888889,True,3.8261844405555556,14:53,15:45,18:43,20.850222222222225,3.4567568433545497,3.3123128209900607,4.396737289388679,
I-395 SB,26827,2,0.031164,2200.0,4400.0,0.0,0.0,0.0,14397.807734112655,54.52861111111111,38.170027777777776,False,0.0,,,,,,,,
I-395 SB,26829,3,0.246745,2200.0,6600.0,0.0,0.0,0.0,23086.305805222968,51.975535325980786,36.38287472818655,False,0.0,,,,,,,,
I-395 SB,28283,4,0.771707,2200.0,8800.0,0.0,0.0,0.0,33946.511889833266,63.590666666666664,44.51346666666666,False,0.0,,,,,,,,
I-395 SB,28289,4,0.922212,2200.0,8800.0,6383.896825625237,25535.58730250095,2.901771284375108,34265.250705026636,64.39116666666666,45.07381666666666,True,3.4537893044444443,15:02,15:45,18:30,32.27488888888889,3.9208198891109585,1.354672273775255,1.6346660297653586,
I-395 SB,28302,4,0.76605,2200.0,8800.0,6100.773333208978,24403.093332835913,2.773078787822263,32986.29754619746,63.196999999999996,44.237899999999996,True,3.251998789166667,15:06,15:45,18:21,22.20866666666667,4.028105336057773,2.5765981849696753,3.3519531671291163,
I-395 SB,28307,4,0.122184,2200.0,8800.0,6368.194099151344,25472.776396605375,2.894633681432429,34026.87265067402,60.73838888888889,42.51687222222222,True,3.1006261952777776,15:14,15:45,18:20,27.51155555555556,5.023623744444386,2.0990747911096577,2.7752513062073056,
I-395 SB,32603,3,1.301767,2200.0,6600.0,0.0,0.0,0.0,25438.278884151456,64.42027777777778,45.09419444444445,False,0.0,,,,,,,,
I-395 SB,32610,3,0.183298,2200.0,6600.0,0.0,0.0,0.0,25819.996255579183,64.0265,44.818549999999995,False,0.0,,,,,,,,
I-395 SB,32611,4,0.508993,2200.0,8800.0,0.0,0.0,0.0,34212.7372060645,64.09511111111112,44.866577777777785,False,0.0,,,,,,,,
I-395 SB,32623,3,1.053164,2200.0,6600.0,0.0,0.0,0.0,24778.27455774728,64.74341666666666,45.32039166666666,False,0.0,,,,,,,,
I-66 EB,25608,2,0.458194,2200.0,4400.0,6007.75324213226,12015.50648426452,2.7307969282419364,12015.50648426452,63.683037636632164,44.57812634564251,True,5.722267238055555,13:51,17:15,19:35,13.431797152233772,0.6900834678779192,2.1768523171890046,3.115925818374003,"episode runs past the PM window, as most do"
I-66 EB,25947,2,0.25864,2200.0,4400.0,0.0,0.0,0.0,15493.439134579672,50.858000000000004,35.6006,False,0.0,,,,,,,,
I-66 EB,26049,2,0.87601,2200.0,4400.0,8034.059248939508,16068.118497879015,3.6518451131543217,16068.118497879015,64.24372222222222,44.97060555555555,True,5.652747490555555,13:52,17:15,19:31,28.92311111111111,0.6713434895094065,2.1763258910086685,3.0136120279401517,"episode runs past the PM window, as most do"
I-66 EB,26183,3,0.241782,2200.0,6600.0,7142.312642234901,21426.937926704704,3.24650574647041,21426.937926704704,66.26716666666667,46.38701666666667,True,4.243136478888889,14:49,16:45,19:04,15.005333333333331,1.2057768005220426,3.706497490823205,4.430381121170222,"episode runs past the PM window, as most do"
I-66 EB,26303,3,0.100721,2200.0,6600.0,0.0,0.0,0.0,25183.453514966153,53.55469909586266,37.48828936710386,False,0.0,,,,,,,,
I-66 EB,26306,1,0.160698,2200.0,2200.0,0.0,0.0,0.0,8665.580861649956,53.57538888888889,37.50277222222222,False,0.0,,,,,,,,
I-66 EB,26322,3,1.550586,2200.0,6600.0,6146.5553042607025,18439.665912782108,2.7938887746639556,18439.665912782108,65.14866666666666,45.604066666666654,True,5.1659378175,14:10,17:00,19:20,13.464666666666668,0.8298072242328028,2.2806510906785027,2.961875490502116,"episode runs past the PM window, as most do"
I-66 EB,26732,4,0.292825,2200.0,8800.0,6378.401442159789,25513.605768639158,2.899273382799904,32075.614132677994,66.86176737387197,46.80323716171038,True,3.4886711605555556,15:21,17:45,18:51,21.904719448696444,0.4630833750967871,1.3366629888781962,1.6432419833918928,
I-66 EB,26735,3,0.257485,2200.0,6600.0,7100.9338317329,21302.8014951987,3.2276971962422274,22951.110589248692,67.0105,46.907349999999994,True,3.8824049791666666,15:04,17:45,18:57,18.640222222222224,0.4501888527339945,2.2696708313405565,2.6901758078158027,
I-66 EB,26736,3,0.313435,2200.0,6600.0,6644.754992684346,19934.264978053037,3.0203431784928845,19934.264978053037,66.40311111111112,46.48217777777778,True,4.596574149166667,14:34,16:45,19:10,13.001777777777777,1.1198011350549142,2.8555972446922295,3.3566421267052102,"episode runs past the PM window, as most do"
I-66 EB,26747,2,0.189147,2200.0,4400.0,549.82928042021,1099.65856084042,0.24992240019100456,17129.909756345463,57.72388888888889,40.40672222222222,False,0.0,,,,,,,,
I-66 EB,26753,3,0.221555,2200.0,6600.0,5950.810116421433,17852.4303492643,2.7049136892824697,17852.4303492643,64.2041111111111,44.94287777777777,True,5.60228737,13:57,17:30,19:33,13.13155555555555,0.5841701525698495,2.2289922265101185,3.693458948236122,"episode runs past the PM window, as most do"
I-66 EB,31353,2,0.499725,2200.0,4400.0,1097.5481356643409,2195.0962713286817,0.49888551621106403,17512.388858255625,65.74294444444445,46.02006111111111,False,0.0,,,,,,,,
I-66 EB,31357,4,0.076959,2200.0,8800.0,1645.875194226442,6583.500776905768,0.7481250882847464,35127.18733077887,66.06477777777778,46.24534444444444,False,0.0,,,,,,,,
I-66 EB,31384,2,0.771709,2200.0,4400.0,549.234259281772,1098.468518563544,0.2496519360371691,15785.16478634893,66.72288888888889,46.70602222222222,False,0.0,,,,,,,,
I-66 EB,31781,4,1.428297,2200.0,8800.0,0.0,0.0,0.0,34452.05905582344,64.69166666666666,45.284166666666664,False,0.0,,,,,,,,
I-66 EB,31790,4,1.064303,2200.0,8800.0,4390.216013200339,17560.864052801357,1.9955527332728815,35107.06196398358,67.07655555555556,46.95358888888889,False,0.0,,,,,,,,
I-66 EB,31795,4,0.994511,2200.0,8800.0,4931.51019942271,19726.04079769084,2.241595545192141,35003.12254221639,67.47683333333335,47.23378333333334,False,0.0,,,,,,,,
I-66 EB,31800,4,1.044581,2200.0,8800.0,8327.043038601578,33308.17215440631,3.7850195630007173,33308.17215440631,65.69022222222222,45.98315555555555,False,0.0,,,,,,,,
I-66 EB,31804,4,0.885011,2200.0,8800.0,8452.741334279293,33810.96533711717,3.8421551519451334,33810.96533711717,67.72333333333333,47.40633333333333,True,4.8410008130555555,14:06,15:00,18:56,30.296222222222223,4.425322312829369,4.870070360412143,5.999917298426822,"episode runs past the PM window, as most do"
I-66 EB,31829,4,0.453427,2200.0,8800.0,0.0,0.0,0.0,29272.26440726,63.261,44.2827,False,0.0,,,,,,,,
I-66 EB,31833,3,0.45031,2200.0,6600.0,0.0,0.0,0.0,20900.278777280426,65.56233333333333,45.89363333333333,False,0.0,,,,,,,,
I-66 EB,32561,2,0.146205,2200.0,4400.0,4480.598703205911,8961.197406411822,2.036635774184505,16479.65802756796,67.24633333333334,47.072433333333336,True,2.5323817208333335,16:03,17:00,18:35,25.346888888888884,1.6816732096822944,0.6673830805190842,0.9021814653584019,
I-66 EB,32563,4,0.160492,2200.0,8800.0,5521.601409478446,22086.405637913784,2.5098188224902027,32971.792953270255,66.84833333333334,46.79383333333334,True,2.778971251388889,15:51,17:00,18:38,24.716222222222225,1.443984922964457,0.7618140255759982,0.8617706230448582,
I-66 EB,32564,4,0.936293,2200.0,8800.0,5548.96925906488,22195.87703625952,2.5222587541204002,33072.9366953402,65.35966666666668,45.751766666666676,True,2.8976755155555556,15:47,17:30,18:41,24.389555555555557,0.7022676586984145,1.0819738179803684,1.4576514267251865,
I-66 EB,32572,2,0.672258,2200.0,4400.0,3207.8568950313766,6415.713790062753,1.4581167704688076,16369.498730031542,68.17722222222223,47.72405555555556,True,1.737461045,16:34,17:15,18:18,36.833555555555556,1.5696877461617313,1.0916092263707071,1.4340019290138508,
I-66 EB,32856,2,0.491758,2200.0,4400.0,3259.57991959239,6519.15983918478,1.4816272361783591,16903.596103913704,67.62494444444445,47.33746111111111,True,1.4224650930555558,17:27,18:00,18:52,38.47466666666667,1.5929321208443346,1.7120234500454028,2.001913731518386,
I-66 EB,35787,4,0.337366,2200.0,8800.0,4854.604488444659,19418.417953778637,2.2066384038384816,34479.82917181341,68.36355555555556,47.854488888888895,True,1.2967383297222221,14:26,15:00,15:44,37.449999999999996,1.33112609514239,1.0889305325878098,1.3581084816456153,
I-66 EB,38167,3,0.451882,2200.0,6600.0,0.0,0.0,0.0,18150.412633169086,68.71616666666667,48.10131666666666,False,0.0,,,,,,,,
I-66 EB,39146,2,4.297312,2200.0,4400.0,0.0,0.0,0.0,13741.647454418879,68.27627777777779,47.79339444444445,False,0.0,,,,,,,,
I-66 EB,39157,3,2.210167,2200.0,6600.0,0.0,0.0,0.0,18934.278337799973,68.53777777777779,47.97644444444445,False,0.0,,,,,,,,
I-66 WB,25946,3,0.205955,2200.0,6600.0,0.0,0.0,0.0,10725.021941007673,51.31461113529934,35.92022779470953,False,0.0,,,,,,,,
I-66 WB,26055,2,0.20361,2200.0,4400.0,0.0,0.0,0.0,10496.402382794717,64.79527777777778,45.35669444444444,False,0.0,,,,,,,,
I-66 WB,26177,3,0.462016,2200.0,6600.0,549.6426470744706,1648.9279412234118,0.24983756685203207,18242.901159308894,62.95655555555555,44.06958888888889,False,0.0,,,,,,,,
I-66 WB,26309,1,0.061044,2200.0,2200.0,0.0,0.0,0.0,3565.229623609112,51.12961111111111,35.790727777777775,False,0.0,,,,,,,,
I-66 WB,26313,2,0.276665,2200.0,4400.0,0.0,0.0,0.0,13008.806815462702,49.68811111111111,34.78167777777777,False,0.0,,,,,,,,
I-66 WB,26370,3,1.544877,2200.0,6600.0,527.1093945202114,1581.328183560634,0.2395951793273688,17745.494631316054,63.72747628629211,44.60923340040448,False,0.0,,,,,,,,
I-66 WB,26720,2,1.068473,2200.0,4400.0,0.0,0.0,0.0,8402.48727056554,58.493066491169344,40.94514654381854,False,0.0,,,,,,,,
I-66 WB,26723,3,0.18464,2200.0,6600.0,0.0,0.0,0.0,13556.961904623575,62.006388888888885,43.40447222222222,False,0.0,,,,,,,,
I-66 WB,26724,3,0.863407,2200.0,6600.0,0.0,0.0,0.0,20169.068172892417,62.51094444444444,43.757661111111105,False,0.0,,,,,,,,
I-66 WB,26726,2,0.327617,2200.0,4400.0,0.0,0.0,0.0,10945.558698489956,64.04905555555555,44.83433888888889,False,0.0,,,,,,,,
I-66 WB,26727,3,0.260712,2200.0,6600.0,0.0,0.0,0.0,17852.5007819802,64.07916666666667,44.85541666666666,False,0.0,,,,,,,,
I-66 WB,31350,2,0.547911,2200.0,4400.0,7808.228529778589,15616.457059557179,3.549194786262995,15616.457059557179,66.07877777777777,46.25514444444444,True,5.751211996388888,13:13,17:15,18:58,25.475333333333335,0.42834265914670505,1.85836110347529,2.2512046970491055,"episode runs past the PM window, as most do"
I-66 WB,31404,2,0.578458,2200.0,4400.0,5899.393778714702,11798.787557429405,2.681542626688501,11798.787557429405,66.30013888888888,46.41009722222221,True,5.535120181666667,14:12,18:00,19:44,12.44,0.4572098393127667,3.1619523772076206,5.2956736050080995,"episode runs past the PM window, as most do"
I-66 WB,31416,2,4.167976,2200.0,4400.0,6656.123984331753,13312.247968663505,3.0255109019689783,16603.97626835284,67.71938888888889,47.403572222222216,True,3.658862978888889,15:43,18:00,19:22,26.97533333333334,0.6060029431429166,1.5029171885031565,1.9575069036705957,
I-66 WB,31999,4,1.729679,2200.0,8800.0,7237.5375664991725,28950.15026599669,3.2897898029541692,31122.3812741113,67.4448888888889,47.211422222222225,False,0.0,,,,,,,,
I-66 WB,32029,4,1.332622,2200.0,8800.0,7744.806306595009,30979.225226380036,3.5203665029977316,30979.225226380036,67.14961111111111,47.004727777777774,True,6.136824286111111,13:12,15:30,19:21,27.377333333333336,1.6843322642325969,4.137121239401555,5.905684692072605,"episode runs past the PM window, as most do"
I-66 WB,32031,4,0.688515,2200.0,8800.0,8548.804760947449,34195.219043789795,3.885820345885204,34195.219043789795,66.58772222222223,46.61140555555556,True,5.858907506666667,13:27,18:15,19:18,36.312444444444445,0.22089917423731462,1.8632437504581842,2.3021194242491823,"episode runs past the PM window, as most do"
I-66 WB,32032,4,1.295447,2200.0,8800.0,0.0,0.0,0.0,34889.88569251982,65.77038888888889,46.039272222222216,False,0.0,,,,,,,,
I-66 WB,32037,4,1.067945,2200.0,8800.0,5697.56205079817,22790.24820319268,2.5898009321809865,33559.29833757905,67.13561111111112,46.99492777777778,True,3.1306199738888894,15:02,16:15,18:10,29.77333333333334,1.6046483711161361,1.4130849564041883,1.6422426023155616,
I-66 WB,32038,5,0.798703,2200.0,11000.0,7577.474514372933,37887.37257186467,3.4443065974422424,40634.96356101487,66.42075,46.494524999999996,True,3.805562691388889,14:59,17:30,18:47,27.075999999999993,0.5181678186053673,2.9019837364974697,3.8829938895824645,
I-66 WB,32044,3,0.488674,2200.0,6600.0,6510.274337915243,19530.82301374573,2.9592156081432925,19530.82301374573,67.565,47.2955,True,5.556759407222222,14:14,18:00,19:47,14.418000000000001,0.4755049690078423,2.4741998508724583,3.3999580108721026,"episode runs past the PM window, as most do"
I-66 WB,32846,2,1.425584,2200.0,4400.0,6976.261929824438,13952.523859648876,3.171028149920199,13952.523859648876,67.29283333333333,47.10498333333333,True,4.687905309444445,14:35,18:00,19:16,18.10377777777778,0.3744672155152459,3.8035358660797733,5.572494496660723,"episode runs past the PM window, as most do"
I-66 WB,35781,2,0.5476380000000001,2200.0,4400.0,7588.206479303505,15176.41295860701,3.449184763319775,15176.41295860701,65.6123221640526,45.92862551483682,True,6.153379681944444,13:04,15:45,19:13,23.92590938657071,1.3006693141357069,3.1000293439444397,4.323317352838542,"episode runs past the PM window, as most do"
