t_min,link_id_x,handoff_link_id,role,observed,assigned_odme,GEH,link_id_y,q_vph
300,1,1.0,mainline,2108.4,2085.8,0.49,1,2108.4
300,2,2.0,mainline,2048.4,2009.2,0.87,2,2048.4
300,3,3.0,mainline,1517.6,1573.2,1.41,3,1517.6
300,4,4.0,mainline,1637.6,1652.6,0.37,4,1637.6
300,5,5.0,mainline,1816.0,1805.3,0.25,5,1816.0
300,6,6.0,mainline,1696.4,1687.4,0.22,6,1696.4
300,7,7.0,mainline,1750.0,1730.1,0.48,7,1750.0
300,8,8.0,mainline,1444.4,1435.6,0.23,8,1444.4
300,9,9.0,mainline,1584.8,1566.4,0.46,9,1584.8
300,10,10.0,mainline,2125.2,2102.3,0.5,10,2125.2
300,11,11.0,mainline,1918.8,1906.5,0.28,11,1918.8
300,12,12.0,mainline,2136.0,2115.4,0.45,12,2136.0
300,13,13.0,mainline,2130.8,2111.8,0.41,13,2130.8
300,14,14.0,mainline,1954.0,1942.5,0.26,14,1954.0
300,15,15.0,mainline,2076.8,2055.6,0.47,15,2076.8
300,16,16.0,mainline,1496.8,1486.5,0.27,16,1496.8
300,17,17.0,mainline,1828.4,1809.0,0.46,17,1828.4
300,18,18.0,mainline,1739.6,1724.5,0.36,18,1739.6
300,19,19.0,mainline,1584.4,1584.3,0.0,19,1584.4
300,20,20.0,mainline,1715.6,1708.5,0.17,20,1715.6
300,21,21.0,mainline,1455.6,1471.8,0.42,21,1455.6
300,22,22.0,mainline,1807.2,1798.5,0.21,22,1807.2
300,23,23.0,mainline,1980.0,1962.6,0.39,23,1980.0
315,1,1.0,mainline,2122.0,2108.4,0.3,1,2122.0
315,2,2.0,mainline,2116.4,2093.2,0.5,2,2116.4
315,3,3.0,mainline,1752.4,1786.3,0.81,3,1752.4
315,4,4.0,mainline,1875.6,1881.8,0.14,4,1875.6
315,5,5.0,mainline,1991.2,1983.3,0.18,5,1991.2
315,6,6.0,mainline,1791.6,1788.6,0.07,6,1791.6
315,7,7.0,mainline,1842.0,1826.9,0.35,7,1842.0
315,8,8.0,mainline,1607.2,1597.8,0.24,8,1607.2
315,9,9.0,mainline,1751.2,1736.3,0.36,9,1751.2
315,10,10.0,mainline,2136.8,2120.9,0.35,10,2136.8
315,11,11.0,mainline,2005.6,1995.0,0.24,11,2005.6
315,12,12.0,mainline,2136.0,2121.3,0.32,12,2136.0
315,13,13.0,mainline,2134.0,2120.3,0.3,13,2134.0
315,14,14.0,mainline,2009.6,2000.8,0.2,14,2009.6
315,15,15.0,mainline,2110.8,2096.4,0.31,15,2110.8
315,16,16.0,mainline,1665.6,1659.7,0.14,16,1665.6
315,17,17.0,mainline,1898.4,1884.8,0.31,17,1898.4
315,18,18.0,mainline,1896.0,1883.8,0.28,18,1896.0
315,19,19.0,mainline,1722.4,1721.7,0.02,19,1722.4
315,20,20.0,mainline,1934.4,1925.6,0.2,20,1934.4
315,21,21.0,mainline,1706.0,1711.3,0.13,21,1706.0
315,22,22.0,mainline,1999.6,1990.8,0.2,22,1999.6
315,23,23.0,mainline,2079.6,2068.6,0.24,23,2079.6
330,1,1.0,mainline,2137.2,2137.2,0.0,1,2137.2
330,2,2.0,mainline,2114.0,2106.1,0.17,2,2114.0
330,3,3.0,mainline,1849.2,1877.6,0.66,3,1849.2
330,4,4.0,mainline,1954.0,1968.3,0.32,4,1954.0
330,5,5.0,mainline,2064.8,2072.0,0.16,5,2064.8
330,6,6.0,mainline,1882.8,1890.5,0.18,6,1882.8
330,7,7.0,mainline,1885.2,1891.5,0.14,7,1885.2
330,8,8.0,mainline,1697.6,1709.7,0.29,8,1697.6
330,9,9.0,mainline,1886.0,1893.7,0.18,9,1886.0
330,10,10.0,mainline,2099.6,2108.9,0.2,10,2099.6
330,11,11.0,mainline,2050.4,2060.7,0.23,11,2050.4
330,12,12.0,mainline,2085.2,2095.6,0.23,12,2085.2
330,13,13.0,mainline,2131.2,2142.8,0.25,13,2131.2
330,14,14.0,mainline,2042.0,2055.2,0.29,14,2042.0
330,15,15.0,mainline,2112.0,2122.7,0.23,15,2112.0
330,16,16.0,mainline,1710.0,1721.8,0.28,16,1710.0
330,17,17.0,mainline,1950.4,1957.4,0.16,17,1950.4
330,18,18.0,mainline,1987.6,1996.2,0.19,18,1987.6
330,19,19.0,mainline,1850.8,1864.8,0.32,19,1850.8
330,20,20.0,mainline,2023.2,2032.0,0.19,20,2023.2
330,21,21.0,mainline,1792.8,1807.9,0.35,21,1792.8
330,22,22.0,mainline,2056.0,2061.0,0.11,22,2056.0
330,23,23.0,mainline,2111.6,2115.1,0.08,23,2111.6
345,1,1.0,mainline,2111.6,2104.2,0.16,1,2111.6
345,2,2.0,mainline,2072.4,2065.9,0.14,2,2072.4
345,3,3.0,mainline,2001.2,1999.7,0.03,3,2001.2
345,4,4.0,mainline,2036.0,2032.6,0.07,4,2036.0
345,5,5.0,mainline,2126.0,2117.9,0.18,5,2126.0
345,6,6.0,mainline,1939.2,1937.8,0.03,6,1939.2
345,7,7.0,mainline,2025.2,2015.4,0.22,7,2025.2
345,8,8.0,mainline,1890.0,1885.5,0.1,8,1890.0
345,9,9.0,mainline,2032.0,2023.2,0.19,9,2032.0
345,10,10.0,mainline,2086.4,2074.3,0.27,10,2086.4
345,11,11.0,mainline,2043.6,2034.7,0.2,11,2043.6
345,12,12.0,mainline,2061.6,2049.2,0.27,12,2061.6
345,13,13.0,mainline,2105.6,2091.6,0.31,13,2105.6
345,14,14.0,mainline,2080.4,2070.4,0.22,14,2080.4
345,15,15.0,mainline,2082.4,2071.4,0.24,15,2082.4
345,16,16.0,mainline,1880.0,1875.8,0.1,16,1880.0
345,17,17.0,mainline,2047.6,2038.7,0.2,17,2047.6
345,18,18.0,mainline,2104.4,2093.9,0.23,18,2104.4
345,19,19.0,mainline,2018.0,2011.3,0.15,19,2018.0
345,20,20.0,mainline,2097.6,2088.4,0.2,20,2097.6
345,21,21.0,mainline,1920.4,1916.6,0.09,21,1920.4
345,22,22.0,mainline,2116.0,2108.5,0.16,22,2116.0
345,23,23.0,mainline,2072.4,2065.5,0.15,23,2072.4
360,1,1.0,mainline,2122.4,2116.6,0.13,1,2122.4
360,2,2.0,mainline,2088.0,2083.2,0.11,2,2088.0
360,3,3.0,mainline,2037.2,2034.8,0.05,3,2037.2
360,4,4.0,mainline,2054.8,2052.3,0.05,4,2054.8
360,5,5.0,mainline,2152.0,2145.9,0.13,5,2152.0
360,6,6.0,mainline,1986.0,1985.4,0.01,6,1986.0
360,7,7.0,mainline,2054.4,2047.6,0.15,7,2054.4
360,8,8.0,mainline,1918.0,1915.9,0.05,8,1918.0
360,9,9.0,mainline,2058.4,2053.0,0.12,9,2058.4
360,10,10.0,mainline,2079.2,2068.5,0.23,10,2079.2
360,11,11.0,mainline,2076.0,2066.1,0.22,11,2076.0
360,12,12.0,mainline,2035.6,2029.3,0.14,12,2035.6
360,13,13.0,mainline,2114.4,2105.2,0.2,13,2114.4
360,14,14.0,mainline,2112.0,2103.5,0.19,14,2112.0
360,15,15.0,mainline,2096.4,2090.4,0.13,15,2096.4
360,16,16.0,mainline,1940.0,1936.7,0.07,16,1940.0
360,17,17.0,mainline,2084.8,2078.7,0.13,17,2084.8
360,18,18.0,mainline,2123.6,2115.9,0.17,18,2123.6
360,19,19.0,mainline,2037.2,2032.4,0.11,19,2037.2
360,20,20.0,mainline,2107.6,2100.6,0.15,20,2107.6
360,21,21.0,mainline,2002.0,1998.0,0.09,21,2002.0
360,22,22.0,mainline,2137.6,2131.6,0.13,22,2137.6
360,23,23.0,mainline,2079.2,2076.6,0.06,23,2079.2
375,1,1.0,mainline,2110.8,2109.0,0.04,1,2110.8
375,2,2.0,mainline,2143.2,2138.5,0.1,2,2143.2
375,3,3.0,mainline,2104.0,2102.1,0.04,3,2104.0
375,4,4.0,mainline,2097.2,2094.6,0.06,4,2097.2
375,5,5.0,mainline,2143.6,2139.4,0.09,5,2143.6
375,6,6.0,mainline,2069.2,2066.4,0.06,6,2069.2
375,7,7.0,mainline,2104.0,2099.3,0.1,7,2104.0
375,8,8.0,mainline,2012.8,2010.2,0.06,8,2012.8
375,9,9.0,mainline,2116.0,2110.9,0.11,9,2116.0
375,10,10.0,mainline,1991.6,1988.9,0.06,10,1991.6
375,11,11.0,mainline,2092.4,2087.2,0.11,11,2092.4
375,12,12.0,mainline,1902.4,1901.3,0.02,12,1902.4
375,13,13.0,mainline,2061.2,2056.0,0.11,13,2061.2
375,14,14.0,mainline,2125.6,2120.0,0.12,14,2125.6
375,15,15.0,mainline,2145.6,2140.2,0.12,15,2145.6
375,16,16.0,mainline,1988.8,1984.9,0.09,16,1988.8
375,17,17.0,mainline,2136.0,2131.1,0.11,17,2136.0
375,18,18.0,mainline,2154.0,2148.1,0.13,18,2154.0
375,19,19.0,mainline,2116.0,2112.3,0.08,19,2116.0
375,20,20.0,mainline,2124.4,2120.1,0.09,20,2124.4
375,21,21.0,mainline,2072.8,2071.0,0.04,21,2072.8
375,22,22.0,mainline,2128.4,2124.2,0.09,22,2128.4
375,23,23.0,mainline,2129.2,2125.8,0.07,23,2129.2
390,1,1.0,mainline,2098.4,2095.3,0.07,1,2098.4
390,2,2.0,mainline,2130.8,2126.1,0.1,2,2130.8
390,3,3.0,mainline,2093.6,2091.7,0.04,3,2093.6
390,4,4.0,mainline,2113.2,2106.0,0.16,4,2113.2
390,5,5.0,mainline,2053.6,2050.4,0.07,5,2053.6
390,6,6.0,mainline,2107.6,2103.1,0.1,6,2107.6
390,7,7.0,mainline,2128.8,2121.7,0.15,7,2128.8
390,8,8.0,mainline,2080.0,2075.1,0.11,8,2080.0
390,9,9.0,mainline,2131.6,2125.7,0.13,9,2131.6
390,10,10.0,mainline,1951.2,1949.6,0.04,10,1951.2
390,11,11.0,mainline,2111.6,2104.1,0.16,11,2111.6
390,12,12.0,mainline,1850.8,1849.7,0.03,12,1850.8
390,13,13.0,mainline,2034.4,2028.6,0.13,13,2034.4
390,14,14.0,mainline,2133.6,2126.0,0.17,14,2133.6
390,15,15.0,mainline,2124.8,2117.0,0.17,15,2124.8
390,16,16.0,mainline,2061.6,2055.0,0.15,16,2061.6
390,17,17.0,mainline,2156.8,2147.4,0.2,17,2156.8
390,18,18.0,mainline,2145.2,2138.2,0.15,18,2145.2
390,19,19.0,mainline,2139.2,2134.4,0.1,19,2139.2
390,20,20.0,mainline,2092.4,2089.4,0.06,20,2092.4
390,21,21.0,mainline,2126.4,2121.8,0.1,21,2126.4
390,22,22.0,mainline,2076.4,2075.4,0.02,22,2076.4
390,23,23.0,mainline,2134.4,2131.0,0.07,23,2134.4
405,1,1.0,mainline,2092.4,2091.8,0.01,1,2092.4
405,2,2.0,mainline,2139.2,2141.3,0.05,2,2139.2
405,3,3.0,mainline,1986.4,1997.8,0.26,3,1986.4
405,4,4.0,mainline,2111.6,2117.9,0.14,4,2111.6
405,5,5.0,mainline,1974.4,1984.4,0.22,5,1974.4
405,6,6.0,mainline,2143.2,2150.6,0.16,6,2143.2
405,7,7.0,mainline,2141.2,2148.3,0.15,7,2141.2
405,8,8.0,mainline,2136.0,2142.6,0.14,8,2136.0
405,9,9.0,mainline,2091.6,2096.7,0.11,9,2091.6
405,10,10.0,mainline,1876.8,1888.7,0.28,10,1876.8
405,11,11.0,mainline,2114.4,2117.7,0.07,11,2114.4
405,12,12.0,mainline,1761.2,1771.7,0.25,12,1761.2
405,13,13.0,mainline,2003.2,2009.6,0.14,13,2003.2
405,14,14.0,mainline,2139.6,2146.6,0.15,14,2139.6
405,15,15.0,mainline,2129.6,2134.6,0.11,15,2129.6
405,16,16.0,mainline,2104.8,2109.5,0.1,16,2104.8
405,17,17.0,mainline,2173.6,2178.1,0.1,17,2173.6
405,18,18.0,mainline,2087.2,2091.0,0.08,18,2087.2
405,19,19.0,mainline,2114.4,2116.3,0.04,19,2114.4
405,20,20.0,mainline,2101.2,2103.7,0.05,20,2101.2
405,21,21.0,mainline,2070.4,2075.5,0.11,21,2070.4
405,22,22.0,mainline,2039.6,2047.5,0.17,22,2039.6
405,23,23.0,mainline,2134.0,2138.1,0.09,23,2134.0
420,1,1.0,mainline,2038.8,2041.1,0.05,1,2038.8
420,2,2.0,mainline,2135.6,2138.8,0.07,2,2135.6
420,3,3.0,mainline,1940.0,1955.7,0.36,3,1940.0
420,4,4.0,mainline,2070.8,2080.7,0.22,4,2070.8
420,5,5.0,mainline,1958.0,1969.6,0.26,5,1958.0
420,6,6.0,mainline,2155.2,2166.2,0.24,6,2155.2
420,7,7.0,mainline,2095.6,2105.6,0.22,7,2095.6
420,8,8.0,mainline,2088.0,2098.2,0.22,8,2088.0
420,9,9.0,mainline,2034.0,2043.2,0.2,9,2034.0
420,10,10.0,mainline,1851.2,1865.9,0.34,10,1851.2
420,11,11.0,mainline,2126.4,2132.2,0.13,11,2126.4
420,12,12.0,mainline,1752.4,1763.2,0.26,12,1752.4
420,13,13.0,mainline,1952.4,1960.8,0.19,13,1952.4
420,14,14.0,mainline,2144.0,2153.0,0.19,14,2144.0
420,15,15.0,mainline,2114.4,2122.6,0.18,15,2114.4
420,16,16.0,mainline,2047.2,2056.2,0.2,16,2047.2
420,17,17.0,mainline,2138.4,2145.8,0.16,17,2138.4
420,18,18.0,mainline,2028.0,2034.3,0.14,18,2028.0
420,19,19.0,mainline,2077.2,2082.2,0.11,19,2077.2
420,20,20.0,mainline,2075.6,2081.2,0.12,20,2075.6
420,21,21.0,mainline,2004.4,2012.6,0.18,21,2004.4
420,22,22.0,mainline,2008.8,2017.5,0.19,22,2008.8
420,23,23.0,mainline,2142.8,2147.5,0.1,23,2142.8
435,1,1.0,mainline,1994.8,1983.4,0.25,1,1994.8
435,2,2.0,mainline,2124.4,2111.6,0.28,2,2124.4
435,3,3.0,mainline,1861.6,1868.2,0.15,3,1861.6
435,4,4.0,mainline,2053.6,2047.0,0.15,4,2053.6
435,5,5.0,mainline,1846.4,1846.1,0.01,5,1846.4
435,6,6.0,mainline,2149.6,2143.0,0.14,6,2149.6
435,7,7.0,mainline,2109.6,2101.4,0.18,7,2109.6
435,8,8.0,mainline,2095.6,2085.6,0.22,8,2095.6
435,9,9.0,mainline,2019.6,2009.0,0.24,9,2019.6
435,10,10.0,mainline,1673.2,1675.2,0.05,10,1673.2
435,11,11.0,mainline,2135.2,2123.7,0.25,11,2135.2
435,12,12.0,mainline,1574.0,1576.6,0.07,12,1574.0
435,13,13.0,mainline,1848.4,1842.4,0.14,13,1848.4
435,14,14.0,mainline,2158.0,2149.0,0.19,14,2158.0
435,15,15.0,mainline,2078.4,2071.7,0.15,15,2078.4
435,16,16.0,mainline,2066.8,2058.4,0.18,16,2066.8
435,17,17.0,mainline,2119.6,2111.8,0.17,17,2119.6
435,18,18.0,mainline,1995.2,1990.7,0.1,18,1995.2
435,19,19.0,mainline,2063.6,2057.4,0.14,19,2063.6
435,20,20.0,mainline,2063.6,2057.4,0.14,20,2063.6
435,21,21.0,mainline,1970.4,1966.0,0.1,21,1970.4
435,22,22.0,mainline,1985.2,1983.5,0.04,22,1985.2
435,23,23.0,mainline,2163.6,2154.9,0.19,23,2163.6
450,1,1.0,mainline,1764.4,1742.6,0.52,1,1764.4
450,2,2.0,mainline,1986.4,1968.2,0.41,2,1986.4
450,3,3.0,mainline,1776.4,1775.3,0.03,3,1776.4
450,4,4.0,mainline,2037.6,2022.5,0.34,4,2037.6
450,5,5.0,mainline,1680.8,1686.4,0.14,5,1680.8
450,6,6.0,mainline,2142.0,2125.2,0.36,6,2142.0
450,7,7.0,mainline,2109.2,2087.5,0.47,7,2109.2
450,8,8.0,mainline,2127.2,2109.3,0.39,8,2127.2
450,9,9.0,mainline,1935.6,1919.9,0.36,9,1935.6
450,10,10.0,mainline,1436.8,1450.2,0.35,10,1436.8
450,11,11.0,mainline,2180.4,2153.9,0.57,11,2180.4
450,12,12.0,mainline,1425.2,1434.9,0.26,12,1425.2
450,13,13.0,mainline,1594.0,1584.1,0.25,13,1594.0
450,14,14.0,mainline,2184.4,2161.0,0.5,14,2184.4
450,15,15.0,mainline,1886.0,1879.0,0.16,15,1886.0
450,16,16.0,mainline,2089.6,2070.9,0.41,16,2089.6
450,17,17.0,mainline,2118.0,2099.3,0.41,17,2118.0
450,18,18.0,mainline,1896.4,1884.0,0.28,18,1896.4
450,19,19.0,mainline,2056.0,2037.5,0.41,19,2056.0
450,20,20.0,mainline,2068.8,2053.9,0.33,20,2068.8
450,21,21.0,mainline,1930.4,1919.4,0.25,21,1930.4
450,22,22.0,mainline,1764.0,1761.7,0.05,22,1764.0
450,23,23.0,mainline,2112.8,2091.3,0.47,23,2112.8
465,1,1.0,mainline,1583.6,1576.7,0.17,1,1583.6
465,2,2.0,mainline,1747.6,1755.7,0.19,2,1747.6
465,3,3.0,mainline,1764.8,1783.5,0.44,3,1764.8
465,4,4.0,mainline,2075.6,2090.4,0.32,4,2075.6
465,5,5.0,mainline,1632.4,1672.6,0.99,5,1632.4
465,6,6.0,mainline,2087.2,2103.2,0.35,6,2087.2
465,7,7.0,mainline,2100.0,2119.2,0.42,7,2100.0
465,8,8.0,mainline,2171.2,2194.7,0.5,8,2171.2
465,9,9.0,mainline,1879.6,1903.4,0.55,9,1879.6
465,10,10.0,mainline,1366.8,1413.2,1.24,10,1366.8
465,11,11.0,mainline,2175.2,2185.7,0.23,11,2175.2
465,12,12.0,mainline,1391.6,1429.2,1.0,12,1391.6
465,13,13.0,mainline,1446.8,1477.8,0.81,13,1446.8
465,14,14.0,mainline,2189.6,2203.2,0.29,14,2189.6
465,15,15.0,mainline,1600.8,1639.4,0.96,15,1600.8
465,16,16.0,mainline,2128.4,2151.4,0.5,16,2128.4
465,17,17.0,mainline,2092.0,2106.9,0.33,17,2092.0
465,18,18.0,mainline,1850.0,1869.4,0.45,18,1850.0
465,19,19.0,mainline,2033.6,2048.6,0.33,19,2033.6
465,20,20.0,mainline,2100.8,2119.8,0.41,20,2100.8
465,21,21.0,mainline,1872.8,1889.7,0.39,21,1872.8
465,22,22.0,mainline,1539.6,1561.0,0.54,22,1539.6
465,23,23.0,mainline,2004.4,1996.5,0.18,23,2004.4
480,1,1.0,mainline,1534.0,1504.0,0.77,1,1534.0
480,2,2.0,mainline,1676.8,1659.8,0.42,2,1676.8
480,3,3.0,mainline,1800.0,1793.7,0.15,3,1800.0
480,4,4.0,mainline,2137.2,2117.9,0.42,4,2137.2
480,5,5.0,mainline,1644.4,1652.1,0.19,5,1644.4
480,6,6.0,mainline,2099.6,2077.4,0.48,6,2099.6
480,7,7.0,mainline,2093.6,2067.6,0.57,7,2093.6
480,8,8.0,mainline,2160.4,2137.1,0.5,8,2160.4
480,9,9.0,mainline,1886.8,1869.6,0.4,9,1886.8
480,10,10.0,mainline,1318.0,1334.6,0.46,10,1318.0
480,11,11.0,mainline,2142.8,2109.4,0.72,11,2142.8
480,12,12.0,mainline,1337.6,1343.5,0.16,12,1337.6
480,13,13.0,mainline,1412.0,1408.7,0.09,13,1412.0
480,14,14.0,mainline,2182.4,2152.2,0.65,14,2182.4
480,15,15.0,mainline,1554.4,1562.5,0.21,15,1554.4
480,16,16.0,mainline,2123.2,2108.4,0.32,16,2123.2
480,17,17.0,mainline,2090.0,2068.1,0.48,17,2090.0
480,18,18.0,mainline,1869.6,1856.0,0.31,18,1869.6
480,19,19.0,mainline,2024.4,2007.0,0.39,19,2024.4
480,20,20.0,mainline,2130.8,2114.6,0.35,20,2130.8
480,21,21.0,mainline,1899.2,1887.6,0.27,21,1899.2
480,22,22.0,mainline,1424.0,1432.0,0.21,22,1424.0
480,23,23.0,mainline,1932.0,1904.0,0.64,23,1932.0
495,1,1.0,mainline,1497.2,1499.1,0.05,1,1497.2
495,2,2.0,mainline,1497.6,1499.1,0.04,2,1497.6
495,3,3.0,mainline,1808.4,1822.6,0.33,3,1808.4
495,4,4.0,mainline,2110.0,2127.9,0.39,4,2110.0
495,5,5.0,mainline,1682.4,1723.9,1.01,5,1682.4
495,6,6.0,mainline,2125.2,2151.4,0.57,6,2125.2
495,7,7.0,mainline,2153.6,2179.2,0.55,7,2153.6
495,8,8.0,mainline,2162.8,2188.8,0.56,8,2162.8
495,9,9.0,mainline,1900.0,1928.2,0.64,9,1900.0
495,10,10.0,mainline,1308.4,1363.9,1.52,10,1308.4
495,11,11.0,mainline,1958.4,1971.6,0.3,11,1958.4
495,12,12.0,mainline,1341.2,1384.3,1.17,12,1341.2
495,13,13.0,mainline,1387.2,1426.7,1.05,13,1387.2
495,14,14.0,mainline,2164.4,2180.8,0.35,14,2164.4
495,15,15.0,mainline,1456.4,1503.9,1.23,15,1456.4
495,16,16.0,mainline,2128.8,2150.0,0.46,16,2128.8
495,17,17.0,mainline,2160.4,2184.6,0.52,17,2160.4
495,18,18.0,mainline,1854.4,1879.7,0.59,18,1854.4
495,19,19.0,mainline,2036.4,2057.2,0.46,19,2036.4
495,20,20.0,mainline,2134.4,2158.0,0.51,20,2134.4
495,21,21.0,mainline,1907.6,1925.3,0.41,21,1907.6
495,22,22.0,mainline,1382.0,1405.0,0.62,22,1382.0
495,23,23.0,mainline,1707.2,1703.6,0.09,23,1707.2
510,1,1.0,mainline,1430.4,1429.0,0.04,1,1430.4
510,2,2.0,mainline,1451.6,1459.0,0.19,2,1451.6
510,3,3.0,mainline,1764.4,1780.5,0.38,3,1764.4
510,4,4.0,mainline,2053.6,2072.6,0.42,4,2053.6
510,5,5.0,mainline,1649.2,1687.6,0.94,5,1649.2
510,6,6.0,mainline,2118.4,2141.2,0.49,6,2118.4
510,7,7.0,mainline,2158.0,2183.1,0.54,7,2158.0
510,8,8.0,mainline,2157.6,2183.1,0.55,8,2157.6
510,9,9.0,mainline,1893.6,1920.7,0.62,9,1893.6
510,10,10.0,mainline,1273.2,1323.9,1.41,10,1273.2
510,11,11.0,mainline,1903.2,1916.4,0.3,11,1903.2
510,12,12.0,mainline,1332.8,1368.4,0.97,12,1332.8
510,13,13.0,mainline,1305.6,1345.6,1.1,13,1305.6
510,14,14.0,mainline,2152.4,2164.8,0.27,14,2152.4
510,15,15.0,mainline,1412.0,1459.3,1.25,15,1412.0
510,16,16.0,mainline,2139.2,2158.7,0.42,16,2139.2
510,17,17.0,mainline,2145.2,2166.8,0.46,17,2145.2
510,18,18.0,mainline,1885.6,1904.7,0.44,18,1885.6
510,19,19.0,mainline,2031.2,2048.1,0.37,19,2031.2
510,20,20.0,mainline,2084.0,2106.2,0.49,20,2084.0
510,21,21.0,mainline,1899.6,1913.1,0.31,21,1899.6
510,22,22.0,mainline,1434.8,1449.2,0.38,22,1434.8
510,23,23.0,mainline,1627.2,1624.7,0.06,23,1627.2
525,1,1.0,mainline,1451.6,1430.6,0.55,1,1451.6
525,2,2.0,mainline,1459.6,1442.6,0.45,2,1459.6
525,3,3.0,mainline,1782.4,1765.4,0.4,3,1782.4
525,4,4.0,mainline,2070.8,2050.1,0.46,4,2070.8
525,5,5.0,mainline,1699.2,1698.2,0.02,5,1699.2
525,6,6.0,mainline,2115.6,2089.3,0.57,6,2115.6
525,7,7.0,mainline,2154.0,2126.9,0.59,7,2154.0
525,8,8.0,mainline,2172.8,2149.2,0.51,8,2172.8
525,9,9.0,mainline,1966.4,1945.6,0.47,9,1966.4
525,10,10.0,mainline,1310.0,1319.3,0.26,10,1310.0
525,11,11.0,mainline,1861.2,1828.4,0.76,11,1861.2
525,12,12.0,mainline,1350.0,1346.0,0.11,12,1350.0
525,13,13.0,mainline,1332.0,1331.2,0.02,13,1332.0
525,14,14.0,mainline,2131.2,2099.5,0.69,14,2131.2
525,15,15.0,mainline,1435.2,1446.8,0.3,15,1435.2
525,16,16.0,mainline,2144.4,2127.5,0.37,16,2144.4
525,17,17.0,mainline,2146.4,2128.9,0.38,17,2146.4
525,18,18.0,mainline,1947.2,1929.0,0.41,18,1947.2
525,19,19.0,mainline,2066.8,2046.5,0.45,19,2066.8
525,20,20.0,mainline,2094.4,2080.4,0.31,20,2094.4
525,21,21.0,mainline,1882.4,1865.3,0.4,21,1882.4
525,22,22.0,mainline,1522.4,1508.4,0.36,22,1522.4
525,23,23.0,mainline,1598.4,1580.4,0.45,23,1598.4
540,1,1.0,mainline,1519.2,1522.6,0.09,1,1519.2
540,2,2.0,mainline,1547.6,1558.7,0.28,2,1547.6
540,3,3.0,mainline,1955.2,1967.8,0.28,3,1955.2
540,4,4.0,mainline,2147.2,2166.6,0.42,4,2147.2
540,5,5.0,mainline,1778.8,1810.8,0.76,5,1778.8
540,6,6.0,mainline,2114.0,2134.1,0.44,6,2114.0
540,7,7.0,mainline,2164.0,2189.5,0.55,7,2164.0
540,8,8.0,mainline,2146.0,2169.6,0.51,8,2146.0
540,9,9.0,mainline,2077.6,2097.2,0.43,9,2077.6
540,10,10.0,mainline,1398.0,1431.9,0.9,10,1398.0
540,11,11.0,mainline,1941.6,1957.1,0.35,11,1941.6
540,12,12.0,mainline,1444.4,1469.0,0.65,12,1444.4
540,13,13.0,mainline,1423.6,1451.5,0.74,13,1423.6
540,14,14.0,mainline,2126.4,2139.4,0.28,14,2126.4
540,15,15.0,mainline,1524.0,1558.0,0.87,15,1524.0
540,16,16.0,mainline,2122.0,2139.4,0.38,16,2122.0
540,17,17.0,mainline,2139.6,2161.5,0.47,17,2139.6
540,18,18.0,mainline,2082.0,2093.1,0.24,18,2082.0
540,19,19.0,mainline,2109.2,2127.8,0.4,19,2109.2
540,20,20.0,mainline,2141.2,2165.9,0.53,20,2141.2
540,21,21.0,mainline,2038.4,2050.6,0.27,21,2038.4
540,22,22.0,mainline,1667.6,1674.2,0.16,22,1667.6
540,23,23.0,mainline,1703.6,1709.9,0.15,23,1703.6
555,1,1.0,mainline,1671.6,1652.7,0.46,1,1671.6
555,2,2.0,mainline,1768.0,1755.5,0.3,2,1768.0
555,3,3.0,mainline,2044.0,2026.3,0.39,3,2044.0
555,4,4.0,mainline,2142.8,2126.4,0.36,4,2142.8
555,5,5.0,mainline,1824.4,1819.9,0.11,5,1824.4
555,6,6.0,mainline,2123.2,2100.6,0.49,6,2123.2
555,7,7.0,mainline,2179.2,2157.6,0.46,7,2179.2
555,8,8.0,mainline,2112.0,2088.2,0.52,8,2112.0
555,9,9.0,mainline,2092.8,2072.5,0.45,9,2092.8
555,10,10.0,mainline,1523.2,1523.8,0.02,10,1523.2
555,11,11.0,mainline,1981.6,1956.1,0.57,11,1981.6
555,12,12.0,mainline,1544.0,1535.7,0.21,12,1544.0
555,13,13.0,mainline,1574.4,1561.5,0.33,13,1574.4
555,14,14.0,mainline,2118.8,2093.5,0.55,14,2118.8
555,15,15.0,mainline,1712.8,1704.8,0.19,15,1712.8
555,16,16.0,mainline,2098.8,2079.8,0.42,16,2098.8
555,17,17.0,mainline,2167.2,2148.5,0.4,17,2167.2
555,18,18.0,mainline,2130.4,2109.5,0.45,18,2130.4
555,19,19.0,mainline,2128.8,2108.5,0.44,19,2128.8
555,20,20.0,mainline,2160.0,2141.0,0.41,20,2160.0
555,21,21.0,mainline,2076.0,2058.6,0.38,21,2076.0
555,22,22.0,mainline,1774.8,1767.1,0.18,22,1774.8
555,23,23.0,mainline,1888.0,1873.1,0.34,23,1888.0
570,1,1.0,mainline,1840.4,1839.1,0.03,1,1840.4
570,2,2.0,mainline,1930.0,1938.8,0.2,2,1930.0
570,3,3.0,mainline,2060.8,2075.4,0.32,3,2060.8
570,4,4.0,mainline,2146.4,2163.2,0.36,4,2146.4
570,5,5.0,mainline,1826.8,1855.1,0.66,5,1826.8
570,6,6.0,mainline,2096.8,2117.4,0.45,6,2096.8
570,7,7.0,mainline,2169.6,2188.7,0.41,7,2169.6
570,8,8.0,mainline,2066.8,2084.8,0.39,8,2066.8
570,9,9.0,mainline,2117.6,2134.5,0.37,9,2117.6
570,10,10.0,mainline,1683.6,1707.3,0.58,10,1683.6
570,11,11.0,mainline,2004.4,2017.9,0.3,11,2004.4
570,12,12.0,mainline,1634.8,1656.9,0.54,12,1634.8
570,13,13.0,mainline,1750.4,1767.8,0.42,13,1750.4
570,14,14.0,mainline,2118.8,2135.6,0.36,14,2118.8
570,15,15.0,mainline,1901.6,1921.0,0.44,15,1901.6
570,16,16.0,mainline,2078.4,2095.6,0.38,16,2078.4
570,17,17.0,mainline,2155.2,2171.6,0.35,17,2155.2
570,18,18.0,mainline,2150.4,2167.4,0.37,18,2150.4
570,19,19.0,mainline,2128.0,2145.6,0.38,19,2128.0
570,20,20.0,mainline,2158.4,2174.7,0.35,20,2158.4
570,21,21.0,mainline,2082.8,2103.0,0.44,21,2082.8
570,22,22.0,mainline,1796.0,1815.2,0.45,22,1796.0
570,23,23.0,mainline,1962.8,1973.8,0.25,23,1962.8
585,1,1.0,mainline,1964.0,1965.8,0.04,1,1964.0
585,2,2.0,mainline,1967.6,1967.4,0.0,2,1967.6
585,3,3.0,mainline,2044.4,2052.8,0.19,3,2044.4
585,4,4.0,mainline,2140.0,2153.0,0.28,4,2140.0
585,5,5.0,mainline,1831.6,1860.6,0.68,5,1831.6
585,6,6.0,mainline,2106.8,2125.3,0.4,6,2106.8
585,7,7.0,mainline,2170.4,2185.8,0.33,7,2170.4
585,8,8.0,mainline,2071.2,2086.5,0.34,8,2071.2
585,9,9.0,mainline,2121.2,2135.0,0.3,9,2121.2
585,10,10.0,mainline,1809.2,1829.2,0.47,10,1809.2
585,11,11.0,mainline,2081.2,2091.9,0.23,11,2081.2
585,12,12.0,mainline,1758.8,1778.5,0.47,12,1758.8
585,13,13.0,mainline,1880.4,1894.3,0.32,13,1880.4
585,14,14.0,mainline,2108.0,2121.9,0.3,14,2108.0
585,15,15.0,mainline,1962.8,1980.0,0.39,15,1962.8
585,16,16.0,mainline,2069.6,2081.4,0.26,16,2069.6
585,17,17.0,mainline,2166.8,2175.5,0.19,17,2166.8
585,18,18.0,mainline,2156.8,2167.3,0.23,18,2156.8
585,19,19.0,mainline,2137.2,2148.4,0.24,19,2137.2
585,20,20.0,mainline,2147.6,2157.0,0.2,20,2147.6
585,21,21.0,mainline,2043.6,2061.9,0.4,21,2043.6
585,22,22.0,mainline,1838.8,1862.3,0.55,22,1838.8
585,23,23.0,mainline,2016.4,2030.0,0.3,23,2016.4
