clock_min,wall_clock,period,speed_raw_mph,speed_mph,queued_regime,mu_vph,lambda_b_vph,lambda_b_identifiable,queue_b_measurement_veh,queue_b_recurrence_veh,outflow_b_vph,lambda_a_vph,queue_a_veh,outflow_a_vph
360,06:00,AM,62.96,61.955,False,7600.0,7924.743511565297,False,0.0,0.0,7600.0,3907.6808049757956,0.0,3907.6808049757956
365,06:05,AM,60.95,60.95,False,7600.0,7754.846995756882,True,0.0,27.061959297108082,7600.0,3907.6808049757956,0.0,3907.6808049757956
370,06:10,AM,56.74,56.74,False,7600.0,7608.364796094504,True,0.0,39.965875610181605,7600.0,3907.6808049757956,0.0,3907.6808049757956
375,06:15,AM,55.89,55.89,False,7600.0,7483.351760390575,True,0.0,40.66294195139024,7600.0,3907.6808049757956,0.0,3907.6808049757956
380,06:20,AM,48.77,48.77,False,7600.0,7377.862736457504,True,0.0,30.94225531727147,7600.0,7619.457773709141,0.0,7600.0
385,06:25,AM,44.11,44.11,True,6840.0,7289.952572107701,True,54.6929846646343,12.430816688730143,6840.0,7619.457773709141,1.621481142428441,6840.0
390,06:30,AM,35.65,35.65,True,6840.0,7217.676115153576,True,93.13197705895134,49.926864364371866,6840.0,7619.457773709141,66.5762956181902,6840.0
395,06:35,AM,32.29,32.68,True,6840.0,7159.08821340754,True,113.98696399093215,81.39987396050317,6840.0,7619.457773709141,131.53111009395195,6840.0
400,06:40,AM,32.68,32.29,True,6840.0,7112.243714682005,True,111.3463024642157,107.9905584111315,6840.0,7619.457773709141,196.48592456971372,6840.0
405,06:45,AM,26.48,26.48,True,6840.0,7075.197466789379,True,162.53686295743563,130.6775346346319,6840.0,7619.457773709141,261.4407390454755,6840.0
410,06:50,AM,24.94,25.58,True,6840.0,7046.004317542074,True,179.19799532708655,150.27732353374685,6840.0,7619.457773709141,326.3955535212373,6840.0
415,06:55,AM,25.58,25.58,True,6840.0,7022.7191147525,True,172.03027240803078,167.44434999558638,6840.0,7619.457773709141,391.350367996999,6840.0
420,07:00,AM,29.11,29.11,True,6840.0,7003.3967062330685,True,138.15910357148323,182.67094289162804,6840.0,7619.457773709141,456.30518247276075,6840.0
425,07:05,AM,29.76,29.11,True,6840.0,6986.366295990414,True,132.7982190996245,196.28733507771707,6840.0,7619.457773709141,521.2599969485225,6840.0
430,07:10,AM,25.97,25.97,True,6840.0,6971.054512808093,True,167.8356744497804,208.4845264102516,6840.0,7619.457773709141,586.2148114242842,6840.0
435,07:15,AM,24.32,24.32,True,6840.0,6957.162341663879,True,186.50147615607614,219.40573581092602,6840.0,7619.457773709141,651.169625900046,6840.0
440,07:20,AM,22.79,22.79,True,6840.0,6944.390767535553,True,206.2248750837857,229.1692642829159,6840.0,7619.457773709141,716.1244403758077,6840.0
445,07:25,AM,17.42,20.38,True,6840.0,6932.440775400897,True,302.87001824132295,237.86849491087864,6840.0,7619.457773709141,781.0792548515694,6840.0
450,07:30,AM,20.38,20.17,True,6840.0,6921.013350237684,True,243.29864596103198,245.5718928609534,6840.0,7619.457773709141,846.0340693273312,6840.0
455,07:35,AM,20.17,20.17,True,6840.0,6909.809477023698,True,246.94876846829723,252.32300538076038,6840.0,7619.457773709141,910.9888838030929,6840.0
460,07:40,AM,17.96,17.96,True,6840.0,6898.530140736713,True,290.53790509538567,258.14046179940186,6840.0,7619.457773709141,975.9436982788546,6840.0
465,07:45,AM,16.77,17.96,True,6840.0,6886.876326354512,True,318.76757437834806,263.0179735274613,6840.0,7619.457773709141,1040.8985127546164,6840.0
470,07:50,AM,19.57,16.77,True,6840.0,6874.549018854874,True,257.80934175073634,266.92433405700393,6840.0,7619.457773709141,1105.8533272303782,6840.0
475,07:55,AM,16.36,19.57,True,6840.0,6861.249203215573,True,329.44497944152846,269.80341896157677,6840.0,7619.457773709141,1170.80814170614,6840.0
480,08:00,AM,19.92,18.45,True,6840.0,6846.677864414394,True,251.3944976169195,271.5741858962079,6840.0,7619.457773709141,1235.762956181902,6840.0
485,08:05,AM,18.45,19.92,True,6840.0,6830.68754354679,True,279.97236746705175,272.1306745974074,6840.0,7619.457773709141,1300.7177706576638,6840.0
490,08:10,AM,20.94,20.94,True,6840.0,6813.7370061789425,True,233.9229094476234,271.3546365596399,6840.0,7619.457773709141,1365.6725851334256,6840.0
495,08:15,AM,22.74,20.94,True,6840.0,6796.4365739947,True,206.9142150248097,269.16605374121843,6840.0,7619.457773709141,1430.6273996091875,6840.0
500,08:20,AM,20.77,20.77,True,6840.0,6779.396568677923,True,236.71567173563804,265.53576824077675,6840.0,7619.457773709141,1495.5822140849493,6840.0
505,08:25,AM,17.96,20.59,True,6840.0,6763.2273119124675,True,290.53790509538567,260.4854822972703,6840.0,7619.457773709141,1560.5370285607112,6840.0
510,08:30,AM,20.59,19.57,True,6840.0,6748.539125382185,True,239.722979570962,254.08775828997594,6840.0,7619.457773709141,1625.491843036473,6840.0
515,08:35,AM,19.57,20.59,True,6840.0,6735.942330770935,True,257.80934175073634,246.46601873849139,6840.0,7619.457773709141,1690.4466575122349,6840.0
520,08:40,AM,27.73,19.57,True,6840.0,6726.047249762569,True,150.37387192554965,237.79454630273597,6840.0,7619.457773709141,1755.4014719879967,6840.0
525,08:45,AM,16.91,20.98,True,6840.0,6719.464204040945,True,315.2402159734919,228.29848378295003,6840.0,7619.457773709141,1820.3562864637586,6840.0
530,08:50,AM,20.98,18.39,True,6840.0,6716.803515289921,True,233.2723663789074,218.25383411969548,6840.0,7619.457773709141,1885.3111009395204,6840.0
535,08:55,AM,18.39,20.98,True,6840.0,6718.675505193344,True,281.2358562029766,207.98746039385557,6840.0,7619.457773709141,1950.2659154152823,6840.0
540,09:00,MD,21.99,21.99,True,6840.0,6725.69049543508,True,217.63048873281556,197.87708582663424,6840.0,7619.457773709141,2015.2207298910441,6840.0
545,09:05,MD,25.44,25.44,True,6840.0,6738.026120807677,True,173.56739537777423,188.3512937795576,6840.0,7619.457773709141,2080.1755443668058,6840.0
550,09:10,MD,29.19,29.19,True,6840.0,6754.129268538518,True,137.48641831306483,179.8534705135307,6840.0,7619.457773709141,2145.1303588425676,6840.0
555,09:15,MD,29.78,29.19,True,6840.0,6772.014138963663,True,132.63697991279207,172.69757622507387,6840.0,7619.457773709141,2210.0851733183295,6840.0
560,09:20,MD,27.97,27.97,True,6840.0,6789.694932419194,True,148.16298195469966,167.03208780537912,6840.0,7619.457773709141,2275.0399877940913,6840.0
565,09:25,MD,25.15,25.72,True,6840.0,6805.185849241184,True,176.8058746774479,162.83999884031192,6840.0,7619.457773709141,2339.994802269853,6840.0
570,09:30,MD,25.72,25.72,True,6840.0,6816.501089765703,True,170.50988328088175,159.93881961041058,6840.0,7619.457773709141,2404.949616745615,6840.0
575,09:35,MD,28.97,28.97,True,6840.0,6821.654854328828,True,139.34524249841306,157.98057709088582,6840.0,7619.457773709141,2469.904431221377,6840.0
580,09:40,MD,31.7,28.97,True,6840.0,6818.661343266629,True,118.10531091553986,156.4518149516215,6840.0,7619.457773709141,2534.8592456971387,6840.0
585,09:45,MD,21.47,21.47,True,6840.0,6805.534756915183,True,225.4999371627133,154.67359355717392,6840.0,7619.457773709141,2599.8140601729006,6840.0
590,09:50,MD,21.45,21.47,True,6840.0,6780.289295610564,True,225.81022794803417,151.80148996677246,6840.0,7619.457773709141,2664.7688746486624,6840.0
595,09:55,MD,34.36,34.36,True,6840.0,6740.939159688839,True,100.65643544740327,146.8255979343195,6840.0,7619.457773709141,2729.7236891244243,6840.0
600,10:00,MD,36.48,34.36,True,6840.0,6685.498549486091,True,88.57200740607617,138.5705279083894,6840.0,7619.457773709141,2794.678503600186,6840.0
605,10:05,MD,31.59,31.59,True,6840.0,6613.053511829036,True,118.89015252715878,125.69540703223034,6840.0,7619.457773709141,2859.633318075948,6840.0
610,10:10,MD,29.3,31.59,True,6840.0,6526.977479507014,True,136.56747400163928,106.78319968465003,6840.0,7619.457773709141,2924.58813255171,6840.0
615,10:15,MD,41.08,41.08,True,6840.0,6431.715731800001,True,66.64038344064285,80.6979896435679,6840.0,7619.457773709141,2989.5429470274717,6840.0
620,10:20,MD,42.91,42.91,True,6840.0,6331.7135479879835,True,59.22283546189066,46.6743006269013,6840.0,7619.457773709141,3054.4977615032335,6840.0
625,10:25,MD,50.28,50.28,False,7600.0,6231.416207350943,True,0.0,4.317096292566589,6283.221362861743,7619.457773709141,3119.4525759789954,7600.0
630,10:30,MD,57.95,57.95,False,7600.0,6135.268989168864,False,0.0,0.0,6135.268989168864,7619.457773709141,3121.0740571214237,7600.0
635,10:35,MD,58.33,57.95,False,7600.0,6047.717172721728,False,0.0,0.0,6047.717172721728,7619.457773709141,3122.695538263852,7600.0
640,10:40,MD,50.57,50.57,False,7600.0,5973.206037289518,False,0.0,0.0,5973.206037289518,7619.457773709141,3124.3170194062805,7600.0
645,10:45,MD,48.93,50.57,False,7600.0,5916.180862152218,False,0.0,0.0,5916.180862152218,7619.457773709141,3125.938500548709,7600.0
650,10:50,MD,53.59,53.59,False,7600.0,5881.086926589812,False,0.0,0.0,5881.086926589812,7619.457773709141,3127.559981691137,7600.0
655,10:55,MD,58.44,58.31,False,7600.0,5872.369509882277,False,0.0,0.0,5872.369509882277,7619.457773709141,3129.1814628335655,7600.0
660,11:00,MD,58.31,58.31,False,7600.0,5894.473891309604,False,0.0,0.0,5894.473891309604,7619.457773709141,3130.802943975994,7600.0
665,11:05,MD,58.1,58.31,False,7600.0,5950.24148248311,False,0.0,0.0,5950.24148248311,7619.457773709141,3132.4244251184223,7600.0
670,11:10,MD,58.56,58.56,False,7600.0,6036.098224339484,False,0.0,0.0,6036.098224339484,7619.457773709141,3134.0459062608506,7600.0
675,11:15,MD,62.56,58.56,False,7600.0,6146.86619014674,False,0.0,0.0,6146.86619014674,7619.457773709141,3135.667387403279,7600.0
680,11:20,MD,54.58,57.51,False,7600.0,6277.367453172907,False,0.0,0.0,6277.367453172907,7619.457773709141,3137.2888685457074,7600.0
685,11:25,MD,57.51,57.51,False,7600.0,6422.424086686007,False,0.0,0.0,6422.424086686007,7619.457773709141,3138.9103496881357,7600.0
690,11:30,MD,59.65,59.65,False,7600.0,6576.858163954061,False,0.0,0.0,6576.858163954061,7619.457773709141,3140.531830830564,7600.0
695,11:35,MD,63.58,59.95,False,7600.0,6735.4917582450935,False,0.0,0.0,6735.4917582450935,7619.457773709141,3142.1533119729925,7600.0
700,11:40,MD,59.95,59.95,False,7600.0,6893.146942827125,False,0.0,0.0,6893.146942827125,3907.6808049757956,3143.774793115421,7600.0
705,11:45,MD,56.48,56.48,False,7600.0,7044.64579096818,False,0.0,0.0,7044.64579096818,3907.6808049757956,2836.0815268634037,7600.0
710,11:50,MD,53.71,56.48,False,7600.0,7184.810375936282,False,0.0,0.0,7184.810375936282,3907.6808049757956,2528.3882606113866,7600.0
715,11:55,MD,57.4,57.4,False,7600.0,7308.4627709994475,False,0.0,0.0,7308.4627709994475,3907.6808049757956,2220.6949943593695,7600.0
720,12:00,MD,59.76,58.99,False,7600.0,7410.42504942571,False,0.0,0.0,7410.42504942571,3907.6808049757956,1913.0017281073524,7600.0
725,12:05,MD,58.99,58.99,False,7600.0,7486.917090001805,False,0.0,0.0,7486.917090001805,3907.6808049757956,1605.3084618553353,7600.0
730,12:10,MD,55.51,57.94,False,7600.0,7539.7499935893875,False,0.0,0.0,7539.7499935893875,3907.6808049757956,1297.6151956033182,7600.0
735,12:15,MD,57.94,55.51,False,7600.0,7572.132666568812,False,0.0,0.0,7572.132666568812,3907.6808049757956,989.9219293513012,7600.0
740,12:20,MD,55.21,55.21,False,7600.0,7587.274015320453,False,0.0,0.0,7587.274015320453,3907.6808049757956,682.2286630992842,7600.0
745,12:25,MD,47.59,47.59,False,7600.0,7588.3829462246795,False,0.0,0.0,7588.3829462246795,3907.6808049757956,374.5353968472672,7600.0
750,12:30,MD,44.52,47.1,False,7600.0,7578.668365661852,False,0.0,0.0,7578.668365661852,3907.6808049757956,66.84213059525018,4709.786372118798
755,12:35,MD,47.1,47.1,False,7600.0,7561.339180012341,False,0.0,0.0,7561.339180012341,3907.6808049757956,0.0,3907.6808049757956
760,12:40,MD,53.24,53.24,False,7600.0,7539.604295656514,False,0.0,0.0,7539.604295656514,3907.6808049757956,0.0,3907.6808049757956
765,12:45,MD,58.78,58.16,False,7600.0,7516.672618974739,False,0.0,0.0,7516.672618974739,3907.6808049757956,0.0,3907.6808049757956
770,12:50,MD,58.16,58.78,False,7600.0,7495.753056347381,False,0.0,0.0,7495.753056347381,3907.6808049757956,0.0,3907.6808049757956
775,12:55,MD,60.34,58.16,False,7600.0,7480.0545141548055,False,0.0,0.0,7480.0545141548055,3907.6808049757956,0.0,3907.6808049757956
780,13:00,MD,57.79,57.79,False,7600.0,7472.785898777387,False,0.0,0.0,7472.785898777387,3907.6808049757956,0.0,3907.6808049757956
785,13:05,MD,57.13,57.13,False,7600.0,7476.236631349718,False,0.0,0.0,7476.236631349718,3907.6808049757956,0.0,3907.6808049757956
790,13:10,MD,56.78,57.13,False,7600.0,7489.018192023349,False,0.0,0.0,7489.018192023349,3907.6808049757956,0.0,3907.6808049757956
795,13:15,MD,57.57,57.57,False,7600.0,7508.82257570405,False,0.0,0.0,7508.82257570405,3907.6808049757956,0.0,3907.6808049757956
800,13:20,MD,58.64,57.57,False,7600.0,7533.341777297603,False,0.0,0.0,7533.341777297603,7954.893550285369,0.0,7600.0
805,13:25,MD,55.76,56.1,False,7600.0,7560.267791709784,False,0.0,0.0,7560.267791709784,7954.893550285369,29.574462523780767,7600.0
810,13:30,MD,56.1,55.76,False,7600.0,7587.292613846372,False,0.0,0.0,7587.292613846372,7954.893550285369,59.148925047561534,7600.0
815,13:35,MD,55.18,56.1,False,7600.0,7612.10823861314,False,0.0,0.0,7600.0,7954.893550285369,88.7233875713423,7600.0
820,13:40,MD,59.38,56.8,False,7600.0,7632.406660915867,True,0.0,1.00901988442835,7600.0,7954.893550285369,118.29785009512307,7600.0
825,13:45,MD,56.8,59.38,False,7600.0,7645.879875660333,True,0.0,3.7095749607506145,7600.0,7954.893550285369,147.87231261890383,7600.0
830,13:50,MD,61.07,57.75,False,7600.0,7650.219877752314,True,0.0,7.532897932445014,7600.0,7954.893550285369,177.4467751426846,7600.0
835,13:55,MD,57.75,57.75,False,7600.0,7643.11866209758,True,0.0,11.717887745137809,7600.0,7954.893550285369,207.02123766646537,7600.0
840,14:00,MD,51.78,54.9,False,7600.0,7622.268223601921,True,0.0,15.311109586602846,7600.0,7954.893550285369,236.59570019024613,7600.0
845,14:05,MD,54.9,54.9,False,7600.0,7586.152868013922,True,0.0,17.166794886762922,7600.0,7954.893550285369,266.1701627140269,7600.0
850,14:10,MD,57.18,54.9,False,7600.0,7536.426144453468,True,0.0,16.012867221256403,7600.0,7954.893550285369,295.74462523780767,7600.0
855,14:15,MD,51.67,51.67,False,7600.0,7475.533912883242,True,0.0,10.715045925712047,7600.0,7954.893550285369,325.31908776158843,7600.0
860,14:20,MD,46.56,46.56,True,6840.0,7405.922033265946,True,46.16955701947819,0.34287199931554824,6840.0,7954.893550285369,354.8935502853692,6840.0
865,14:25,MD,33.81,33.81,True,6840.0,7330.036365564275,True,104.03912846863157,47.503041438144386,6840.0,7954.893550285369,447.8013461424833,6840.0
870,14:30,MD,26.35,28.93,True,6840.0,7250.322769740917,True,163.86806193643665,88.3394052351673,6840.0,7954.893550285369,540.7091419995974,6840.0
875,14:35,MD,28.93,28.93,True,6840.0,7169.227105758571,True,139.6862479219766,122.53296938024369,6840.0,7954.893550285369,633.6169378567115,6840.0
880,14:40,MD,38.94,38.26,True,6840.0,7089.195233579927,True,76.19879255630727,149.9685615267913,6840.0,7954.893550285369,726.5247337138256,6840.0
885,14:45,MD,38.26,38.26,True,6840.0,7012.673013167685,True,79.45990837967783,170.7348309917852,6840.0,7954.893550285369,819.4325295709398,6840.0
890,14:50,MD,22.93,24.15,True,6840.0,6942.106304484536,True,204.31071665705738,185.12424875575894,6840.0,7954.893550285369,912.3403254280539,6840.0
895,14:55,MD,24.15,24.15,True,6840.0,6879.94096749317,True,188.56955189365377,193.6331074628036,6840.0,7954.893550285369,1005.248121285168,6840.0
900,15:00,PM,25.59,24.15,True,6840.0,6828.6228621562905,True,171.92112148872565,196.96152142056778,6840.0,7954.893550285369,1098.155917142282,6840.0
905,15:05,PM,22.76,22.76,True,6840.0,6789.958104186994,True,206.63811560027648,196.01342660025864,6840.0,7954.893550285369,1191.063712999396,6840.0
910,15:10,PM,22.54,22.54,True,6840.0,6763.193832300054,True,209.70215774990933,191.84326861584148,6840.0,7954.893550285369,1283.9715088565101,6840.0
915,15:15,PM,21.59,22.54,True,6840.0,6746.937440960635,True,223.65026490376025,185.44275464084598,6840.0,7954.893550285369,1376.8793047136242,6840.0
920,15:20,PM,24.7,24.7,True,6840.0,6739.79632463392,True,181.98165452146074,177.68754138756557,6840.0,7954.893550285369,1469.7871005707382,6840.0
925,15:25,PM,29.88,28.23,True,6840.0,6740.377877785085,True,131.83402171330505,169.33723510705894,6840.0,7954.893550285369,1562.6948964278522,6840.0
930,15:30,PM,28.23,28.23,True,6840.0,6747.2894948793,True,145.81027288163406,161.03539158914936,6840.0,7954.893550285369,1655.6026922849662,6840.0
935,15:35,PM,26.59,26.59,True,6840.0,6759.138570381744,True,161.42063064319535,153.30951616242436,6840.0,7954.893550285369,1748.5104881420802,6840.0
940,15:40,PM,25.79,26.58,True,6840.0,6774.53249875759,True,169.75587874671206,146.57106369423636,6840.0,7954.893550285369,1841.4182839991943,6840.0
945,15:45,PM,26.58,26.58,True,6840.0,6792.078674472017,True,161.52172453361567,141.11543859070215,6840.0,7954.893550285369,1934.3260798563083,6840.0
950,15:50,PM,32.43,28.13,True,6840.0,6810.384491990202,True,113.03172670533607,137.12199479670358,6840.0,7954.893550285369,2027.2338757134223,6840.0
955,15:55,PM,28.13,32.43,True,6840.0,6828.057345777312,True,146.7100140937761,134.6540357958871,6840.0,7954.893550285369,2120.1416715705363,6840.0
960,16:00,PM,32.65,28.13,True,6840.0,6843.704630298533,True,111.54719057988935,133.65881461066306,6840.0,7954.893550285369,2213.0494674276506,6840.0
965,16:05,PM,26.15,29.72,True,6840.0,6856.212977377373,True,165.9419050877205,133.96753380220744,6840.0,7954.893550285369,2305.957263284765,6840.0
970,16:10,PM,29.72,29.07,True,6840.0,6865.585968270737,True,133.12134850634533,135.31861525032187,6840.0,7954.893550285369,2398.865059141879,6840.0
975,16:15,PM,29.07,29.07,True,6840.0,6872.1064215938495,True,138.49683461195852,137.45077927288327,6840.0,7954.893550285369,2491.7728549989934,6840.0
980,16:20,PM,26.51,29.07,True,6840.0,6876.057155961957,True,162.23151728442392,140.12631440570405,6840.0,7954.893550285369,2584.6806508561076,6840.0
985,16:25,PM,29.18,29.18,True,6840.0,6877.720989990292,True,137.57030225700143,143.13107740253378,6840.0,7954.893550285369,2677.588446713222,6840.0
990,16:30,PM,33.05,32.73,True,6840.0,6877.38074229409,True,108.89866869578873,146.2744932350581,6840.0,7954.893550285369,2770.496242570336,6840.0
995,16:35,PM,32.73,32.73,True,6840.0,6875.319231488588,True,111.01230730295977,149.38955509289892,6840.0,7954.893550285369,2863.4040384274504,6840.0
1000,16:40,PM,29.36,29.36,True,6840.0,6871.819276189022,True,136.0691339387737,152.3328243836146,6840.0,7954.893550285369,2956.3118342845646,6840.0
1005,16:45,PM,27.13,27.13,True,6840.0,6867.163695010631,True,156.07223098237546,154.9844307326998,6840.0,7954.893550285369,3049.219630141679,6840.0
1010,16:50,PM,23.36,24.57,True,6840.0,6861.635306568653,True,198.57497230333644,157.24807198358573,6840.0,7954.893550285369,3142.127425998793,6840.0
1015,16:55,PM,24.57,24.18,True,6840.0,6855.516929478315,True,183.51217613318238,159.05101419764011,6840.0,7954.893550285369,3235.0352218559074,6840.0
1020,17:00,PM,24.18,24.57,True,6840.0,6849.091382354866,True,188.20248429813572,160.3440916541664,6840.0,7954.893550285369,3327.9430177130216,6840.0
1025,17:05,PM,26.11,26.11,True,6840.0,6842.632991491954,True,166.36048622166405,161.10170685040524,6840.0,7954.893550285369,3420.850813570136,6840.0
1030,17:10,PM,31.75,27.94,True,6840.0,6836.382113896927,True,117.75036250450135,161.32112280806808,6840.0,7954.893550285369,3513.75860942725,6840.0
1035,17:15,PM,27.94,29.79,True,6840.0,6830.570614255541,True,148.43726604065023,161.01963229947867,6840.0,7954.893550285369,3606.6664052843644,6840.0
1040,17:20,PM,29.79,28.72,True,6840.0,6825.430357253563,True,132.55644150728463,160.23385015410707,6840.0,7954.893550285369,3699.5742011414786,6840.0
1045,17:25,PM,28.72,28.72,True,6840.0,6821.1932075767545,True,141.49211029604828,159.01971325857065,6840.0,7954.893550285369,3792.481996998593,6840.0
1050,17:30,PM,22.09,24.79,True,6840.0,6818.091029910876,True,216.15960861137265,157.45248055663353,6840.0,7954.893550285369,3885.389792855707,6840.0
1055,17:35,PM,24.79,24.79,True,6840.0,6816.3556889416905,True,180.9314660335469,155.62673304920656,6840.0,7954.893550285369,3978.2975887128214,6840.0
1060,17:40,PM,25.0,25.0,True,6840.0,6816.219049354961,True,178.51043150607615,153.65637379434745,6840.0,7954.893550285369,4071.2053845699356,6840.0
1065,17:45,PM,26.78,26.78,True,6840.0,6817.91297583645,True,159.51419163871242,151.67462790726083,6840.0,7954.893550285369,4164.11318042705,6840.0
1070,17:50,PM,29.79,28.79,True,6840.0,6821.669333071921,True,132.55644150728463,149.83404256029831,6840.0,7954.893550285369,4257.020976284164,6840.0
1075,17:55,PM,28.79,28.79,True,6840.0,6827.7199857471305,True,140.88722898909108,148.30648698295838,6840.0,7954.893550285369,4349.928772141278,6840.0
1080,18:00,PM,28.01,28.79,True,6840.0,6836.296798547849,True,147.79818379397332,147.28315246188592,6840.0,7954.893550285369,4442.836567998393,6840.0
1085,18:05,PM,31.52,31.52,True,6840.0,6846.840443084811,True,119.39244934770052,146.97455234087334,6840.0,7954.893550285369,4535.744363855507,6840.0
1090,18:10,PM,34.39,31.52,True,6840.0,6855.626818668694,True,100.47503675690487,147.54458926460762,6840.0,7954.893550285369,4628.652159712621,6840.0
1095,18:15,PM,30.09,30.09,True,6840.0,6858.140631535132,True,130.16518157108112,148.84682415366544,6840.0,7954.893550285369,4721.559955569735,6840.0
1100,18:20,PM,29.59,29.59,True,6840.0,6849.866587919781,True,134.1775525015476,150.3585434482598,6840.0,7954.893550285369,4814.46775142685,6840.0
1105,18:25,PM,28.17,28.17,True,6840.0,6826.289394058287,True,146.34935105623586,151.18075910824152,6840.0,7954.893550285369,4907.375547283964,6840.0
1110,18:30,PM,23.59,23.74,True,6840.0,6782.893756186295,True,195.59285116932327,150.0382086130988,6840.0,7954.893550285369,5000.283343141078,6840.0
1115,18:35,PM,23.74,23.74,True,6840.0,6715.164380539451,True,193.67912045367515,145.2793549619567,6840.0,7954.893550285369,5093.191138998192,6840.0
1120,18:40,PM,26.52,26.52,True,6840.0,6618.5859733534035,True,162.12988891060104,134.87638667357757,6840.0,7954.893550285369,5186.098934855307,6840.0
1125,18:45,PM,31.41,31.41,True,6840.0,6488.643240863801,True,120.18629626710765,116.4252177863612,6840.0,7954.893550285369,5279.006730712421,6840.0
1130,18:50,PM,36.92,36.92,True,6840.0,6320.820889306291,True,86.23782721918556,87.14548785834464,6840.0,7954.893550285369,5371.914526569535,6840.0
1135,18:55,PM,52.88,52.88,False,7600.0,6110.6036249165145,True,0.0,43.880561967202226,6637.170368522941,7954.893550285369,5464.822322426649,7600.0
1140,19:00,NT,55.93,55.93,False,7600.0,5853.476153930127,False,0.0,0.0,5853.476153930127,3907.6808049757956,5494.39678495043,7600.0
1145,19:05,NT,59.93,59.93,False,7600.0,5547.807286507525,False,0.0,0.0,5547.807286507525,3907.6808049757956,5186.703518698413,7600.0
1150,19:10,NT,60.38,59.93,False,7600.0,5203.502248508145,False,0.0,0.0,5203.502248508145,3907.6808049757956,4879.010252446396,7600.0
1155,19:15,NT,58.19,59.19,False,7600.0,4833.350369716169,False,0.0,0.0,4833.350369716169,3907.6808049757956,4571.31698619438,7600.0
1160,19:20,NT,59.19,58.19,False,7600.0,4450.1409799157855,False,0.0,0.0,4450.1409799157855,3907.6808049757956,4263.623719942363,7600.0
1165,19:25,NT,57.75,59.19,False,7600.0,4066.6634088911837,False,0.0,0.0,4066.6634088911837,3907.6808049757956,3955.930453690346,7600.0
1170,19:30,NT,59.5,59.15,False,7600.0,3695.7069864265472,False,0.0,0.0,3695.7069864265472,3907.6808049757956,3648.237187438329,7600.0
1175,19:35,NT,59.15,59.5,False,7600.0,3350.061042306064,False,0.0,0.0,3350.061042306064,3907.6808049757956,3340.5439211863118,7600.0
1180,19:40,NT,59.95,59.72,False,7600.0,3042.514906313921,False,0.0,0.0,3042.514906313921,3907.6808049757956,3032.8506549342947,7600.0
1185,19:45,NT,59.72,59.95,False,7600.0,2785.8579082343053,False,0.0,0.0,2785.8579082343053,3907.6808049757956,2725.1573886822775,7600.0
1190,19:50,NT,60.34,59.72,False,7600.0,2592.879377851405,False,0.0,0.0,2592.879377851405,3907.6808049757956,2417.4641224302604,7600.0
1195,19:55,NT,57.18,60.34,False,7600.0,2476.368644949404,False,0.0,0.0,2476.368644949404,3907.6808049757956,2109.7708561782433,7600.0
1200,20:00,NT,63.95,57.18,False,7600.0,2449.115039312492,False,0.0,0.0,2449.115039312492,3907.6808049757956,1802.0775899262262,7600.0
1205,20:05,NT,56.99,60.36,False,7600.0,2519.624500334349,False,0.0,0.0,2519.624500334349,3907.6808049757956,1494.384323674209,7600.0
1210,20:10,NT,60.36,60.36,False,7600.0,2679.2694058466304,False,0.0,0.0,2679.2694058466304,3907.6808049757956,1186.691057422192,7600.0
1215,20:15,NT,62.19,62.0,False,7600.0,2915.1387432904858,False,0.0,0.0,2915.1387432904858,3907.6808049757956,878.997791170175,7600.0
1220,20:20,NT,62.0,62.18,False,7600.0,3214.3215001070666,False,0.0,0.0,3214.3215001070666,3907.6808049757956,571.304524918158,7600.0
1225,20:25,NT,62.18,62.0,False,7600.0,3563.9066637375213,False,0.0,0.0,3563.9066637375213,3907.6808049757956,263.611258666141,7071.015908969488
1230,20:30,NT,60.75,60.75,False,7600.0,3950.9832216230006,False,0.0,0.0,3950.9832216230006,3907.6808049757956,0.0,3907.6808049757956
1235,20:35,NT,59.14,60.75,False,7600.0,4362.640161204654,False,0.0,0.0,4362.640161204654,3907.6808049757956,0.0,3907.6808049757956
1240,20:40,NT,64.19,63.18,False,7600.0,4785.966469923631,False,0.0,0.0,4785.966469923631,3907.6808049757956,0.0,3907.6808049757956
1245,20:45,NT,63.18,63.18,False,7600.0,5208.0511352210815,False,0.0,0.0,5208.0511352210815,3907.6808049757956,0.0,3907.6808049757956
1250,20:50,NT,60.0,61.18,False,7600.0,5615.983144538158,False,0.0,0.0,5615.983144538158,3907.6808049757956,0.0,3907.6808049757956
1255,20:55,NT,61.18,61.18,False,7600.0,5996.851485316005,False,0.0,0.0,5996.851485316005,3907.6808049757956,0.0,3907.6808049757956
1260,21:00,NT,61.6,61.59,False,7600.0,6337.745144995778,False,0.0,0.0,6337.745144995778,3907.6808049757956,0.0,3907.6808049757956
1265,21:05,NT,61.59,61.6,False,7600.0,6628.640444930659,False,0.0,0.0,6628.640444930659,3907.6808049757956,0.0,3907.6808049757956
1270,21:10,NT,65.98,65.57,False,7600.0,6871.063042121989,False,0.0,0.0,6871.063042121989,3907.6808049757956,0.0,3907.6808049757956
1275,21:15,NT,65.57,65.57,False,7600.0,7069.425927483133,False,0.0,0.0,7069.425927483133,3907.6808049757956,0.0,3907.6808049757956
1280,21:20,NT,64.6,65.2,False,7600.0,7228.142091927468,False,0.0,0.0,7228.142091927468,3907.6808049757956,0.0,3907.6808049757956
1285,21:25,NT,65.2,65.0,False,7600.0,7351.624526368366,False,0.0,0.0,7351.624526368366,3907.6808049757956,0.0,3907.6808049757956
1290,21:30,NT,65.0,65.2,False,7600.0,7444.286221719197,False,0.0,0.0,7444.286221719197,3907.6808049757956,0.0,3907.6808049757956
1295,21:35,NT,65.2,65.0,False,7600.0,7510.540168893333,False,0.0,0.0,7510.540168893333,3907.6808049757956,0.0,3907.6808049757956
1300,21:40,NT,63.6,64.79,False,7600.0,7554.799358804146,False,0.0,0.0,7554.799358804146,3907.6808049757956,0.0,3907.6808049757956
1305,21:45,NT,64.79,64.79,False,7600.0,7581.476782365011,False,0.0,0.0,7581.476782365011,3907.6808049757956,0.0,3907.6808049757956
1310,21:50,NT,66.0,66.0,False,7600.0,7594.9854304893,False,0.0,0.0,7594.9854304893,3907.6808049757956,0.0,3907.6808049757956
1315,21:55,NT,66.39,66.0,False,7600.0,7599.738294090378,False,0.0,0.0,7599.738294090378,3907.6808049757956,0.0,3907.6808049757956
1320,22:00,NT,65.96,66.39,False,7600.0,7600.148364081628,False,0.0,0.0,7600.0,3907.6808049757956,0.0,3907.6808049757956
1325,22:05,NT,66.59,65.96,False,7600.0,7599.892002217215,False,0.0,0.012363673468977746,7600.0,3907.6808049757956,0.0,3907.6808049757956
1330,22:10,NT,64.19,64.19,False,7600.0,7599.699053614541,False,0.0,0.0033638582369045853,7599.739419913384,3907.6808049757956,0.0,3907.6808049757956
1335,22:15,NT,63.38,64.19,False,7600.0,7599.562734231789,False,0.0,0.0,7599.562734231789,3907.6808049757956,0.0,3907.6808049757956
1340,22:20,NT,65.6,63.78,False,7600.0,7599.476260027164,False,0.0,0.0,7599.476260027164,3907.6808049757956,0.0,3907.6808049757956
1345,22:25,NT,63.78,63.78,False,7600.0,7599.432846958857,False,0.0,0.0,7599.432846958857,3907.6808049757956,0.0,3907.6808049757956
1350,22:30,NT,62.98,63.78,False,7600.0,7599.425710985062,False,0.0,0.0,7599.425710985062,3907.6808049757956,0.0,3907.6808049757956
1355,22:35,NT,63.99,63.99,False,7600.0,7599.448068063974,False,0.0,0.0,7599.448068063974,3907.6808049757956,0.0,3907.6808049757956
1360,22:40,NT,65.4,65.4,False,7600.0,7599.493134153787,False,0.0,0.0,7599.493134153787,3907.6808049757956,0.0,3907.6808049757956
1365,22:45,NT,66.4,65.4,False,7600.0,7599.554125212699,False,0.0,0.0,7599.554125212699,3907.6808049757956,0.0,3907.6808049757956
1370,22:50,NT,62.96,62.96,False,7600.0,7599.624257198906,False,0.0,0.0,7599.624257198906,3907.6808049757956,0.0,3907.6808049757956
1375,22:55,NT,61.4,62.52,False,7600.0,7599.696746070594,False,0.0,0.0,7599.696746070594,3907.6808049757956,0.0,3907.6808049757956
1380,23:00,NT,62.52,62.52,False,7600.0,7599.764807785969,False,0.0,0.0,7599.764807785969,3907.6808049757956,0.0,3907.6808049757956
1385,23:05,NT,65.79,62.52,False,7600.0,7599.822950148811,False,0.0,0.0,7599.822950148811,3907.6808049757956,0.0,3907.6808049757956
1390,23:10,NT,60.2,60.2,False,7600.0,7599.870848345298,False,0.0,0.0,7599.870848345298,3907.6808049757956,0.0,3907.6808049757956
1395,23:15,NT,58.4,60.2,False,7600.0,7599.909469407185,False,0.0,0.0,7599.909469407185,3907.6808049757956,0.0,3907.6808049757956
1400,23:20,NT,63.53,63.53,False,7600.0,7599.939780366238,False,0.0,0.0,7599.939780366238,3907.6808049757956,0.0,3907.6808049757956
1405,23:25,NT,69.79,67.79,False,7600.0,7599.962748254224,False,0.0,0.0,7599.962748254224,3907.6808049757956,0.0,3907.6808049757956
1410,23:30,NT,67.79,67.79,False,7600.0,7599.979340102902,False,0.0,0.0,7599.979340102902,3907.6808049757956,0.0,3907.6808049757956
1415,23:35,NT,67.0,67.0,False,7600.0,7599.9905229440365,False,0.0,0.0,7599.9905229440365,3907.6808049757956,0.0,3907.6808049757956
1420,23:40,NT,66.4,66.4,False,7600.0,7599.997263809388,False,0.0,0.0,7599.997263809388,3907.6808049757956,0.0,3907.6808049757956
1425,23:45,NT,66.0,66.0,False,7600.0,7600.000529730727,False,0.0,0.0,7600.0,3907.6808049757956,0.0,3907.6808049757956
1430,23:50,NT,65.18,65.18,False,7600.0,7600.001287739813,False,0.0,4.414422725555293e-05,7600.0,3907.6808049757956,0.0,3907.6808049757956
1435,23:55,NT,62.0,62.0,False,7600.0,7600.000504868403,False,0.0,0.0001514558783431615,7600.0,3907.6808049757956,0.0,3907.6808049757956
1440,24:00,NT,58.16,62.0,False,7600.0,7599.999148148274,False,0.0,0.00019352824529050847,7600.0,3907.6808049757956,0.0,3907.6808049757956
1445,24:05,NT,62.18,62.18,False,7600.0,7599.99801642799,False,0.0,0.00012254060144793277,7599.999486915207,3907.6808049757956,0.0,3907.6808049757956
1450,24:10,NT,63.0,63.0,False,7600.0,7599.997235823401,False,0.0,0.0,7599.997235823401,3907.6808049757956,0.0,3907.6808049757956
1455,24:15,NT,65.2,65.2,False,7600.0,7599.996764267149,False,0.0,0.0,7599.996764267149,3907.6808049757956,0.0,3907.6808049757956
1460,24:20,NT,66.8,66.8,False,7600.0,7599.996559691894,False,0.0,0.0,7599.996559691894,3907.6808049757956,0.0,3907.6808049757956
1465,24:25,NT,68.2,66.8,False,7600.0,7599.996580030289,False,0.0,0.0,7599.996580030289,3907.6808049757956,0.0,3907.6808049757956
1470,24:30,NT,64.17,64.59,False,7600.0,7599.996783214984,False,0.0,0.0,7599.996783214984,3907.6808049757956,0.0,3907.6808049757956
1475,24:35,NT,64.59,64.59,False,7600.0,7599.9971271786335,False,0.0,0.0,7599.9971271786335,3907.6808049757956,0.0,3907.6808049757956
1480,24:40,NT,65.0,64.8,False,7600.0,7599.997569853887,False,0.0,0.0,7599.997569853887,3907.6808049757956,0.0,3907.6808049757956
1485,24:45,NT,64.8,64.8,False,7600.0,7599.9980691734045,False,0.0,0.0,7599.9980691734045,3907.6808049757956,0.0,3907.6808049757956
1490,24:50,NT,64.0,64.0,False,7600.0,7599.998583069837,False,0.0,0.0,7599.998583069837,3907.6808049757956,0.0,3907.6808049757956
1495,24:55,NT,62.8,64.0,False,7600.0,7599.999069475829,False,0.0,0.0,7599.999069475829,3907.6808049757956,0.0,3907.6808049757956
1500,25:00,NT,65.2,62.8,False,7600.0,7599.9994863240445,False,0.0,0.0,7599.9994863240445,3907.6808049757956,0.0,3907.6808049757956
1505,25:05,NT,59.28,59.59,False,7600.0,7599.999800661793,False,0.0,0.0,7599.999800661793,3907.6808049757956,0.0,3907.6808049757956
1510,25:10,NT,59.59,59.28,False,7600.0,7600.000015995063,False,0.0,0.0,7600.0,3907.6808049757956,0.0,3907.6808049757956
1515,25:15,NT,57.99,58.8,False,7600.0,7600.00014494449,False,0.0,1.3329219351968882e-06,7600.0,3907.6808049757956,0.0,3907.6808049757956
1520,25:20,NT,58.8,58.2,False,7600.0,7600.0002001307275,False,0.0,1.3411629424808778e-05,7600.0,3907.6808049757956,0.0,3907.6808049757956
1525,25:25,NT,58.2,58.8,False,7600.0,7600.000194174417,False,0.0,3.0089190052725215e-05,7600.0,3907.6808049757956,0.0,3907.6808049757956
1530,25:30,NT,61.78,61.78,False,7600.0,7600.000139696202,False,0.0,4.6270391446038645e-05,7600.0,3907.6808049757956,0.0,3907.6808049757956
1535,25:35,NT,66.0,63.98,False,7600.0,7600.000049316728,False,0.0,5.791174157820932e-05,7600.0,3907.6808049757956,0.0,3907.6808049757956
1540,25:40,NT,63.98,63.98,False,7600.0,7599.999935656641,False,0.0,6.202146892064774e-05,7600.0,3907.6808049757956,0.0,3907.6808049757956
1545,25:45,NT,62.6,62.6,False,7600.0,7599.999811336588,False,0.0,5.665952236692342e-05,7600.0,3907.6808049757956,0.0,3907.6808049757956
1550,25:50,NT,61.99,61.99,False,7600.0,7599.999688977214,False,0.0,4.093757138434738e-05,7600.0,3907.6808049757956,0.0,3907.6808049757956
1555,25:55,NT,60.79,60.79,False,7600.0,7599.999581199156,False,0.0,1.5019005862389641e-05,7599.999761427226,3907.6808049757956,0.0,3907.6808049757956
1560,26:00,NT,59.38,60.79,False,7600.0,7599.999500623071,False,0.0,0.0,7599.999500623071,3907.6808049757956,0.0,3907.6808049757956
1565,26:05,NT,60.8,60.8,False,7600.0,7599.999456875194,False,0.0,0.0,7599.999456875194,3907.6808049757956,0.0,3907.6808049757956
1570,26:10,NT,63.36,63.36,False,7600.0,7599.999447604168,False,0.0,0.0,7599.999447604168,3907.6808049757956,0.0,3907.6808049757956
1575,26:15,NT,65.0,63.36,False,7600.0,7599.999467464226,False,0.0,0.0,7599.999467464226,3907.6808049757956,0.0,3907.6808049757956
1580,26:20,NT,61.14,61.14,False,7600.0,7599.999511109607,False,0.0,0.0,7599.999511109607,3907.6808049757956,0.0,3907.6808049757956
1585,26:25,NT,60.0,60.0,False,7600.0,7599.999573194553,False,0.0,0.0,7599.999573194553,3907.6808049757956,0.0,3907.6808049757956
1590,26:30,NT,58.6,58.6,False,7600.0,7599.999648373294,False,0.0,0.0,7599.999648373294,3907.6808049757956,0.0,3907.6808049757956
1595,26:35,NT,49.92,51.29,False,7600.0,7599.9997313000695,False,0.0,0.0,7599.9997313000695,3907.6808049757956,0.0,3907.6808049757956
1600,26:40,NT,51.29,51.29,False,7600.0,7599.999816629115,False,0.0,0.0,7599.999816629115,3907.6808049757956,0.0,3907.6808049757956
1605,26:45,NT,60.39,60.39,False,7600.0,7599.999899014674,False,0.0,0.0,7599.999899014674,3907.6808049757956,0.0,3907.6808049757956
1610,26:50,NT,63.0,62.18,False,7600.0,7599.999973110978,False,0.0,0.0,7599.999973110978,3907.6808049757956,0.0,3907.6808049757956
1615,26:55,NT,62.18,62.18,False,7600.0,7600.000033572262,False,0.0,0.0,7600.0,3907.6808049757956,0.0,3907.6808049757956
1620,27:00,NT,61.4,62.0,False,7600.0,7600.00007505277,False,0.0,2.7976884666713886e-06,7600.0,3907.6808049757956,0.0,3907.6808049757956
1625,27:05,NT,62.0,61.4,False,7600.0,7600.0000937075665,False,0.0,9.052085943039856e-06,7600.0,3907.6808049757956,0.0,3907.6808049757956
1630,27:10,NT,59.57,59.57,False,7600.0,7600.000091695076,False,0.0,1.6861049819757074e-05,7600.0,3907.6808049757956,0.0,3907.6808049757956
1635,27:15,NT,57.2,59.52,False,7600.0,7600.000072674535,False,0.0,2.4502306132490048e-05,7600.0,3907.6808049757956,0.0,3907.6808049757956
1640,27:20,NT,59.52,59.52,False,7600.0,7600.000040305197,False,0.0,3.055851736159335e-05,7600.0,3907.6808049757956,0.0,3907.6808049757956
1645,27:25,NT,62.8,62.8,False,7600.0,7599.999998246319,False,0.0,3.391728379635121e-05,7600.0,3907.6808049757956,0.0,3907.6808049757956
1650,27:30,NT,63.2,63.2,False,7600.0,7599.999950157137,False,0.0,3.37711436865599e-05,7600.0,3907.6808049757956,0.0,3907.6808049757956
1655,27:35,NT,64.19,63.2,False,7600.0,7599.999899696908,False,0.0,2.9617571802494542e-05,7600.0,3907.6808049757956,0.0,3907.6808049757956
1660,27:40,NT,62.39,64.19,False,7600.0,7599.99985052488,False,0.0,2.125898079915108e-05,7600.0,3907.6808049757956,0.0,3907.6808049757956
1665,27:45,NT,65.0,65.0,False,7600.0,7599.999806300299,False,0.0,8.802720761498978e-06,7599.999911932948,3907.6808049757956,0.0,3907.6808049757956
1670,27:50,NT,65.0,65.0,False,7600.0,7599.999770682418,False,0.0,0.0,7599.999770682418,3907.6808049757956,0.0,3907.6808049757956
1675,27:55,NT,66.18,66.18,False,7600.0,7599.999747330481,False,0.0,0.0,7599.999747330481,3907.6808049757956,0.0,3907.6808049757956
1680,28:00,NT,66.6,66.6,False,7600.0,7599.999739903742,False,0.0,0.0,7599.999739903742,3907.6808049757956,0.0,3907.6808049757956
1685,28:05,NT,68.76,66.6,False,7600.0,7599.999750797957,False,0.0,0.0,7599.999750797957,3907.6808049757956,0.0,3907.6808049757956
1690,28:10,NT,66.19,67.0,False,7600.0,7599.999777354951,False,0.0,0.0,7599.999777354951,3907.6808049757956,0.0,3907.6808049757956
1695,28:15,NT,67.0,66.19,False,7600.0,7599.99981565304,False,0.0,0.0,7599.99981565304,3907.6808049757956,0.0,3907.6808049757956
1700,28:20,NT,65.19,65.19,False,7600.0,7599.999861770564,False,0.0,0.0,7599.999861770564,3907.6808049757956,0.0,3907.6808049757956
1705,28:25,NT,64.99,65.0,False,7600.0,7599.999911785848,False,0.0,0.0,7599.999911785848,3907.6808049757956,0.0,3907.6808049757956
1710,28:30,NT,65.0,65.0,False,7600.0,7599.999961777216,False,0.0,0.0,7599.999961777216,3907.6808049757956,0.0,3907.6808049757956
1715,28:35,NT,68.55,68.55,False,7600.0,7600.000007823002,False,0.0,0.0,7600.0,3907.6808049757956,0.0,3907.6808049757956
1720,28:40,NT,68.98,68.8,False,7600.0,7600.000046001533,False,0.0,6.519168588662675e-07,7600.0,3907.6808049757956,0.0,3907.6808049757956
1725,28:45,NT,68.8,68.8,False,7600.0,7600.000072391136,False,0.0,4.485377909683545e-06,7600.0,3907.6808049757956,0.0,3907.6808049757956
1730,28:50,NT,68.4,68.8,False,7600.0,7600.000083070143,False,0.0,1.0517972593030816e-05,7600.0,3907.6808049757956,0.0,3907.6808049757956
1735,28:55,NT,68.99,68.4,False,7600.0,7600.00007411688,False,0.0,1.744048449836555e-05,7600.0,3907.6808049757956,0.0,3907.6808049757956
1740,29:00,NT,65.03,65.03,False,7600.0,7600.000041609676,False,0.0,2.3616891136650033e-05,7600.0,3907.6808049757956,0.0,3907.6808049757956
1745,29:05,NT,63.4,64.76,False,7600.0,7599.999984351,False,0.0,2.7084364167725045e-05,7600.0,3907.6808049757956,0.0,3907.6808049757956
1750,29:10,NT,64.76,64.76,False,7600.0,7599.999912039886,False,0.0,2.57802808694881e-05,7600.0,3907.6808049757956,0.0,3907.6808049757956
1755,29:15,NT,69.12,66.79,False,7600.0,7599.999837099504,False,0.0,1.8450271378848505e-05,7600.0,3907.6808049757956,0.0,3907.6808049757956
1760,29:20,NT,66.79,66.79,False,7600.0,7599.999771953026,False,0.0,4.875230009323179e-06,7599.999830455786,3907.6808049757956,0.0,3907.6808049757956
1765,29:25,NT,65.6,66.11,False,7600.0,7599.999729023624,False,0.0,0.0,7599.999729023624,3907.6808049757956,0.0,3907.6808049757956
1770,29:30,NT,66.11,65.6,False,7600.0,7599.999720734473,False,0.0,0.0,7599.999720734473,3907.6808049757956,0.0,3907.6808049757956
1775,29:35,NT,64.18,64.95,False,7600.0,7599.999759508742,False,0.0,0.0,7599.999759508742,3907.6808049757956,0.0,3907.6808049757956
1780,29:40,NT,64.95,64.78,False,7600.0,7599.999857769605,False,0.0,0.0,7599.999857769605,3907.6808049757956,0.0,3907.6808049757956
1785,29:45,NT,64.78,64.78,False,7600.0,7600.000027940233,False,0.0,0.0,7600.0,3907.6808049757956,0.0,3907.6808049757956
1790,29:50,NT,59.76,62.18,False,7600.0,7600.000282443802,False,0.0,2.3283527449772614e-06,7600.0,3907.6808049757956,0.0,3907.6808049757956
1795,29:55,NT,62.18,60.97,False,7600.0,7600.000633703478,False,0.0,2.5865336207668104e-05,7600.0,3907.6808049757956,0.0,3907.6808049757956
