link_id,tmc_id,time_of_day,period,dt_minutes,lambda_ref_vehph,mu_ref_vehph,flow_ref_vehph,speed_mph,queue_start_veh,queue_end_veh,waiting_time_min,travel_time_min,cumulative_arrivals_veh,cumulative_departures_veh,flow_ref_source,lambda_ref_source
SYN_I405_001,SYN_TMC_001,00:00,NT1,5,324.2619551072168,798.3321075046998,324.2619551072168,64.97512449335028,0.0,0.0,0.0,0.9230769230769231,27.021829592268066,27.021829592268066,speed_to_volume:s3+period_volume_anchor,speed_to_volume_proxy
SYN_I405_001,SYN_TMC_001,00:05,NT1,5,324.43584583619446,798.3321075046998,324.43584583619446,64.97507103064291,0.0,0.0,0.0,0.9230769230769231,54.0581500786176,54.0581500786176,speed_to_volume:s3+period_volume_anchor,speed_to_volume_proxy
SYN_I405_001,SYN_TMC_001,00:10,NT1,5,324.99231650670527,798.3321075046998,324.99231650670527,64.9748993636152,0.0,0.0,0.0,0.9230769230769231,81.14084312084304,81.14084312084304,speed_to_volume:s3+period_volume_anchor,speed_to_volume_proxy
SYN_I405_001,SYN_TMC_001,00:15,NT1,5,324.8506452516405,798.3321075046998,324.8506452516405,64.97494315211563,0.0,0.0,0.0,0.9230769230769231,108.21173022514643,108.21173022514643,speed_to_volume:s3+period_volume_anchor,speed_to_volume_proxy
SYN_I405_001,SYN_TMC_001,00:20,NT1,5,325.3397888454306,798.3321075046998,325.3397888454306,64.97479172167851,0.0,0.0,0.0,0.9230769230769231,135.32337929559898,135.32337929559898,speed_to_volume:s3+period_volume_anchor,speed_to_volume_proxy
SYN_I405_001,SYN_TMC_001,00:25,NT1,5,325.05906254935445,798.3321075046998,325.05906254935445,64.97487871348964,0.0,0.0,0.0,0.9230769230769231,162.41163450804518,162.41163450804518,speed_to_volume:s3+period_volume_anchor,speed_to_volume_proxy
SYN_I405_001,SYN_TMC_001,00:30,NT1,5,325.5932700442172,798.3321075046998,325.5932700442172,64.97471297840853,0.0,0.0,0.0,0.9230769230769231,189.54440701172996,189.54440701172996,speed_to_volume:s3+period_volume_anchor,speed_to_volume_proxy
SYN_I405_001,SYN_TMC_001,00:35,NT1,5,325.2922632636878,798.3321075046998,325.2922632636878,64.97480646484946,0.0,0.0,0.0,0.9230769230769231,216.65209561703728,216.65209561703728,speed_to_volume:s3+period_volume_anchor,speed_to_volume_proxy
SYN_I405_001,SYN_TMC_001,00:40,NT1,5,325.27501894973034,798.3321075046998,325.27501894973034,64.97481181270095,0.0,0.0,0.0,0.9230769230769231,243.75834719618146,243.75834719618146,speed_to_volume:s3+period_volume_anchor,speed_to_volume_proxy
SYN_I405_001,SYN_TMC_001,00:45,NT1,5,324.6273457252878,798.3321075046998,324.6273457252878,64.97501205419945,0.0,0.0,0.0,0.9230769230769231,270.8106260066221,270.8106260066221,speed_to_volume:s3+period_volume_anchor,speed_to_volume_proxy
SYN_I405_001,SYN_TMC_001,00:50,NT1,5,324.8457026748587,798.3321075046998,324.8457026748587,64.97494467875693,0.0,0.0,0.0,0.9230769230769231,297.881101229527,297.881101229527,speed_to_volume:s3+period_volume_anchor,speed_to_volume_proxy
SYN_I405_001,SYN_TMC_001,00:55,NT1,5,324.52207642019636,798.3321075046998,324.52207642019636,64.9750444870636,0.0,0.0,0.0,0.9230769230769231,324.92460759787673,324.92460759787673,speed_to_volume:s3+period_volume_anchor,speed_to_volume_proxy
SYN_I405_001,SYN_TMC_001,01:00,NT1,5,325.28522665467733,798.3321075046998,325.28522665467733,64.97480864716394,0.0,0.0,0.0,0.9230769230769231,352.03170981909983,352.03170981909983,speed_to_volume:s3+period_volume_anchor,speed_to_volume_proxy
SYN_I405_001,SYN_TMC_001,01:05,NT1,5,325.1784308365123,798.3321075046998,325.1784308365123,64.97484175109739,0.0,0.0,0.0,0.9230769230769231,379.1299123888092,379.1299123888092,speed_to_volume:s3+period_volume_anchor,speed_to_volume_proxy
SYN_I405_001,SYN_TMC_001,01:10,NT1,5,325.5905244829186,798.3321075046998,325.5905244829186,64.97471383229833,0.0,0.0,0.0,0.9230769230769231,406.2624560957191,406.2624560957191,speed_to_volume:s3+period_volume_anchor,speed_to_volume_proxy
SYN_I405_001,SYN_TMC_001,01:15,NT1,5,324.75723485328666,798.3321075046998,324.75723485328666,64.9749719924929,0.0,0.0,0.0,0.9230769230769231,433.3255590001596,433.3255590001596,speed_to_volume:s3+period_volume_anchor,speed_to_volume_proxy
SYN_I405_001,SYN_TMC_001,01:20,NT1,5,323.93400189269585,798.3321075046998,323.93400189269585,64.97522508817066,0.0,0.0,0.0,0.9230769230769231,460.32005915788426,460.32005915788426,speed_to_volume:s3+period_volume_anchor,speed_to_volume_proxy
SYN_I405_001,SYN_TMC_001,01:25,NT1,5,325.947694713394,798.3321075046998,325.947694713394,64.97460256774424,0.0,0.0,0.0,0.9230769230769231,487.4823670506671,487.4823670506671,speed_to_volume:s3+period_volume_anchor,speed_to_volume_proxy
SYN_I405_001,SYN_TMC_001,01:30,NT1,5,324.3272922177006,798.3321075046998,324.3272922177006,64.97510441556429,0.0,0.0,0.0,0.9230769230769231,514.5096414021422,514.5096414021422,speed_to_volume:s3+period_volume_anchor,speed_to_volume_proxy
SYN_I405_001,SYN_TMC_001,01:35,NT1,5,324.95556582599073,798.3321075046998,324.95556582599073,64.97491072822625,0.0,0.0,0.0,0.9230769230769231,541.5892718876414,541.5892718876414,speed_to_volume:s3+period_volume_anchor,speed_to_volume_proxy
SYN_I405_001,SYN_TMC_001,01:40,NT1,5,324.254382322349,798.3321075046998,324.254382322349,64.97512681964467,0.0,0.0,0.0,0.9230769230769231,568.6104704145039,568.6104704145039,speed_to_volume:s3+period_volume_anchor,speed_to_volume_proxy
SYN_I405_001,SYN_TMC_001,01:45,NT1,5,324.4980839902366,798.3321075046998,324.4980839902366,64.97505187456626,0.0,0.0,0.0,0.9230769230769231,595.6519774136902,595.6519774136902,speed_to_volume:s3+period_volume_anchor,speed_to_volume_proxy
SYN_I405_001,SYN_TMC_001,01:50,NT1,5,323.83114296731804,798.3321075046998,323.83114296731804,64.97525657559943,0.0,0.0,0.0,0.9230769230769231,622.6379059943001,622.6379059943001,speed_to_volume:s3+period_volume_anchor,speed_to_volume_proxy
SYN_I405_001,SYN_TMC_001,01:55,NT1,5,324.6507576034217,798.3321075046998,324.6507576034217,64.97500483683407,0.0,0.0,0.0,0.9230769230769231,649.6921357945853,649.6921357945853,speed_to_volume:s3+period_volume_anchor,speed_to_volume_proxy
SYN_I405_001,SYN_TMC_001,02:00,NT1,5,324.7108627795974,798.3321075046998,324.7108627795974,64.97498630056516,0.0,0.0,0.0,0.9230769230769231,676.7513743595517,676.7513743595517,speed_to_volume:s3+period_volume_anchor,speed_to_volume_proxy
SYN_I405_001,SYN_TMC_001,02:05,NT1,5,324.26614202588775,798.3321075046998,324.26614202588775,64.97512320709474,0.0,0.0,0.0,0.9230769230769231,703.773552861709,703.773552861709,speed_to_volume:s3+period_volume_anchor,speed_to_volume_proxy
SYN_I405_001,SYN_TMC_001,02:10,NT1,5,323.8252089712917,798.3321075046998,323.8252089712917,64.97525839121153,0.0,0.0,0.0,0.9230769230769231,730.75898694265,730.75898694265,speed_to_volume:s3+period_volume_anchor,speed_to_volume_proxy
SYN_I405_001,SYN_TMC_001,02:15,NT1,5,324.5395620903652,798.3321075046998,324.5395620903652,64.97503910202065,0.0,0.0,0.0,0.9230769230769231,757.8039504501804,757.8039504501804,speed_to_volume:s3+period_volume_anchor,speed_to_volume_proxy
SYN_I405_001,SYN_TMC_001,02:20,NT1,5,323.6715907011141,798.3321075046998,323.6715907011141,64.97530535865192,0.0,0.0,0.0,0.9230769230769231,784.7765830086066,784.7765830086066,speed_to_volume:s3+period_volume_anchor,speed_to_volume_proxy
SYN_I405_001,SYN_TMC_001,02:25,NT1,5,324.74706895240394,798.3321075046998,324.74706895240394,64.97497512970074,0.0,0.0,0.0,0.9230769230769231,811.8388387546403,811.8388387546403,speed_to_volume:s3+period_volume_anchor,speed_to_volume_proxy
SYN_I405_001,SYN_TMC_001,02:30,NT1,5,323.58417177646925,798.3321075046998,323.58417177646925,64.9753320563087,0.0,0.0,0.0,0.9230769230769231,838.8041864026794,838.8041864026794,speed_to_volume:s3+period_volume_anchor,speed_to_volume_proxy
SYN_I405_001,SYN_TMC_001,02:35,NT1,5,324.66429702209086,798.3321075046998,324.66429702209086,64.9750006622156,0.0,0.0,0.0,0.9230769230769231,865.8595444878537,865.8595444878537,speed_to_volume:s3+period_volume_anchor,speed_to_volume_proxy
SYN_I405_001,SYN_TMC_001,02:40,NT1,5,323.79785840173565,798.3321075046998,323.79785840173565,64.97526675831348,0.0,0.0,0.0,0.9230769230769231,892.842699354665,892.842699354665,speed_to_volume:s3+period_volume_anchor,speed_to_volume_proxy
SYN_I405_001,SYN_TMC_001,02:45,NT1,5,323.77513855955925,798.3321075046998,323.77513855955925,64.97527370716462,0.0,0.0,0.0,0.9230769230769231,919.823960901295,919.823960901295,speed_to_volume:s3+period_volume_anchor,speed_to_volume_proxy
SYN_I405_001,SYN_TMC_001,02:50,NT1,5,326.0677180420288,798.3321075046998,326.0677180420288,64.97456509603646,0.0,0.0,0.0,0.9230769230769231,946.9962707381308,946.9962707381308,speed_to_volume:s3+period_volume_anchor,speed_to_volume_proxy
SYN_I405_001,SYN_TMC_001,02:55,NT1,5,324.08532632536463,798.3321075046998,324.08532632536463,64.97517870966809,0.0,0.0,0.0,0.9230769230769231,974.0033812652445,974.0033812652445,speed_to_volume:s3+period_volume_anchor,speed_to_volume_proxy
SYN_I405_001,SYN_TMC_001,03:00,NT1,5,324.7679997071928,798.3321075046998,324.7679997071928,64.9749686701255,0.0,0.0,0.0,0.9230769230769231,1001.0673812408438,1001.0673812408438,speed_to_volume:s3+period_volume_anchor,speed_to_volume_proxy
SYN_I405_001,SYN_TMC_001,03:05,NT1,5,326.19045780131063,798.3321075046998,326.19045780131063,64.97452673332005,0.0,0.0,0.0,0.9230769230769231,1028.249919390953,1028.249919390953,speed_to_volume:s3+period_volume_anchor,speed_to_volume_proxy
SYN_I405_001,SYN_TMC_001,03:10,NT1,5,325.9979221791438,798.3321075046998,325.9979221791438,64.97458689160052,0.0,0.0,0.0,0.9230769230769231,1055.4164129058815,1055.4164129058815,speed_to_volume:s3+period_volume_anchor,speed_to_volume_proxy
SYN_I405_001,SYN_TMC_001,03:15,NT1,5,324.1280854616727,798.3321075046998,324.1280854616727,64.97516559287362,0.0,0.0,0.0,0.9230769230769231,1082.4270866943543,1082.4270866943543,speed_to_volume:s3+period_volume_anchor,speed_to_volume_proxy
SYN_I405_001,SYN_TMC_001,03:20,NT1,5,325.4743162473105,798.3321075046998,325.4743162473105,64.97474995406382,0.0,0.0,0.0,0.9230769230769231,1109.5499463816302,1109.5499463816302,speed_to_volume:s3+period_volume_anchor,speed_to_volume_proxy
SYN_I405_001,SYN_TMC_001,03:25,NT1,5,326.5842176243352,798.3321075046998,326.5842176243352,64.97440336899066,0.0,0.0,0.0,0.9230769230769231,1136.7652978503247,1136.7652978503247,speed_to_volume:s3+period_volume_anchor,speed_to_volume_proxy
SYN_I405_001,SYN_TMC_001,03:30,NT1,5,325.73580296654103,798.3321075046998,325.73580296654103,64.9746686198647,0.0,0.0,0.0,0.9230769230769231,1163.9099480975365,1163.9099480975365,speed_to_volume:s3+period_volume_anchor,speed_to_volume_proxy
SYN_I405_001,SYN_TMC_001,03:35,NT1,5,327.21457089667,798.3321075046998,327.21457089667,64.97420494680641,0.0,0.0,0.0,0.9230769230769231,1191.1778290055922,1191.1778290055922,speed_to_volume:s3+period_volume_anchor,speed_to_volume_proxy
SYN_I405_001,SYN_TMC_001,03:40,NT1,5,326.66541141675185,798.3321075046998,326.66541141675185,64.97437787540267,0.0,0.0,0.0,0.9230769230769231,1218.3999466236548,1218.3999466236548,speed_to_volume:s3+period_volume_anchor,speed_to_volume_proxy
SYN_I405_001,SYN_TMC_001,03:45,NT1,5,326.59563748818624,798.3321075046998,326.59563748818624,64.97439978448291,0.0,0.0,0.0,0.9230769230769231,1245.6162497476703,1245.6162497476703,speed_to_volume:s3+period_volume_anchor,speed_to_volume_proxy
SYN_I405_001,SYN_TMC_001,03:50,NT1,5,327.06521633534715,798.3321075046998,327.06521633534715,64.97425206460646,0.0,0.0,0.0,0.9230769230769231,1272.8716844422825,1272.8716844422825,speed_to_volume:s3+period_volume_anchor,speed_to_volume_proxy
SYN_I405_001,SYN_TMC_001,03:55,NT1,5,328.58010372084794,798.3321075046998,328.58010372084794,64.97377114473174,0.0,0.0,0.0,0.9230769230769231,1300.2533597523532,1300.2533597523532,speed_to_volume:s3+period_volume_anchor,speed_to_volume_proxy
SYN_I405_001,SYN_TMC_001,04:00,NT1,5,328.5270569964554,798.3321075046998,328.5270569964554,64.97378809817883,0.0,0.0,0.0,0.9230769230769231,1327.6306145020578,1327.6306145020578,speed_to_volume:s3+period_volume_anchor,speed_to_volume_proxy
SYN_I405_001,SYN_TMC_001,04:05,NT1,5,330.32466054957126,798.3321075046998,330.32466054957126,64.9732089891368,0.0,0.0,0.0,0.9230769230769231,1355.1576695478554,1355.1576695478554,speed_to_volume:s3+period_volume_anchor,speed_to_volume_proxy
SYN_I405_001,SYN_TMC_001,04:10,NT1,5,332.5417110208877,798.3321075046998,332.5417110208877,64.97248157760546,0.0,0.0,0.0,0.9230769230769231,1382.869478799596,1382.869478799596,speed_to_volume:s3+period_volume_anchor,speed_to_volume_proxy
SYN_I405_001,SYN_TMC_001,04:15,NT1,5,334.63990727273455,798.3321075046998,334.63990727273455,64.97177959221014,0.0,0.0,0.0,0.9230769230769231,1410.7561377389904,1410.7561377389904,speed_to_volume:s3+period_volume_anchor,speed_to_volume_proxy
SYN_I405_001,SYN_TMC_001,04:20,NT1,5,335.8000133798692,798.3321075046998,335.8000133798692,64.97138573189535,0.0,0.0,0.0,0.9230769230769231,1438.739472187313,1438.739472187313,speed_to_volume:s3+period_volume_anchor,speed_to_volume_proxy
SYN_I405_001,SYN_TMC_001,04:25,NT1,5,339.76904887944863,798.3321075046998,339.76904887944863,64.97000692889303,0.0,0.0,0.0,0.9230769230769231,1467.0535595939336,1467.0535595939336,speed_to_volume:s3+period_volume_anchor,speed_to_volume_proxy
SYN_I405_001,SYN_TMC_001,04:30,NT1,5,344.0642918655745,798.3321075046998,344.0642918655745,64.96845919180357,0.0,0.0,0.0,0.9230769230769231,1495.7255839160648,1495.7255839160648,speed_to_volume:s3+period_volume_anchor,speed_to_volume_proxy
SYN_I405_001,SYN_TMC_001,04:35,NT1,5,348.7984551382016,798.3321075046998,348.7984551382016,64.96668458659461,0.0,0.0,0.0,0.9230769230769231,1524.7921218442482,1524.7921218442482,speed_to_volume:s3+period_volume_anchor,speed_to_volume_proxy
SYN_I405_001,SYN_TMC_001,04:40,NT1,5,355.1848058294935,798.3321075046998,355.1848058294935,64.96417302841355,0.0,0.0,0.0,0.9230769230769231,1554.3908556633726,1554.3908556633726,speed_to_volume:s3+period_volume_anchor,speed_to_volume_proxy
SYN_I405_001,SYN_TMC_001,04:45,NT1,5,362.8509633074221,798.3321075046998,362.8509633074221,64.96097318988504,0.0,0.0,0.0,0.9230769230769231,1584.628435938991,1584.628435938991,speed_to_volume:s3+period_volume_anchor,speed_to_volume_proxy
SYN_I405_001,SYN_TMC_001,04:50,NT1,5,371.7465066119362,798.3321075046998,371.7465066119362,64.95699609183364,0.0,0.0,0.0,0.9230769230769231,1615.6073114899857,1615.6073114899857,speed_to_volume:s3+period_volume_anchor,speed_to_volume_proxy
SYN_I405_001,SYN_TMC_001,04:55,NT1,5,382.6916880003969,798.3321075046998,382.6916880003969,64.95169309262558,0.0,0.0,0.0,0.9230769230769231,1647.4982854900188,1647.4982854900188,speed_to_volume:s3+period_volume_anchor,speed_to_volume_proxy
SYN_I405_001,SYN_TMC_001,05:00,NT1,5,397.1276792032046,798.3321075046998,397.1276792032046,64.9439639627054,0.0,0.0,0.0,0.9230769230769231,1680.5922587569526,1680.5922587569526,speed_to_volume:s3+period_volume_anchor,speed_to_volume_proxy
SYN_I405_001,SYN_TMC_001,05:05,NT1,5,411.6922442555281,798.3321075046998,411.6922442555281,64.93525791884733,0.0,0.0,0.0,0.9230769230769231,1714.8999457782465,1714.8999457782465,speed_to_volume:s3+period_volume_anchor,speed_to_volume_proxy
SYN_I405_001,SYN_TMC_001,05:10,NT1,5,431.3845329957705,798.3321075046998,431.3845329957705,64.92191258926185,0.0,0.0,0.0,0.9230769230769231,1750.8486568612275,1750.8486568612275,speed_to_volume:s3+period_volume_anchor,speed_to_volume_proxy
SYN_I405_001,SYN_TMC_001,05:15,NT1,5,453.0212925171822,798.3321075046998,453.0212925171822,64.90496501185217,0.0,0.0,0.0,0.9230769230769231,1788.6004312376592,1788.6004312376592,speed_to_volume:s3+period_volume_anchor,speed_to_volume_proxy
SYN_I405_001,SYN_TMC_001,05:20,NT1,5,480.0057029226333,798.3321075046998,480.0057029226333,64.88010171894555,0.0,0.0,0.0,0.9230769230769231,1828.600906481212,1828.600906481212,speed_to_volume:s3+period_volume_anchor,speed_to_volume_proxy
SYN_I405_001,SYN_TMC_001,05:25,NT1,5,509.069429041203,798.3321075046998,509.069429041203,64.8481300089009,0.0,0.0,0.0,0.9230769230769231,1871.0233589013121,1871.0233589013121,speed_to_volume:s3+period_volume_anchor,speed_to_volume_proxy
SYN_I405_001,SYN_TMC_001,05:30,NT1,5,546.1939480967272,798.3321075046998,546.1939480967272,64.79835582199553,0.0,0.0,0.0,0.9230769230769231,1916.539521242706,1916.539521242706,speed_to_volume:s3+period_volume_anchor,speed_to_volume_proxy
SYN_I405_001,SYN_TMC_001,05:35,NT1,5,584.7926588751607,798.3321075046998,584.7926588751607,64.73436941581787,0.0,0.0,0.0,0.9230769230769231,1965.2722428156362,1965.2722428156362,speed_to_volume:s3+period_volume_anchor,speed_to_volume_proxy
SYN_I405_001,SYN_TMC_001,05:40,NT1,5,629.9214329303308,798.3321075046998,629.9214329303308,64.64109450339228,0.0,0.0,0.0,0.9230769230769231,2017.7656955598304,2017.7656955598304,speed_to_volume:s3+period_volume_anchor,speed_to_volume_proxy
SYN_I405_001,SYN_TMC_001,05:45,NT1,5,684.4454136462016,798.3321075046998,684.4454136462016,64.49695054765922,0.0,0.0,0.0,0.9230769230769231,2074.8028133636803,2074.8028133636803,speed_to_volume:s3+period_volume_anchor,speed_to_volume_proxy
SYN_I405_001,SYN_TMC_001,05:50,NT1,5,740.9603709278226,870.894766153725,740.9603709278226,64.30387756642627,0.0,0.0,0.0,0.9230769230769231,2136.549510940999,2136.549510940999,speed_to_volume:s3+period_volume_anchor,speed_to_volume_proxy
SYN_I405_001,SYN_TMC_001,05:55,NT1,5,798.3321075046998,943.4574248027501,798.3321075046998,64.05271243360687,0.0,0.0,0.0,0.9230769230769231,2203.0771865663905,2203.0771865663905,speed_to_volume:s3+period_volume_anchor,speed_to_volume_proxy
SYN_I405_001,SYN_TMC_001,06:00,AM,5,870.9605924004508,1016.0200834517752,870.9605924004508,63.636089235131486,0.0,0.0,0.0,0.9230769230769231,2275.657235933095,2275.657235933095,speed_to_volume:s3+period_volume_anchor,speed_to_volume_proxy
SYN_I405_001,SYN_TMC_001,06:05,AM,5,944.5073368475529,1088.5827421008005,944.5073368475529,63.07129818223388,0.0,0.0,0.0,0.9230769230769231,2354.366180670391,2354.366180670391,speed_to_volume:s3+period_volume_anchor,speed_to_volume_proxy
SYN_I405_001,SYN_TMC_001,06:10,AM,5,1018.6844219811431,1161.1454007498255,1018.6844219811431,62.31010550268441,0.0,0.0,0.0,0.9230769230769231,2439.256549168819,2439.256549168819,speed_to_volume:s3+period_volume_anchor,speed_to_volume_proxy
SYN_I405_001,SYN_TMC_001,06:15,AM,5,1088.824935372179,1233.7080593988508,1088.824935372179,61.351095620029696,0.0,0.0,0.0,0.9230769230769231,2529.991960449834,2529.991960449834,speed_to_volume:s3+period_volume_anchor,speed_to_volume_proxy
SYN_I405_001,SYN_TMC_001,06:20,AM,5,1159.617259530626,1233.7080593988508,1159.617259530626,60.04863779145586,0.0,0.0,0.0,0.9230769230769231,2626.6267320773864,2626.6267320773864,speed_to_volume:s3+period_volume_anchor,speed_to_volume_proxy
SYN_I405_001,SYN_TMC_001,06:25,AM,5,1229.0817798230714,1233.7080593988508,1229.0817798230714,58.26763009004118,0.0,0.0,0.0,0.9230769230769231,2729.050213729309,2729.050213729309,speed_to_volume:s3+period_volume_anchor,speed_to_volume_proxy
SYN_I405_001,SYN_TMC_001,06:30,AM,5,1283.4085307998732,1233.7080593988508,1283.4085307998732,56.28025614792487,0.0,4.1417059500852105,5.0,5.923076923076923,2836.0009246292984,2831.859218679213,speed_to_volume:s3+period_volume_anchor,speed_to_volume_proxy
SYN_I405_001,SYN_TMC_001,06:35,AM,5,1331.2668516403812,1233.7080593988508,1331.2668516403812,53.63905824857348,4.1417059500852105,12.271605303546082,5.0,5.923076923076923,2946.9398289326637,2934.668223629117,speed_to_volume:s3+period_volume_anchor,speed_to_volume_proxy
SYN_I405_001,SYN_TMC_001,06:40,AM,5,1361.3026556393643,1233.7080593988508,1361.3026556393643,50.83718926925685,12.271605303546082,22.90448832358888,5.0,5.923076923076923,3060.3817169026106,3037.4772285790214,speed_to_volume:s3+period_volume_anchor,speed_to_volume_proxy
SYN_I405_001,SYN_TMC_001,06:45,AM,5,1376.380011021583,1233.7080593988508,1376.380011021583,47.86087144557267,22.90448832358888,34.79381762548323,5.0,5.923076923076923,3175.0800511544094,3140.2862335289255,speed_to_volume:s3+period_volume_anchor,speed_to_volume_proxy
SYN_I405_001,SYN_TMC_001,06:50,AM,5,1377.7453957009009,1233.7080593988508,1377.7453957009009,44.64908799283828,34.79381762548323,46.796928983987414,5.0,5.923076923076923,3289.8921674628177,3243.0952384788297,speed_to_volume:s3+period_volume_anchor,speed_to_volume_proxy
SYN_I405_001,SYN_TMC_001,06:55,AM,5,1367.4985994497588,1233.7080593988508,1367.4985994497588,41.61325608765999,46.796928983987414,57.946140654896425,5.0,5.923076923076923,3403.850384083631,3345.904243428734,speed_to_volume:s3+period_volume_anchor,speed_to_volume_proxy
SYN_I405_001,SYN_TMC_001,07:00,AM,5,1347.4684811201298,1233.7080593988508,1347.4684811201298,38.54858849369507,57.946140654896425,67.42617579833635,5.0,5.923076923076923,3516.1394241769754,3448.713248378638,speed_to_volume:s3+period_volume_anchor,speed_to_volume_proxy
SYN_I405_001,SYN_TMC_001,07:05,AM,5,1322.0025607708421,1233.7080593988508,1322.0025607708421,35.78936406715569,67.42617579833635,74.78405091266896,5.0,5.923076923076923,3626.3063042412123,3551.5222533285423,speed_to_volume:s3+period_volume_anchor,speed_to_volume_proxy
SYN_I405_001,SYN_TMC_001,07:10,AM,5,1289.9178244296345,1233.7080593988508,1289.9178244296345,33.02200613584982,74.78405091266896,79.4681979985676,5.0,5.923076923076923,3733.799456277015,3654.3312582784465,speed_to_volume:s3+period_volume_anchor,speed_to_volume_proxy
SYN_I405_001,SYN_TMC_001,07:15,AM,5,1255.508825198442,1233.7080593988508,1255.508825198442,30.519077673760165,79.4681979985676,81.2849284818669,5.0,5.923076923076923,3838.4251917102183,3757.1402632283507,speed_to_volume:s3+period_volume_anchor,speed_to_volume_proxy
SYN_I405_001,SYN_TMC_001,07:20,AM,5,1223.0957194884036,1233.7080593988508,1223.0957194884036,28.43895652869269,81.2849284818669,80.40056682266297,5.0,5.923076923076923,3940.3498350009186,3859.949268178255,speed_to_volume:s3+period_volume_anchor,speed_to_volume_proxy
SYN_I405_001,SYN_TMC_001,07:25,AM,5,1195.0474654907182,1233.7080593988508,1195.0474654907182,26.79598852974108,80.40056682266297,77.17885066365193,5.0,5.923076923076923,4039.9371237918117,3962.758273128159,speed_to_volume:s3+period_volume_anchor,speed_to_volume_proxy
SYN_I405_001,SYN_TMC_001,07:30,AM,5,1170.5800114411077,1233.7080593988508,1170.5800114411077,25.45733709547391,77.17885066365193,71.91818000050668,5.0,5.923076923076923,4137.48545807857,4065.5672780780633,speed_to_volume:s3+period_volume_anchor,speed_to_volume_proxy
SYN_I405_001,SYN_TMC_001,07:35,AM,5,1143.7906953342394,1233.7080593988508,1143.7906953342394,24.07631823749235,71.91818000050668,64.42506632845576,5.0,5.923076923076923,4232.801349356424,4168.3762830279675,speed_to_volume:s3+period_volume_anchor,speed_to_volume_proxy
SYN_I405_001,SYN_TMC_001,07:40,AM,5,1122.8985900623784,1233.7080593988508,1122.8985900623784,23.05277633558364,64.42506632845576,55.190943883749725,5.0,5.923076923076923,4326.376231861622,4271.185287977872,speed_to_volume:s3+period_volume_anchor,speed_to_volume_proxy
SYN_I405_001,SYN_TMC_001,07:45,AM,5,1110.935893912712,1233.7080593988508,1110.935893912712,22.485745701454587,55.190943883749725,44.95993009323817,5.0,5.923076923076923,4418.9542230210145,4373.994292927776,speed_to_volume:s3+period_volume_anchor,speed_to_volume_proxy
SYN_I405_001,SYN_TMC_001,07:50,AM,5,1097.6664839497973,1233.7080593988508,1097.6664839497973,21.871878321362427,44.95993009323817,33.623132139150385,5.0,5.923076923076923,4510.426430016831,4476.80329787768,speed_to_volume:s3+period_volume_anchor,speed_to_volume_proxy
SYN_I405_001,SYN_TMC_001,07:55,AM,5,1090.5460892851092,1233.7080593988508,1090.5460892851092,21.548724017847967,33.623132139150385,21.69296796300526,5.0,5.923076923076923,4601.30527079059,4579.612302827584,speed_to_volume:s3+period_volume_anchor,speed_to_volume_proxy
SYN_I405_001,SYN_TMC_001,08:00,AM,5,1085.337189660053,1233.7080593988508,1085.337189660053,21.31498925634154,21.69296796300526,9.328728818105446,5.0,5.923076923076923,4691.750036595595,4682.421307777488,speed_to_volume:s3+period_volume_anchor,speed_to_volume_proxy
SYN_I405_001,SYN_TMC_001,08:05,AM,5,1088.479654910337,1233.7080593988508,1088.479654910337,21.455732159904148,9.328728818105446,0.0,0.0,0.9230769230769231,4782.45667450479,4782.456674504789,speed_to_volume:s3+period_volume_anchor,speed_to_volume_proxy
SYN_I405_001,SYN_TMC_001,08:10,AM,5,1097.5284033857056,1233.7080593988508,1097.5284033857056,21.865570913156525,0.0,0.0,0.0,0.9230769230769231,4873.917374786932,4873.917374786931,speed_to_volume:s3+period_volume_anchor,speed_to_volume_proxy
SYN_I405_001,SYN_TMC_001,08:15,AM,5,1107.1230055421559,1233.7080593988508,1107.1230055421559,22.307765900720547,0.0,0.0,0.0,0.9230769230769231,4966.177625248778,4966.177625248777,speed_to_volume:s3+period_volume_anchor,speed_to_volume_proxy
SYN_I405_001,SYN_TMC_001,08:20,AM,5,1115.3519039743999,1233.7080593988508,1115.3519039743999,22.69352115133732,0.0,0.0,0.0,0.9230769230769231,5059.123617246644,5059.123617246643,speed_to_volume:s3+period_volume_anchor,speed_to_volume_proxy
SYN_I405_001,SYN_TMC_001,08:25,AM,5,1133.643706316468,1233.7080593988508,1133.643706316468,23.57372000936605,0.0,0.0,0.0,0.9230769230769231,5153.5939261063495,5153.593926106349,speed_to_volume:s3+period_volume_anchor,speed_to_volume_proxy
SYN_I405_001,SYN_TMC_001,08:30,AM,5,1152.5038683131543,1233.7080593988508,1152.5038683131543,24.51658353355064,0.0,0.0,0.0,0.9230769230769231,5249.635915132446,5249.635915132445,speed_to_volume:s3+period_volume_anchor,speed_to_volume_proxy
SYN_I405_001,SYN_TMC_001,08:35,AM,5,1176.68083242766,1233.7080593988508,1176.68083242766,25.783739212567856,0.0,0.0,0.0,0.9230769230769231,5347.692651168084,5347.692651168083,speed_to_volume:s3+period_volume_anchor,speed_to_volume_proxy
SYN_I405_001,SYN_TMC_001,08:40,AM,5,1206.578521437343,1233.7080593988508,1206.578521437343,27.456161156009472,0.0,0.0,0.0,0.9230769230769231,5448.240861287863,5448.240861287862,speed_to_volume:s3+period_volume_anchor,speed_to_volume_proxy
SYN_I405_001,SYN_TMC_001,08:45,AM,5,1233.7080593988508,1233.7080593988508,1233.7080593988508,29.09605908939411,0.0,0.0,0.0,0.9230769230769231,5551.049866237767,5551.049866237766,speed_to_volume:s3+period_volume_anchor,speed_to_volume_proxy
SYN_I405_001,SYN_TMC_001,08:50,AM,5,1263.3597393958519,1233.7080593988508,1263.3597393958519,31.0591723027122,0.0,2.4709733330834354,5.0,5.923076923076923,5656.329844520755,5653.85887118767,speed_to_volume:s3+period_volume_anchor,speed_to_volume_proxy
SYN_I405_001,SYN_TMC_001,08:55,AM,5,1294.4588957971578,1233.7080593988508,1294.4588957971578,33.382716497891515,2.4709733330834354,7.533543032942362,5.0,5.923076923076923,5764.2014191705175,5756.667876137574,speed_to_volume:s3+period_volume_anchor,speed_to_volume_proxy
SYN_I405_001,SYN_TMC_001,09:00,AM,5,1323.3357403159005,1233.7080593988508,1323.3357403159005,35.917816385744544,7.533543032942362,15.002516442696503,5.0,5.923076923076923,5874.479397530175,5859.476881087478,speed_to_volume:s3+period_volume_anchor,speed_to_volume_proxy
SYN_I405_001,SYN_TMC_001,09:05,AM,5,1346.2583149204988,1233.7080593988508,1346.2583149204988,38.3985178103717,15.002516442696503,24.381704402833847,5.0,5.923076923076923,5986.667590440217,5962.285886037383,speed_to_volume:s3+period_volume_anchor,speed_to_volume_proxy
SYN_I405_001,SYN_TMC_001,09:10,AM,5,1365.8100473818229,1233.7080593988508,1365.8100473818229,41.28767138593205,24.381704402833847,35.39020340141488,5.0,5.923076923076923,6100.485094388702,6065.094890987287,speed_to_volume:s3+period_volume_anchor,speed_to_volume_proxy
SYN_I405_001,SYN_TMC_001,09:15,AM,5,1376.3252283408472,1233.7080593988508,1376.3252283408472,43.958054912297165,35.39020340141488,47.27496747991458,5.0,5.923076923076923,6215.178863417106,6167.903895937191,speed_to_volume:s3+period_volume_anchor,speed_to_volume_proxy
SYN_I405_001,SYN_TMC_001,09:20,AM,5,1378.2242983019669,1233.7080593988508,1378.2242983019669,46.92192456330538,47.27496747991458,59.31798738850759,5.0,5.923076923076923,6330.0308882756035,6270.712900887095,speed_to_volume:s3+period_volume_anchor,speed_to_volume_proxy
SYN_I405_001,SYN_TMC_001,09:25,AM,5,1369.5872781375901,1233.7080593988508,1369.5872781375901,49.56632336388805,59.31798738850759,70.64125561673589,5.0,5.923076923076923,6444.163161453736,6373.521905836999,speed_to_volume:s3+period_volume_anchor,speed_to_volume_proxy
SYN_I405_001,SYN_TMC_001,09:30,AM,5,1351.3420086523493,1233.7080593988508,1351.3420086523493,51.96384907974571,70.64125561673589,80.44408472119412,5.0,5.923076923076923,6556.774995508099,6476.330910786904,speed_to_volume:s3+period_volume_anchor,speed_to_volume_proxy
SYN_I405_001,SYN_TMC_001,09:35,AM,5,1323.5295833261314,1233.7080593988508,1323.5295833261314,54.161873764858754,80.44408472119412,87.92921171513419,5.0,5.923076923076923,6667.069127451943,6579.139915736808,speed_to_volume:s3+period_volume_anchor,speed_to_volume_proxy
SYN_I405_001,SYN_TMC_001,09:40,AM,5,1285.6579809091083,1233.7080593988508,1285.6579809091083,56.18049771510421,87.92921171513419,92.25837184098899,5.0,5.923076923076923,6774.2072925277025,6681.948920686712,speed_to_volume:s3+period_volume_anchor,speed_to_volume_proxy
SYN_I405_001,SYN_TMC_001,09:45,AM,5,1242.6610594188744,1233.7080593988508,1242.6610594188744,57.83407267103166,92.25837184098899,93.00445517599096,5.0,5.923076923076923,6877.762380812609,6784.757925636616,speed_to_volume:s3+period_volume_anchor,speed_to_volume_proxy
SYN_I405_001,SYN_TMC_001,09:50,AM,5,1200.6058188328168,1254.3607866845296,1200.6058188328168,59.075518891801565,93.00445517599096,88.52487452168155,5.0,5.923076923076923,6977.812865715344,6889.287991193661,speed_to_volume:s3+period_volume_anchor,speed_to_volume_proxy
SYN_I405_001,SYN_TMC_001,09:55,AM,5,1160.687045670618,1275.0135139702081,1160.687045670618,60.02561244167367,88.52487452168155,78.99766883004904,5.0,5.923076923076923,7074.536786187895,6995.539117357845,speed_to_volume:s3+period_volume_anchor,speed_to_volume_proxy
SYN_I405_001,SYN_TMC_001,10:00,MD,5,1111.5724355140303,1295.666241255887,1111.5724355140303,60.97546607625857,78.99766883004904,63.65651835156099,5.0,5.923076923076923,7167.167822480731,7103.511304129169,speed_to_volume:s3+period_volume_anchor,speed_to_volume_proxy
SYN_I405_001,SYN_TMC_001,10:05,MD,5,1066.2564885365232,1316.3189685415657,1066.2564885365232,61.6899184405552,63.65651835156099,42.817978351140766,5.0,5.923076923076923,7256.022529858775,7213.2045515076325,speed_to_volume:s3+period_volume_anchor,speed_to_volume_proxy
SYN_I405_001,SYN_TMC_001,10:10,MD,5,1030.7618864872188,1336.9716958272443,1030.7618864872188,62.16364070229423,42.817978351140766,17.300494239471973,5.0,5.923076923076923,7341.91935373271,7324.618859493236,speed_to_volume:s3+period_volume_anchor,speed_to_volume_proxy
SYN_I405_001,SYN_TMC_001,10:15,MD,5,993.8106959467034,1357.624423112923,993.8106959467034,62.590392269728696,17.300494239471973,0.0,0.0,0.9230769230769231,7424.736911728269,7424.736911728267,speed_to_volume:s3+period_volume_anchor,speed_to_volume_proxy
SYN_I405_001,SYN_TMC_001,10:20,MD,5,963.4528282932322,1357.624423112923,963.4528282932322,62.89737807838367,0.0,0.0,0.0,0.9230769230769231,7505.024647419372,7505.02464741937,speed_to_volume:s3+period_volume_anchor,speed_to_volume_proxy
SYN_I405_001,SYN_TMC_001,10:25,MD,5,938.1446038800568,1357.624423112923,938.1446038800568,63.12682581522872,0.0,0.0,0.0,0.9230769230769231,7583.203364409376,7583.203364409374,speed_to_volume:s3+period_volume_anchor,speed_to_volume_proxy
SYN_I405_001,SYN_TMC_001,10:30,MD,5,917.1324790283686,1357.624423112923,917.1324790283686,63.300784139732215,0.0,0.0,0.0,0.9230769230769231,7659.631070995074,7659.631070995072,speed_to_volume:s3+period_volume_anchor,speed_to_volume_proxy
SYN_I405_001,SYN_TMC_001,10:35,MD,5,899.6758140898045,1357.624423112923,899.6758140898045,63.43478136425968,0.0,0.0,0.0,0.9230769230769231,7734.6040555025575,7734.604055502556,speed_to_volume:s3+period_volume_anchor,speed_to_volume_proxy
SYN_I405_001,SYN_TMC_001,10:40,MD,5,887.4655704714381,1357.624423112923,887.4655704714381,63.52317504068627,0.0,0.0,0.0,0.9230769230769231,7808.55951970851,7808.559519708509,speed_to_volume:s3+period_volume_anchor,speed_to_volume_proxy
SYN_I405_001,SYN_TMC_001,10:45,MD,5,877.5371705082496,1357.624423112923,877.5371705082496,63.591966797703606,0.0,0.0,0.0,0.9230769230769231,7881.687617250865,7881.687617250863,speed_to_volume:s3+period_volume_anchor,speed_to_volume_proxy
SYN_I405_001,SYN_TMC_001,10:50,MD,5,875.0945516750025,1357.624423112923,875.0945516750025,63.60847973780797,0.0,0.0,0.0,0.9230769230769231,7954.612163223782,7954.61216322378,speed_to_volume:s3+period_volume_anchor,speed_to_volume_proxy
SYN_I405_001,SYN_TMC_001,10:55,MD,5,871.024378547694,1357.624423112923,871.024378547694,63.63564160903756,0.0,0.0,0.0,0.9230769230769231,8027.197528102756,8027.197528102754,speed_to_volume:s3+period_volume_anchor,speed_to_volume_proxy
SYN_I405_001,SYN_TMC_001,11:00,MD,5,872.214406796807,1357.624423112923,872.214406796807,63.62774554890099,0.0,0.0,0.0,0.9230769230769231,8099.88206200249,8099.882062002488,speed_to_volume:s3+period_volume_anchor,speed_to_volume_proxy
SYN_I405_001,SYN_TMC_001,11:05,MD,5,869.4977659348059,1357.624423112923,869.4977659348059,63.64571631815767,0.0,0.0,0.0,0.9230769230769231,8172.340209163724,8172.340209163722,speed_to_volume:s3+period_volume_anchor,speed_to_volume_proxy
SYN_I405_001,SYN_TMC_001,11:10,MD,5,875.4060058254536,1357.624423112923,875.4060058254536,63.606383108836326,0.0,0.0,0.0,0.9230769230769231,8245.290709649178,8245.290709649176,speed_to_volume:s3+period_volume_anchor,speed_to_volume_proxy
SYN_I405_001,SYN_TMC_001,11:15,MD,5,883.087837759063,1357.624423112923,883.087837759063,63.55384145205157,0.0,0.0,0.0,0.9230769230769231,8318.881362795766,8318.881362795764,speed_to_volume:s3+period_volume_anchor,speed_to_volume_proxy
SYN_I405_001,SYN_TMC_001,11:20,MD,5,885.3051451802786,1357.624423112923,885.3051451802786,63.53837548226335,0.0,0.0,0.0,0.9230769230769231,8392.656791560788,8392.656791560788,speed_to_volume:s3+period_volume_anchor,speed_to_volume_proxy
SYN_I405_001,SYN_TMC_001,11:25,MD,5,893.0594685437536,1357.624423112923,893.0594685437536,63.48320801249223,0.0,0.0,0.0,0.9230769230769231,8467.078413939435,8467.078413939435,speed_to_volume:s3+period_volume_anchor,speed_to_volume_proxy
SYN_I405_001,SYN_TMC_001,11:30,MD,5,899.7212325570625,1357.624423112923,899.7212325570625,63.43444454682552,0.0,0.0,0.0,0.9230769230769231,8542.05518331919,8542.05518331919,speed_to_volume:s3+period_volume_anchor,speed_to_volume_proxy
SYN_I405_001,SYN_TMC_001,11:35,MD,5,906.6368622712279,1357.624423112923,906.6368622712279,63.38244921635669,0.0,0.0,0.0,0.9230769230769231,8617.608255175124,8617.608255175124,speed_to_volume:s3+period_volume_anchor,speed_to_volume_proxy
SYN_I405_001,SYN_TMC_001,11:40,MD,5,916.7183274944108,1357.624423112923,916.7183274944108,63.30407084419319,0.0,0.0,0.0,0.9230769230769231,8694.001449132991,8694.001449132991,speed_to_volume:s3+period_volume_anchor,speed_to_volume_proxy
SYN_I405_001,SYN_TMC_001,11:45,MD,5,924.1969274560959,1357.624423112923,924.1969274560959,63.24388987351782,0.0,0.0,0.0,0.9230769230769231,8771.017859754333,8771.017859754333,speed_to_volume:s3+period_volume_anchor,speed_to_volume_proxy
SYN_I405_001,SYN_TMC_001,11:50,MD,5,932.9606995296616,1357.624423112923,932.9606995296616,63.17108352114502,0.0,0.0,0.0,0.9230769230769231,8848.764584715138,8848.764584715138,speed_to_volume:s3+period_volume_anchor,speed_to_volume_proxy
SYN_I405_001,SYN_TMC_001,11:55,MD,5,938.1518186805487,1357.624423112923,938.1518186805487,63.126763590426194,0.0,0.0,0.0,0.9230769230769231,8926.943902938518,8926.943902938518,speed_to_volume:s3+period_volume_anchor,speed_to_volume_proxy
SYN_I405_001,SYN_TMC_001,12:00,MD,5,946.5845272061435,1357.624423112923,946.5845272061435,63.05281989348367,0.0,0.0,0.0,0.9230769230769231,9005.825946872363,9005.825946872363,speed_to_volume:s3+period_volume_anchor,speed_to_volume_proxy
SYN_I405_001,SYN_TMC_001,12:05,MD,5,954.1393692405159,1357.624423112923,954.1393692405159,62.984469056092806,0.0,0.0,0.0,0.9230769230769231,9085.337560975739,9085.337560975739,speed_to_volume:s3+period_volume_anchor,speed_to_volume_proxy
SYN_I405_001,SYN_TMC_001,12:10,MD,5,959.9380015936034,1357.624423112923,959.9380015936034,62.93061906047715,0.0,0.0,0.0,0.9230769230769231,9165.332394441872,9165.332394441872,speed_to_volume:s3+period_volume_anchor,speed_to_volume_proxy
SYN_I405_001,SYN_TMC_001,12:15,MD,5,968.3468560828879,1357.624423112923,968.3468560828879,62.85032497930474,0.0,0.0,0.0,0.9230769230769231,9246.027965782112,9246.027965782112,speed_to_volume:s3+period_volume_anchor,speed_to_volume_proxy
SYN_I405_001,SYN_TMC_001,12:20,MD,5,976.2936004501673,1357.624423112923,976.2936004501673,62.77197418031868,0.0,0.0,0.0,0.9230769230769231,9327.385765819627,9327.385765819627,speed_to_volume:s3+period_volume_anchor,speed_to_volume_proxy
SYN_I405_001,SYN_TMC_001,12:25,MD,5,982.5602438495674,1357.624423112923,982.5602438495674,62.70844389463423,0.0,0.0,0.0,0.9230769230769231,9409.265786140424,9409.265786140424,speed_to_volume:s3+period_volume_anchor,speed_to_volume_proxy
SYN_I405_001,SYN_TMC_001,12:30,MD,5,988.155385886815,1357.624423112923,988.155385886815,62.65038590254596,0.0,0.0,0.0,0.9230769230769231,9491.612068297658,9491.612068297658,speed_to_volume:s3+period_volume_anchor,speed_to_volume_proxy
SYN_I405_001,SYN_TMC_001,12:35,MD,5,993.6780358904357,1357.624423112923,993.6780358904357,62.59181491068532,0.0,0.0,0.0,0.9230769230769231,9574.418571288528,9574.418571288528,speed_to_volume:s3+period_volume_anchor,speed_to_volume_proxy
SYN_I405_001,SYN_TMC_001,12:40,MD,5,1002.07566573779,1357.624423112923,1002.07566573779,62.50027783467967,0.0,0.0,0.0,0.9230769230769231,9657.924876766678,9657.924876766678,speed_to_volume:s3+period_volume_anchor,speed_to_volume_proxy
SYN_I405_001,SYN_TMC_001,12:45,MD,5,1006.7189358451582,1357.624423112923,1006.7189358451582,62.448348488358405,0.0,0.0,0.0,0.9230769230769231,9741.818121420441,9741.818121420441,speed_to_volume:s3+period_volume_anchor,speed_to_volume_proxy
SYN_I405_001,SYN_TMC_001,12:50,MD,5,1017.3485650293652,1357.624423112923,1017.3485650293652,62.32581901198364,0.0,0.0,0.0,0.9230769230769231,9826.597168506221,9826.597168506221,speed_to_volume:s3+period_volume_anchor,speed_to_volume_proxy
SYN_I405_001,SYN_TMC_001,12:55,MD,5,1024.9046256117504,1357.624423112923,1024.9046256117504,62.23552550278998,0.0,0.0,0.0,0.9230769230769231,9912.005887307201,9912.005887307201,speed_to_volume:s3+period_volume_anchor,speed_to_volume_proxy
SYN_I405_001,SYN_TMC_001,13:00,MD,5,1037.076875396564,1357.624423112923,1037.076875396564,62.084232083559286,0.0,0.0,0.0,0.9230769230769231,9998.428960256915,9998.428960256915,speed_to_volume:s3+period_volume_anchor,speed_to_volume_proxy
SYN_I405_001,SYN_TMC_001,13:05,MD,5,1043.4489991874802,1357.624423112923,1043.4489991874802,62.00204285309614,0.0,0.0,0.0,0.9230769230769231,10085.383043522539,10085.383043522539,speed_to_volume:s3+period_volume_anchor,speed_to_volume_proxy
SYN_I405_001,SYN_TMC_001,13:10,MD,5,1059.2469851125259,1357.624423112923,1059.2469851125259,61.7889373387446,0.0,0.0,0.0,0.9230769230769231,10173.65362561525,10173.65362561525,speed_to_volume:s3+period_volume_anchor,speed_to_volume_proxy
SYN_I405_001,SYN_TMC_001,13:15,MD,5,1069.5046974777345,1357.624423112923,1069.5046974777345,61.643062586616864,0.0,0.0,0.0,0.9230769230769231,10262.779017071729,10262.779017071729,speed_to_volume:s3+period_volume_anchor,speed_to_volume_proxy
SYN_I405_001,SYN_TMC_001,13:20,MD,5,1082.0147355981169,1357.624423112923,1082.0147355981169,61.45664014439223,0.0,0.0,0.0,0.9230769230769231,10352.946911704905,10352.946911704905,speed_to_volume:s3+period_volume_anchor,speed_to_volume_proxy
SYN_I405_001,SYN_TMC_001,13:25,MD,5,1103.4449632778426,1357.624423112923,1103.4449632778426,61.1138274627365,0.0,0.0,0.0,0.9230769230769231,10444.900658644725,10444.900658644725,speed_to_volume:s3+period_volume_anchor,speed_to_volume_proxy
SYN_I405_001,SYN_TMC_001,13:30,MD,5,1122.21953922227,1357.624423112923,1122.21953922227,60.78673021734362,0.0,0.0,0.0,0.9230769230769231,10538.418953579914,10538.418953579914,speed_to_volume:s3+period_volume_anchor,speed_to_volume_proxy
SYN_I405_001,SYN_TMC_001,13:35,MD,5,1139.1811001946753,1357.624423112923,1139.1811001946753,60.46727262911903,0.0,0.0,0.0,0.9230769230769231,10633.35071192947,10633.35071192947,speed_to_volume:s3+period_volume_anchor,speed_to_volume_proxy
SYN_I405_001,SYN_TMC_001,13:40,MD,5,1161.7607978783758,1357.624423112923,1161.7607978783758,60.00227422938527,0.0,0.0,0.0,0.9230769230769231,10730.164111752669,10730.164111752669,speed_to_volume:s3+period_volume_anchor,speed_to_volume_proxy
SYN_I405_001,SYN_TMC_001,13:45,MD,5,1179.6943672378588,1357.624423112923,1179.6943672378588,59.596279752048986,0.0,0.0,0.0,0.9230769230769231,10828.471975689157,10828.471975689157,speed_to_volume:s3+period_volume_anchor,speed_to_volume_proxy
SYN_I405_001,SYN_TMC_001,13:50,MD,5,1205.9895945027292,1357.624423112923,1205.9895945027292,58.93199916156517,0.0,0.0,0.0,0.9230769230769231,10928.971108564385,10928.971108564385,speed_to_volume:s3+period_volume_anchor,speed_to_volume_proxy
SYN_I405_001,SYN_TMC_001,13:55,MD,5,1234.8686439136402,1357.624423112923,1234.8686439136402,58.08694470966198,0.0,0.0,0.0,0.9230769230769231,11031.876828890521,11031.876828890521,speed_to_volume:s3+period_volume_anchor,speed_to_volume_proxy
SYN_I405_001,SYN_TMC_001,14:00,MD,5,1263.0456970403104,1357.624423112923,1263.0456970403104,57.1105911492602,0.0,0.0,0.0,0.9230769230769231,11137.130636977214,11137.130636977214,speed_to_volume:s3+period_volume_anchor,speed_to_volume_proxy
SYN_I405_001,SYN_TMC_001,14:05,MD,5,1286.8036689471955,1357.624423112923,1286.8036689471955,56.12874473351948,0.0,0.0,0.0,0.9230769230769231,11244.364276056147,11244.364276056147,speed_to_volume:s3+period_volume_anchor,speed_to_volume_proxy
SYN_I405_001,SYN_TMC_001,14:10,MD,5,1311.262191404657,1357.624423112923,1311.262191404657,54.89891691814023,0.0,0.0,0.0,0.9230769230769231,11353.636125339868,11353.636125339868,speed_to_volume:s3+period_volume_anchor,speed_to_volume_proxy
SYN_I405_001,SYN_TMC_001,14:15,MD,5,1331.1650825242416,1357.624423112923,1331.1650825242416,53.64586399275602,0.0,0.0,0.0,0.9230769230769231,11464.566548883555,11464.566548883555,speed_to_volume:s3+period_volume_anchor,speed_to_volume_proxy
SYN_I405_001,SYN_TMC_001,14:20,MD,5,1351.398717662346,1357.624423112923,1351.398717662346,51.957592701698864,0.0,0.0,0.0,0.9230769230769231,11577.18310868875,11577.18310868875,speed_to_volume:s3+period_volume_anchor,speed_to_volume_proxy
SYN_I405_001,SYN_TMC_001,14:25,MD,5,1366.0620073678933,1357.624423112923,1366.0620073678933,50.16244238208539,0.0,0.7031320212475123,5.0,5.923076923076923,11691.021609302741,11690.318477281495,speed_to_volume:s3+period_volume_anchor,speed_to_volume_proxy
SYN_I405_001,SYN_TMC_001,14:30,MD,5,1374.9786454787597,1357.624423112923,1374.9786454787597,48.325856613261465,0.7031320212475123,2.1493172184005687,5.0,5.923076923076923,11805.603163092637,11803.453845874239,speed_to_volume:s3+period_volume_anchor,speed_to_volume_proxy
SYN_I405_001,SYN_TMC_001,14:35,MD,5,1378.8098337210727,1357.624423112923,1378.8098337210727,46.150315443727386,2.1493172184005687,3.914768102413035,5.0,5.923076923076923,11920.503982569393,11916.589214466983,speed_to_volume:s3+period_volume_anchor,speed_to_volume_proxy
SYN_I405_001,SYN_TMC_001,14:40,MD,5,1375.6448295638552,1357.624423112923,1375.6448295638552,43.699621770003326,3.914768102413035,5.416468639990711,5.0,5.923076923076923,12035.141051699715,12029.724583059728,speed_to_volume:s3+period_volume_anchor,speed_to_volume_proxy
SYN_I405_001,SYN_TMC_001,14:45,MD,5,1366.4395215429872,1357.624423112923,1366.4395215429872,41.40777362465742,5.416468639990711,6.151060175829386,5.0,5.923076923076923,12149.011011828297,12142.859951652472,speed_to_volume:s3+period_volume_anchor,speed_to_volume_proxy
SYN_I405_001,SYN_TMC_001,14:50,MD,5,1348.8093246828587,1291.2539636817228,1348.8093246828587,38.71870672321681,6.151060175829386,10.947340259257373,5.0,5.923076923076923,12261.411788885202,12250.46444862595,speed_to_volume:s3+period_volume_anchor,speed_to_volume_proxy
SYN_I405_001,SYN_TMC_001,14:55,MD,5,1329.1134321138588,1224.8835042505223,1329.1134321138588,36.49174438685259,10.947340259257373,19.633167581202088,5.0,5.923076923076923,12372.171241561357,12352.53807398016,speed_to_volume:s3+period_volume_anchor,speed_to_volume_proxy
SYN_I405_001,SYN_TMC_001,15:00,PM,5,1302.0269259117429,1158.513044819322,1302.0269259117429,34.003964097334304,19.633167581202088,31.592657672237152,5.0,5.923076923076923,12480.673485387335,12449.080827715105,speed_to_volume:s3+period_volume_anchor,speed_to_volume_proxy
SYN_I405_001,SYN_TMC_001,15:05,PM,5,1269.3109639974887,1092.1425853881215,1269.3109639974887,31.4799222092468,31.592657672237152,46.35668922301777,5.0,5.923076923076923,12586.449399053792,12540.092709830782,speed_to_volume:s3+period_volume_anchor,speed_to_volume_proxy
SYN_I405_001,SYN_TMC_001,15:10,PM,5,1235.300392569832,1025.7721259569212,1235.300392569832,29.196720903319655,46.35668922301777,63.81737810742702,5.0,5.923076923076923,12689.391098434611,12625.573720327193,speed_to_volume:s3+period_volume_anchor,speed_to_volume_proxy
SYN_I405_001,SYN_TMC_001,15:15,PM,5,1200.2491312948428,959.4016665257208,1200.2491312948428,27.091466828216177,63.81737810742702,83.8880001715205,10.0,10.923076923076923,12789.411859375849,12705.523859204337,speed_to_volume:s3+period_volume_anchor,speed_to_volume_proxy
SYN_I405_001,SYN_TMC_001,15:20,PM,5,1163.8594636395696,959.4016665257208,1163.8594636395696,25.10323409898991,83.8880001715205,100.9261499310079,10.0,10.923076923076923,12886.400148012479,12785.473998081481,speed_to_volume:s3+period_volume_anchor,speed_to_volume_proxy
SYN_I405_001,SYN_TMC_001,15:25,PM,5,1127.1151223159725,959.4016665257208,1127.1151223159725,23.255985317549577,100.9261499310079,114.9022712468622,10.0,10.923076923076923,12980.326408205477,12865.424136958625,speed_to_volume:s3+period_volume_anchor,speed_to_volume_proxy
SYN_I405_001,SYN_TMC_001,15:30,PM,5,1086.6449772077292,959.4016665257208,1086.6449772077292,21.3735788286856,114.9022712468622,125.50588047036291,10.0,10.923076923076923,13070.880156306122,12945.37427583577,speed_to_volume:s3+period_volume_anchor,speed_to_volume_proxy
SYN_I405_001,SYN_TMC_001,15:35,PM,5,1051.785445884549,959.4016665257208,1051.785445884549,19.86049657980815,125.50588047036291,133.20452875026527,10.0,10.923076923076923,13158.528943463169,13025.324414712913,speed_to_volume:s3+period_volume_anchor,speed_to_volume_proxy
SYN_I405_001,SYN_TMC_001,15:40,PM,5,1018.8778627362141,959.4016665257208,1018.8778627362141,18.51260048709821,133.20452875026527,138.16087843447303,10.0,10.923076923076923,13243.43543202452,13105.274553590058,speed_to_volume:s3+period_volume_anchor,speed_to_volume_proxy
SYN_I405_001,SYN_TMC_001,15:45,PM,5,988.937000837011,959.4016665257208,988.937000837011,17.34745578572432,138.16087843447303,140.62215629374722,10.0,10.923076923076923,13325.846848760937,13185.224692467202,speed_to_volume:s3+period_volume_anchor,speed_to_volume_proxy
SYN_I405_001,SYN_TMC_001,15:50,PM,5,957.564850711388,959.4016665257208,957.564850711388,16.184030148586462,140.62215629374722,140.4690883092195,10.0,10.923076923076923,13405.643919653552,13265.174831344346,speed_to_volume:s3+period_volume_anchor,speed_to_volume_proxy
SYN_I405_001,SYN_TMC_001,15:55,PM,5,929.4749695540374,959.4016665257208,929.4749695540374,15.188726607813502,140.4690883092195,137.97519689491256,10.0,10.923076923076923,13483.100167116389,13345.12497022149,speed_to_volume:s3+period_volume_anchor,speed_to_volume_proxy
SYN_I405_001,SYN_TMC_001,16:00,PM,5,899.6933315923293,959.4016665257208,899.6933315923293,14.17842054735054,137.97519689491256,132.99950231712995,10.0,10.923076923076923,13558.07461141575,13425.075109098634,speed_to_volume:s3+period_volume_anchor,speed_to_volume_proxy
SYN_I405_001,SYN_TMC_001,16:05,PM,5,881.1021852579418,959.4016665257208,881.1021852579418,13.570077202462183,132.99950231712995,126.47454554481504,10.0,10.923076923076923,13631.49979352058,13505.025247975778,speed_to_volume:s3+period_volume_anchor,speed_to_volume_proxy
SYN_I405_001,SYN_TMC_001,16:10,PM,5,858.8044036027624,959.4016665257208,858.8044036027624,12.86219388042142,126.47454554481504,118.0914403012352,10.0,10.923076923076923,13703.066827154144,13584.975386852922,speed_to_volume:s3+period_volume_anchor,speed_to_volume_proxy
SYN_I405_001,SYN_TMC_001,16:15,PM,5,838.8012587115644,959.4016665257208,838.8012587115644,12.246713125652471,118.0914403012352,108.04140631672217,10.0,10.923076923076923,13772.966932046775,13664.925525730067,speed_to_volume:s3+period_volume_anchor,speed_to_volume_proxy
SYN_I405_001,SYN_TMC_001,16:20,PM,5,818.3392374853502,959.4016665257208,818.3392374853502,11.635682591928107,108.04140631672217,96.28620389669129,10.0,10.923076923076923,13841.161868503887,13744.87566460721,speed_to_volume:s3+period_volume_anchor,speed_to_volume_proxy
SYN_I405_001,SYN_TMC_001,16:25,PM,5,810.4432476943643,959.4016665257208,810.4432476943643,11.404809839727626,96.28620389669129,83.8730023274116,10.0,10.923076923076923,13908.69880581175,13824.825803484355,speed_to_volume:s3+period_volume_anchor,speed_to_volume_proxy
SYN_I405_001,SYN_TMC_001,16:30,PM,5,798.4657661277313,959.4016665257208,798.4657661277313,11.05973495359588,83.8730023274116,70.46167729424582,5.0,5.923076923076923,13975.237619655727,13904.775942361499,speed_to_volume:s3+period_volume_anchor,speed_to_volume_proxy
SYN_I405_001,SYN_TMC_001,16:35,PM,5,786.5565261032822,959.4016665257208,786.5565261032822,10.722689582446034,70.46167729424582,56.057915592375934,5.0,5.923076923076923,14040.783996831,13984.726081238643,speed_to_volume:s3+period_volume_anchor,speed_to_volume_proxy
SYN_I405_001,SYN_TMC_001,16:40,PM,5,777.5627494186886,959.4016665257208,777.5627494186886,10.47211287181332,56.057915592375934,40.904672500123255,5.0,5.923076923076923,14105.580892615892,14064.676220115787,speed_to_volume:s3+period_volume_anchor,speed_to_volume_proxy
SYN_I405_001,SYN_TMC_001,16:45,PM,5,769.1623773760048,959.4016665257208,769.1623773760048,10.241112694470464,40.904672500123255,25.051398404313588,5.0,5.923076923076923,14169.677757397225,14144.626358992931,speed_to_volume:s3+period_volume_anchor,speed_to_volume_proxy
SYN_I405_001,SYN_TMC_001,16:50,PM,5,761.1468444507427,959.4016665257208,761.1468444507427,10.023411921412425,25.051398404313588,8.53016323139876,5.0,5.923076923076923,14233.106661101454,14224.576497870075,speed_to_volume:s3+period_volume_anchor,speed_to_volume_proxy
SYN_I405_001,SYN_TMC_001,16:55,PM,5,765.5788479204169,959.4016665257208,765.5788479204169,10.14345793682423,8.53016323139876,0.0,0.0,0.9230769230769231,14296.904898428156,14296.904898428176,speed_to_volume:s3+period_volume_anchor,speed_to_volume_proxy
SYN_I405_001,SYN_TMC_001,17:00,PM,5,761.7839159766562,959.4016665257208,761.7839159766562,10.04061815893913,0.0,0.0,0.0,0.9230769230769231,14360.386891426211,14360.386891426231,speed_to_volume:s3+period_volume_anchor,speed_to_volume_proxy
SYN_I405_001,SYN_TMC_001,17:05,PM,5,761.6293186280619,959.4016665257208,761.6293186280619,10.036441214817064,0.0,0.0,0.0,0.9230769230769231,14423.856001311882,14423.856001311902,speed_to_volume:s3+period_volume_anchor,speed_to_volume_proxy
SYN_I405_001,SYN_TMC_001,17:10,PM,5,767.62663045462,959.4016665257208,767.62663045462,10.199197247112288,0.0,0.0,0.0,0.9230769230769231,14487.8248871831,14487.82488718312,speed_to_volume:s3+period_volume_anchor,speed_to_volume_proxy
SYN_I405_001,SYN_TMC_001,17:15,PM,5,777.872348137784,959.4016665257208,777.872348137784,10.480682463648453,0.0,0.0,0.0,0.9230769230769231,14552.64758286125,14552.64758286127,speed_to_volume:s3+period_volume_anchor,speed_to_volume_proxy
SYN_I405_001,SYN_TMC_001,17:20,PM,5,779.5510024621715,959.4016665257208,779.5510024621715,10.527216630521687,0.0,0.0,0.0,0.9230769230769231,14617.610166399763,14617.610166399783,speed_to_volume:s3+period_volume_anchor,speed_to_volume_proxy
SYN_I405_001,SYN_TMC_001,17:25,PM,5,794.3721643894088,959.4016665257208,794.3721643894088,10.943203515607689,0.0,0.0,0.0,0.9230769230769231,14683.807846765547,14683.807846765567,speed_to_volume:s3+period_volume_anchor,speed_to_volume_proxy
SYN_I405_001,SYN_TMC_001,17:30,PM,5,805.0846038339331,959.4016665257208,805.0846038339331,11.249664234713864,0.0,0.0,0.0,0.9230769230769231,14750.898230418374,14750.898230418394,speed_to_volume:s3+period_volume_anchor,speed_to_volume_proxy
SYN_I405_001,SYN_TMC_001,17:35,PM,5,821.8008425374564,959.4016665257208,821.8008425374564,11.737753996167871,0.0,0.0,0.0,0.9230769230769231,14819.381633963161,14819.381633963181,speed_to_volume:s3+period_volume_anchor,speed_to_volume_proxy
SYN_I405_001,SYN_TMC_001,17:40,PM,5,837.4731221219171,959.4016665257208,837.4731221219171,12.206488351012288,0.0,0.0,0.0,0.9230769230769231,14889.171060806655,14889.171060806675,speed_to_volume:s3+period_volume_anchor,speed_to_volume_proxy
SYN_I405_001,SYN_TMC_001,17:45,PM,5,858.6121633812016,959.4016665257208,858.6121633812016,12.856191772970067,0.0,0.0,0.0,0.9230769230769231,14960.722074421756,14960.722074421776,speed_to_volume:s3+period_volume_anchor,speed_to_volume_proxy
SYN_I405_001,SYN_TMC_001,17:50,PM,5,877.120748728849,959.4016665257208,877.120748728849,13.441960912777429,0.0,0.0,0.0,0.9230769230769231,15033.81547014916,15033.81547014918,speed_to_volume:s3+period_volume_anchor,speed_to_volume_proxy
SYN_I405_001,SYN_TMC_001,17:55,PM,5,901.647005277293,959.4016665257208,901.647005277293,14.243329532698274,0.0,0.0,0.0,0.9230769230769231,15108.952720588935,15108.952720588955,speed_to_volume:s3+period_volume_anchor,speed_to_volume_proxy
SYN_I405_001,SYN_TMC_001,18:00,PM,5,928.5169139348172,959.4016665257208,928.5169139348172,15.155519569548256,0.0,0.0,0.0,0.9230769230769231,15186.329130083503,15186.329130083523,speed_to_volume:s3+period_volume_anchor,speed_to_volume_proxy
SYN_I405_001,SYN_TMC_001,18:05,PM,5,959.4016665257208,959.4016665257208,959.4016665257208,16.250606771060195,0.0,0.0,0.0,0.9230769230769231,15266.279268960647,15266.279268960667,speed_to_volume:s3+period_volume_anchor,speed_to_volume_proxy
SYN_I405_001,SYN_TMC_001,18:10,PM,5,993.254879000105,959.4016665257208,993.254879000105,17.51208150533019,0.0,2.8211010395320244,5.0,5.923076923076923,15349.050508877322,15346.22940783781,speed_to_volume:s3+period_volume_anchor,speed_to_volume_proxy
SYN_I405_001,SYN_TMC_001,18:15,PM,5,1028.3452408282737,959.4016665257208,1028.3452408282737,18.8928808957988,2.8211010395320244,8.566398898078106,5.0,5.923076923076923,15434.745945613013,15426.179546714955,speed_to_volume:s3+period_volume_anchor,speed_to_volume_proxy
SYN_I405_001,SYN_TMC_001,18:20,PM,5,1063.3588914504312,959.4016665257208,1063.3588914504312,20.35262066101724,8.566398898078106,17.229500975137313,5.0,5.923076923076923,15523.359186567215,15506.1296855921,speed_to_volume:s3+period_volume_anchor,speed_to_volume_proxy
SYN_I405_001,SYN_TMC_001,18:25,PM,5,1104.0489453485093,959.4016665257208,1104.0489453485093,22.16533552867713,17.229500975137313,29.283440877036355,5.0,5.923076923076923,15615.363265346257,15586.079824469243,speed_to_volume:s3+period_volume_anchor,speed_to_volume_proxy
SYN_I405_001,SYN_TMC_001,18:30,PM,5,1144.0282775387018,959.4016665257208,1144.0282775387018,24.0883501169666,29.283440877036355,44.66899179478477,5.0,5.923076923076923,15710.69895514115,15666.029963346387,speed_to_volume:s3+period_volume_anchor,speed_to_volume_proxy
SYN_I405_001,SYN_TMC_001,18:35,PM,5,1187.0825673790048,959.4016665257208,1187.0825673790048,26.351511328179757,44.66899179478477,63.64240019922511,5.0,5.923076923076923,15809.622502422733,15745.980102223532,speed_to_volume:s3+period_volume_anchor,speed_to_volume_proxy
SYN_I405_001,SYN_TMC_001,18:40,PM,5,1226.7607286242264,959.4016665257208,1226.7607286242264,28.66366586527841,63.64240019922511,85.92232204076726,10.0,10.923076923076923,15911.85256314142,15825.930241100676,speed_to_volume:s3+period_volume_anchor,speed_to_volume_proxy
SYN_I405_001,SYN_TMC_001,18:45,PM,5,1267.7971240634383,959.4016665257208,1267.7971240634383,31.3719911297466,85.92232204076726,111.62194350224371,10.0,10.923076923076923,16017.50232348004,15905.88037997782,speed_to_volume:s3+period_volume_anchor,speed_to_volume_proxy
SYN_I405_001,SYN_TMC_001,18:50,PM,5,1303.380957578884,1027.3061709686485,1303.380957578884,34.11789999529315,111.62194350224371,134.6281757197633,10.0,10.923076923076923,16126.11740327828,15991.48922755854,speed_to_volume:s3+period_volume_anchor,speed_to_volume_proxy
SYN_I405_001,SYN_TMC_001,18:55,PM,5,1333.8985231900356,1095.2106754115762,1333.8985231900356,36.98925210482098,134.6281757197633,154.51882970130157,10.0,10.923076923076923,16237.275613544116,16082.756783842839,speed_to_volume:s3+period_volume_anchor,speed_to_volume_proxy
SYN_I405_001,SYN_TMC_001,19:00,NT2,5,1358.5667946574758,1163.1151798545038,1358.5667946574758,40.07473698109963,154.51882970130157,170.8064642682159,10.0,10.923076923076923,16350.489513098906,16179.683048830713,speed_to_volume:s3+period_volume_anchor,speed_to_volume_proxy
SYN_I405_001,SYN_TMC_001,19:05,NT2,5,1375.0905917090977,1231.0196842974315,1375.0905917090977,43.50942782699296,170.8064642682159,182.8123732191881,10.0,10.923076923076923,16465.08039574133,16282.268022522167,speed_to_volume:s3+period_volume_anchor,speed_to_volume_proxy
SYN_I405_001,SYN_TMC_001,19:10,NT2,5,1378.7750765604417,1298.924188740359,1378.7750765604417,46.23443747697905,182.8123732191881,189.46661387086164,10.0,10.923076923076923,16579.978318788035,16390.511704917197,speed_to_volume:s3+period_volume_anchor,speed_to_volume_proxy
SYN_I405_001,SYN_TMC_001,19:15,NT2,5,1370.3165399800719,1366.8286931832868,1370.3165399800719,49.42478515643439,189.46661387086164,189.75726777059373,10.0,10.923076923076923,16694.171363786376,16504.414096015804,speed_to_volume:s3+period_volume_anchor,speed_to_volume_proxy
SYN_I405_001,SYN_TMC_001,19:20,NT2,5,1350.0188389797056,1366.8286931832868,1350.0188389797056,52.09252771373392,189.75726777059373,188.35644658696197,10.0,10.923076923076923,16806.672933701353,16618.31648711441,speed_to_volume:s3+period_volume_anchor,speed_to_volume_proxy
SYN_I405_001,SYN_TMC_001,19:25,NT2,5,1318.9194828103173,1366.8286931832868,1318.9194828103173,54.4498808907915,188.35644658696197,184.3640123892145,10.0,10.923076923076923,16916.582890602214,16732.218878213018,speed_to_volume:s3+period_volume_anchor,speed_to_volume_proxy
SYN_I405_001,SYN_TMC_001,19:30,NT2,5,1276.4814833037099,1366.8286931832868,1276.4814833037099,56.576206226349015,184.3640123892145,176.8350782325831,10.0,10.923076923076923,17022.95634754419,16846.121269311625,speed_to_volume:s3+period_volume_anchor,speed_to_volume_proxy
SYN_I405_001,SYN_TMC_001,19:35,NT2,5,1219.3532010170707,1366.8286931832868,1219.3532010170707,58.557545237998525,176.8350782325831,164.54545388539844,10.0,10.923076923076923,17124.569114295613,16960.023660410232,speed_to_volume:s3+period_volume_anchor,speed_to_volume_proxy
SYN_I405_001,SYN_TMC_001,19:40,NT2,5,1164.9580194922562,1366.8286931832868,1164.9580194922562,59.932241427182575,164.54545388539844,147.7228977444792,10.0,10.923076923076923,17221.6489492533,17073.92605150884,speed_to_volume:s3+period_volume_anchor,speed_to_volume_proxy
SYN_I405_001,SYN_TMC_001,19:45,NT2,5,1105.9788954800981,1366.8286931832868,1105.9788954800981,61.07107922664282,147.7228977444792,125.98541460254681,10.0,10.923076923076923,17313.813857209974,17187.828442607446,speed_to_volume:s3+period_volume_anchor,speed_to_volume_proxy
SYN_I405_001,SYN_TMC_001,19:50,NT2,5,1039.52190521749,1366.8286931832868,1039.52190521749,62.05285428972864,125.98541460254681,98.70984893873042,5.0,5.923076923076923,17400.440682644767,17301.730833706053,speed_to_volume:s3+period_volume_anchor,speed_to_volume_proxy
SYN_I405_001,SYN_TMC_001,19:55,NT2,5,975.8796816928974,1366.8286931832868,975.8796816928974,62.77605045865221,98.70984893873042,66.13076464786464,5.0,5.923076923076923,17481.76398945251,17415.63322480466,speed_to_volume:s3+period_volume_anchor,speed_to_volume_proxy
SYN_I405_001,SYN_TMC_001,20:00,NT2,5,918.0607512341393,1366.8286931832868,918.0607512341393,63.29334897824888,66.13076464786464,28.73343615210233,5.0,5.923076923076923,17558.269052055355,17529.535615903267,speed_to_volume:s3+period_volume_anchor,speed_to_volume_proxy
SYN_I405_001,SYN_TMC_001,20:05,NT2,5,857.3799457461806,1366.8286931832868,857.3799457461806,63.7235096405628,28.73343615210233,0.0,0.0,0.9230769230769231,17629.717380867536,17629.71738086755,speed_to_volume:s3+period_volume_anchor,speed_to_volume_proxy
SYN_I405_001,SYN_TMC_001,20:10,NT2,5,802.950954339315,1366.8286931832868,802.950954339315,64.02974449065755,0.0,0.0,0.0,0.9230769230769231,17696.629960395814,17696.62996039583,speed_to_volume:s3+period_volume_anchor,speed_to_volume_proxy
SYN_I405_001,SYN_TMC_001,20:15,NT2,5,750.2313470605085,1366.8286931832868,750.2313470605085,64.26735025650432,0.0,0.0,0.0,0.9230769230769231,17759.149239317525,17759.14923931754,speed_to_volume:s3+period_volume_anchor,speed_to_volume_proxy
SYN_I405_001,SYN_TMC_001,20:20,NT2,5,705.7028194903984,1366.8286931832868,705.7028194903984,64.43001614713278,0.0,0.0,0.0,0.9230769230769231,17817.957807608393,17817.957807608407,speed_to_volume:s3+period_volume_anchor,speed_to_volume_proxy
SYN_I405_001,SYN_TMC_001,20:25,NT2,5,661.766368355223,1366.8286931832868,661.766368355223,64.56148578100215,0.0,0.0,0.0,0.9230769230769231,17873.105004971327,17873.10500497134,speed_to_volume:s3+period_volume_anchor,speed_to_volume_proxy
SYN_I405_001,SYN_TMC_001,20:30,NT2,5,620.9146910390969,1366.8286931832868,620.9146910390969,64.66145636485324,0.0,0.0,0.0,0.9230769230769231,17924.847895891253,17924.847895891267,speed_to_volume:s3+period_volume_anchor,speed_to_volume_proxy
SYN_I405_001,SYN_TMC_001,20:35,NT2,5,582.7677183813689,1366.8286931832868,582.7677183813689,64.73807058140326,0.0,0.0,0.0,0.9230769230769231,17973.411872423032,17973.411872423047,speed_to_volume:s3+period_volume_anchor,speed_to_volume_proxy
SYN_I405_001,SYN_TMC_001,20:40,NT2,5,551.1913596678896,1366.8286931832868,551.1913596678896,64.790816207535,0.0,0.0,0.0,0.9230769230769231,18019.34448572869,18019.344485728703,speed_to_volume:s3+period_volume_anchor,speed_to_volume_proxy
SYN_I405_001,SYN_TMC_001,20:45,NT2,5,521.3839815522141,1366.8286931832868,521.3839815522141,64.83279639149808,0.0,0.0,0.0,0.9230769230769231,18062.79315085804,18062.793150858055,speed_to_volume:s3+period_volume_anchor,speed_to_volume_proxy
SYN_I405_001,SYN_TMC_001,20:50,NT2,5,494.8313811972698,1366.8286931832868,494.8313811972698,64.86450850463802,0.0,0.0,0.0,0.9230769230769231,18104.029099291147,18104.02909929116,speed_to_volume:s3+period_volume_anchor,speed_to_volume_proxy
SYN_I405_001,SYN_TMC_001,20:55,NT2,5,473.6812197990756,1366.8286931832868,473.6812197990756,64.88632593791961,0.0,0.0,0.0,0.9230769230769231,18143.502534274405,18143.50253427442,speed_to_volume:s3+period_volume_anchor,speed_to_volume_proxy
SYN_I405_001,SYN_TMC_001,21:00,NT2,5,456.38649651829303,1366.8286931832868,456.38649651829303,64.90210005916839,0.0,0.0,0.0,0.9230769230769231,18181.534742317595,18181.53474231761,speed_to_volume:s3+period_volume_anchor,speed_to_volume_proxy
SYN_I405_001,SYN_TMC_001,21:05,NT2,5,435.84508946110935,1366.8286931832868,435.84508946110935,64.91862312611563,0.0,0.0,0.0,0.9230769230769231,18217.855166439356,18217.85516643937,speed_to_volume:s3+period_volume_anchor,speed_to_volume_proxy
SYN_I405_001,SYN_TMC_001,21:10,NT2,5,419.96287030616804,1366.8286931832868,419.96287030616804,64.92988273034862,0.0,0.0,0.0,0.9230769230769231,18252.852072298203,18252.852072298218,speed_to_volume:s3+period_volume_anchor,speed_to_volume_proxy
SYN_I405_001,SYN_TMC_001,21:15,NT2,5,405.91939358485325,1366.8286931832868,405.91939358485325,64.9388230063902,0.0,0.0,0.0,0.9230769230769231,18286.678688430275,18286.67868843029,speed_to_volume:s3+period_volume_anchor,speed_to_volume_proxy
SYN_I405_001,SYN_TMC_001,21:20,NT2,5,396.126425666052,1366.8286931832868,396.126425666052,64.94452896620308,0.0,0.0,0.0,0.9230769230769231,18319.689223902446,18319.68922390246,speed_to_volume:s3+period_volume_anchor,speed_to_volume_proxy
SYN_I405_001,SYN_TMC_001,21:25,NT2,5,383.98586475043163,1366.8286931832868,383.98586475043163,64.95103571292913,0.0,0.0,0.0,0.9230769230769231,18351.68804596498,18351.688045964995,speed_to_volume:s3+period_volume_anchor,speed_to_volume_proxy
SYN_I405_001,SYN_TMC_001,21:30,NT2,5,375.3081029199379,1366.8286931832868,375.3081029199379,64.9553218221275,0.0,0.0,0.0,0.9230769230769231,18382.963721208307,18382.96372120832,speed_to_volume:s3+period_volume_anchor,speed_to_volume_proxy
SYN_I405_001,SYN_TMC_001,21:35,NT2,5,367.3197321519597,1366.8286931832868,367.3197321519597,64.95901209408564,0.0,0.0,0.0,0.9230769230769231,18413.573698887638,18413.573698887652,speed_to_volume:s3+period_volume_anchor,speed_to_volume_proxy
SYN_I405_001,SYN_TMC_001,21:40,NT2,5,360.69685735280405,1366.8286931832868,360.69685735280405,64.96189369142579,0.0,0.0,0.0,0.9230769230769231,18443.631770333704,18443.63177033372,speed_to_volume:s3+period_volume_anchor,speed_to_volume_proxy
SYN_I405_001,SYN_TMC_001,21:45,NT2,5,354.4644854466873,1366.8286931832868,354.4644854466873,64.96446370159511,0.0,0.0,0.0,0.9230769230769231,18473.170477454263,18473.170477454278,speed_to_volume:s3+period_volume_anchor,speed_to_volume_proxy
SYN_I405_001,SYN_TMC_001,21:50,NT2,5,350.3105834315824,1366.8286931832868,350.3105834315824,64.96610274119068,0.0,0.0,0.0,0.9230769230769231,18502.363026073563,18502.363026073577,speed_to_volume:s3+period_volume_anchor,speed_to_volume_proxy
SYN_I405_001,SYN_TMC_001,21:55,NT2,5,344.77774779750666,1366.8286931832868,344.77774779750666,64.96819685284383,0.0,0.0,0.0,0.9230769230769231,18531.094505056688,18531.094505056702,speed_to_volume:s3+period_volume_anchor,speed_to_volume_proxy
SYN_I405_001,SYN_TMC_001,22:00,NT2,5,341.20560819554754,1366.8286931832868,341.20560819554754,64.96949621195901,0.0,0.0,0.0,0.9230769230769231,18559.528305739652,18559.528305739666,speed_to_volume:s3+period_volume_anchor,speed_to_volume_proxy
SYN_I405_001,SYN_TMC_001,22:05,NT2,5,338.9341115218175,1366.8286931832868,338.9341115218175,64.97030145082496,0.0,0.0,0.0,0.9230769230769231,18587.772815033135,18587.77281503315,speed_to_volume:s3+period_volume_anchor,speed_to_volume_proxy
SYN_I405_001,SYN_TMC_001,22:10,NT2,5,336.72649085831233,1366.8286931832868,336.72649085831233,64.97106863948497,0.0,0.0,0.0,0.9230769230769231,18615.833355937993,18615.833355938008,speed_to_volume:s3+period_volume_anchor,speed_to_volume_proxy
SYN_I405_001,SYN_TMC_001,22:15,NT2,5,335.49829340119425,1366.8286931832868,335.49829340119425,64.9714889602296,0.0,0.0,0.0,0.9230769230769231,18643.79154705476,18643.791547054774,speed_to_volume:s3+period_volume_anchor,speed_to_volume_proxy
SYN_I405_001,SYN_TMC_001,22:20,NT2,5,331.67579128311775,1366.8286931832868,331.67579128311775,64.97276780833575,0.0,0.0,0.0,0.9230769230769231,18671.431196328354,18671.43119632837,speed_to_volume:s3+period_volume_anchor,speed_to_volume_proxy
SYN_I405_001,SYN_TMC_001,22:25,NT2,5,330.778523661608,1366.8286931832868,330.778523661608,64.97306164366536,0.0,0.0,0.0,0.9230769230769231,18698.996073300154,18698.996073300168,speed_to_volume:s3+period_volume_anchor,speed_to_volume_proxy
SYN_I405_001,SYN_TMC_001,22:30,NT2,5,330.16099886995477,1366.8286931832868,330.16099886995477,64.9732624813344,0.0,0.0,0.0,0.9230769230769231,18726.50948987265,18726.509489872664,speed_to_volume:s3+period_volume_anchor,speed_to_volume_proxy
SYN_I405_001,SYN_TMC_001,22:35,NT2,5,328.17170247593225,1366.8286931832868,328.17170247593225,64.97390182013672,0.0,0.0,0.0,0.9230769230769231,18753.857131745644,18753.85713174566,speed_to_volume:s3+period_volume_anchor,speed_to_volume_proxy
SYN_I405_001,SYN_TMC_001,22:40,NT2,5,328.4048640776303,1366.8286931832868,328.4048640776303,64.97382748482207,0.0,0.0,0.0,0.9230769230769231,18781.224203752114,18781.22420375213,speed_to_volume:s3+period_volume_anchor,speed_to_volume_proxy
SYN_I405_001,SYN_TMC_001,22:45,NT2,5,328.7340229714692,1366.8286931832868,328.7340229714692,64.97372227358122,0.0,0.0,0.0,0.9230769230769231,18808.618705666402,18808.618705666417,speed_to_volume:s3+period_volume_anchor,speed_to_volume_proxy
SYN_I405_001,SYN_TMC_001,22:50,NT2,5,328.4886558303989,1366.8286931832868,328.4886558303989,64.97380073198454,0.0,0.0,0.0,0.9230769230769231,18835.992760318935,18835.99276031895,speed_to_volume:s3+period_volume_anchor,speed_to_volume_proxy
SYN_I405_001,SYN_TMC_001,22:55,NT2,5,326.70286171323477,1366.8286931832868,326.70286171323477,64.97436646839172,0.0,0.0,0.0,0.9230769230769231,18863.217998795037,18863.21799879505,speed_to_volume:s3+period_volume_anchor,speed_to_volume_proxy
SYN_I405_001,SYN_TMC_001,23:00,NT2,5,325.7267716497911,1366.8286931832868,325.7267716497911,64.97467178624332,0.0,0.0,0.0,0.9230769230769231,18890.361896432518,18890.361896432532,speed_to_volume:s3+period_volume_anchor,speed_to_volume_proxy
SYN_I405_001,SYN_TMC_001,23:05,NT2,5,325.3223523204576,1366.8286931832868,325.3223523204576,64.97479748370704,0.0,0.0,0.0,0.9230769230769231,18917.472092459222,18917.472092459237,speed_to_volume:s3+period_volume_anchor,speed_to_volume_proxy
SYN_I405_001,SYN_TMC_001,23:10,NT2,5,326.5680671419918,1366.8286931832868,326.5680671419918,64.97440879535073,0.0,0.0,0.0,0.9230769230769231,18944.68609805439,18944.686098054404,speed_to_volume:s3+period_volume_anchor,speed_to_volume_proxy
SYN_I405_001,SYN_TMC_001,23:15,NT2,5,326.3386076079324,1366.8286931832868,326.3386076079324,64.97448072736907,0.0,0.0,0.0,0.9230769230769231,18971.880982021718,18971.880982021732,speed_to_volume:s3+period_volume_anchor,speed_to_volume_proxy
SYN_I405_001,SYN_TMC_001,23:20,NT2,5,326.6535850578944,1366.8286931832868,326.6535850578944,64.97438194788937,0.0,0.0,0.0,0.9230769230769231,18999.102114109875,18999.10211410989,speed_to_volume:s3+period_volume_anchor,speed_to_volume_proxy
SYN_I405_001,SYN_TMC_001,23:25,NT2,5,325.82863023374557,1366.8286931832868,325.82863023374557,64.97464005351121,0.0,0.0,0.0,0.9230769230769231,19026.254499962688,19026.254499962703,speed_to_volume:s3+period_volume_anchor,speed_to_volume_proxy
SYN_I405_001,SYN_TMC_001,23:30,NT2,5,325.59276690500644,1366.8286931832868,325.59276690500644,64.97471348826116,0.0,0.0,0.0,0.9230769230769231,19053.387230538105,19053.38723053812,speed_to_volume:s3+period_volume_anchor,speed_to_volume_proxy
SYN_I405_001,SYN_TMC_001,23:35,NT2,5,325.08273819770346,1366.8286931832868,325.08273819770346,64.97487173672722,0.0,0.0,0.0,0.9230769230769231,19080.477458721245,19080.47745872126,speed_to_volume:s3+period_volume_anchor,speed_to_volume_proxy
SYN_I405_001,SYN_TMC_001,23:40,NT2,5,325.37841412148975,1366.8286931832868,325.37841412148975,64.97478008718716,0.0,0.0,0.0,0.9230769230769231,19107.592326564703,19107.592326564718,speed_to_volume:s3+period_volume_anchor,speed_to_volume_proxy
SYN_I405_001,SYN_TMC_001,23:45,NT2,5,324.826548790075,1366.8286931832868,324.826548790075,64.97495094431437,0.0,0.0,0.0,0.9230769230769231,19134.661205630542,19134.661205630557,speed_to_volume:s3+period_volume_anchor,speed_to_volume_proxy
SYN_I405_001,SYN_TMC_001,23:50,NT2,5,325.0426000363431,1366.8286931832868,325.0426000363431,64.9748841588889,0.0,0.0,0.0,0.9230769230769231,19161.748088966902,19161.748088966917,speed_to_volume:s3+period_volume_anchor,speed_to_volume_proxy
SYN_I405_001,SYN_TMC_001,23:55,NT2,5,324.039949994519,1366.8286931832868,324.039949994519,64.9751929702871,0.0,0.0,0.0,0.9230769230769231,19188.751418133113,19188.751418133128,speed_to_volume:s3+period_volume_anchor,speed_to_volume_proxy
