timestamp_la,time_bin,period,episode_id,observed_speed_mph,smoothed_speed_mph,baseline_free_speed_mph,observed_arrival_vph,count_reference_lambda_vph,inferred_lambda_vph,reference_mu_vph,observed_discharge_vph,speed_delay_diagnostic_queue_veh,cumulative_count_gap_veh,count_queue_raw_veh,count_queue_drift_corrected_veh,count_reference_queue_veh,forward_queue_veh,forward_outflow_vph,reconstructed_speed_mph,upstream_pct_observed,ramp_pct_observed,downstream_pct_observed
2025-07-29 00:00:00-07:00,0,NT1,0,70.2,70.35,68.7081293148135,1164.0,1164.0,1362.0,1362.0,1440.0,0.0,0.0,,,0.0,0.0,1362.0,68.7081293148135,100.0,100.0,100.0
2025-07-29 00:05:00-07:00,1,NT1,0,70.5,70.5,68.83356326497432,1042.3358482285714,1042.3358482285714,1284.0,1284.0,1284.0,0.0,-23.0,,,0.0,0.0,1284.0,68.83356326497432,80.0,100.0,100.0
2025-07-29 00:10:00-07:00,2,NT1,0,70.8,70.5,68.95162161238164,1000.0610633142857,1000.0610633142857,1188.0,1188.0,1188.0,0.0,-43.13867931428571,,,0.0,0.0,1188.0,68.95162161238164,80.0,100.0,100.0
2025-07-29 00:15:00-07:00,3,NT1,0,70.3,70.3,69.06244303226178,1119.8778733714284,1119.8778733714284,1188.0,1188.0,948.0,0.0,-58.80025737142857,,,0.0,0.0,1188.0,69.06244303226178,80.0,100.0,100.0
2025-07-29 00:20:00-07:00,4,NT1,0,69.5,70.3,69.16616520467356,1133.7252150857144,1133.7252150857144,1080.0,1080.0,1284.0,0.0,-44.47710125714287,,,0.0,0.0,1080.0,69.16616520467356,80.0,100.0,100.0
2025-07-29 00:25:00-07:00,5,NT1,0,71.9,70.8,69.2629248145084,1182.0915949714285,1182.0915949714285,1236.0,1236.0,1080.0,0.0,-57.00000000000001,,,0.0,0.0,1236.0,69.2629248145084,80.0,100.0,100.0
2025-07-29 00:30:00-07:00,6,NT1,0,70.8,70.8,69.35285755149029,1173.7862784,1173.7862784,1080.0,1080.0,1236.0,0.0,-48.49236708571429,,,0.0,0.0,1080.0,69.35285755149029,80.0,100.0,100.0
2025-07-29 00:35:00-07:00,7,NT1,0,68.9,70.3,69.43609811017582,1198.1526582857143,1198.1526582857143,1176.0,1176.0,1056.0,0.0,-53.6768438857143,,,0.0,0.0,1176.0,69.43609811017582,80.0,100.0,100.0
2025-07-29 00:40:00-07:00,8,NT1,0,70.3,69.1,69.51278018995411,1040.3053165714286,1040.3053165714286,1152.0,1152.0,1176.0,0.0,-41.83078902857144,,,0.0,0.0,1152.0,69.51278018995411,80.0,100.0,100.0
2025-07-29 00:45:00-07:00,9,NT1,0,69.1,70.1,69.58303649504691,1034.030531657143,1034.030531657143,1176.0,1176.0,1152.0,0.0,-53.13867931428572,,,0.0,0.0,1176.0,69.58303649504691,100.0,100.0,100.0
2025-07-29 00:50:00-07:00,10,NT1,0,70.1,69.1,69.6469987345085,1033.8473417142857,1033.8473417142857,1152.0,1152.0,1224.0,0.0,-62.969468342857134,,,0.0,0.0,1152.0,69.6469987345085,80.0,100.0,100.0
2025-07-29 00:55:00-07:00,11,NT1,0,67.2,67.2,69.70479762222575,950.3969115428571,950.3969115428571,984.0,984.0,984.0,0.0,-78.8155232,,,0.0,0.0,984.0,69.70479762222575,80.0,100.0,100.0
2025-07-29 01:00:00-07:00,12,NT1,0,66.3,66.3,69.75656287691814,1350.6566070857145,1350.6566070857145,924.0,924.0,924.0,0.0,-81.61578057142857,,,0.0,0.0,924.0,69.75656287691814,100.0,100.0,100.0
2025-07-29 01:05:00-07:00,13,NT1,0,64.8,65.8,69.80242322213768,913.6487094857141,913.6487094857141,816.0,816.0,576.0,0.0,-46.0610633142857,,,0.0,0.0,816.0,69.80242322213768,100.0,100.0,100.0
2025-07-29 01:10:00-07:00,14,NT1,0,65.8,65.8,69.84250638626897,700.2442532571429,700.2442532571429,612.0,612.0,816.0,0.0,-17.923670857142856,,,0.0,0.0,612.0,69.84250638626897,100.0,100.0,100.0
2025-07-29 01:15:00-07:00,15,NT1,0,66.0,66.0,69.87693910252919,725.9084050285715,725.9084050285715,804.0,804.0,612.0,0.0,-27.569983085714284,,,0.0,0.0,804.0,69.87693910252919,100.0,100.0,100.0
2025-07-29 01:20:00-07:00,16,NT1,0,68.5,68.5,69.9058471089681,678.0915949714285,678.0915949714285,612.0,612.0,804.0,0.0,-18.077616,,,0.0,0.0,612.0,69.9058471089681,100.0,100.0,100.0
2025-07-29 01:25:00-07:00,17,NT1,0,68.8,68.5,69.92935514846803,588.3663798857142,588.3663798857142,660.0,660.0,492.0,0.0,-28.569983085714284,,,0.0,0.0,660.0,69.92935514846803,100.0,100.0,100.0
2025-07-29 01:30:00-07:00,18,NT1,0,66.3,67.0,69.94758696874389,615.8778733714287,615.8778733714287,552.0,552.0,660.0,0.0,-20.539451428571436,,,0.0,0.0,552.0,69.94758696874389,100.0,100.0,100.0
2025-07-29 01:35:00-07:00,19,NT1,0,67.0,67.0,69.96066532234317,621.9694683428571,621.9694683428571,660.0,660.0,552.0,0.0,-24.216295314285713,,,0.0,0.0,660.0,69.96066532234317,100.0,100.0,100.0
2025-07-29 01:40:00-07:00,20,NT1,0,70.1,68.6,69.96871196664593,845.175645257143,845.175645257143,552.0,552.0,900.0,0.0,-18.385506285714285,,,0.0,0.0,552.0,69.96871196664593,100.0,100.0,100.0
2025-07-29 01:45:00-07:00,21,NT1,0,68.6,69.3,69.97184766386478,596.8548863999997,596.8548863999997,612.0,612.0,480.0,0.0,-22.954202514285704,,,0.0,0.0,612.0,69.97184766386478,80.0,100.0,100.0
2025-07-29 01:50:00-07:00,22,NT1,0,69.3,69.0,69.97019218104496,657.7862784,657.7862784,492.0,492.0,612.0,0.0,-13.216295314285729,,,0.0,0.0,492.0,69.97019218104496,80.0,100.0,100.0
2025-07-29 01:55:00-07:00,23,NT1,0,69.0,69.3,69.96386429006427,478.5190381714285,478.5190381714285,588.0,588.0,492.0,0.0,-9.400772114285727,,,0.0,0.0,588.0,69.96386429006427,80.0,100.0,100.0
2025-07-29 02:00:00-07:00,24,NT1,0,69.8,69.3,69.95298176763303,463.9389366857143,463.9389366857143,588.0,588.0,588.0,0.0,-10.524185600000017,,,0.0,0.0,588.0,69.95298176763303,100.0,100.0,100.0
2025-07-29 02:05:00-07:00,25,NT1,0,69.3,69.8,69.93766139529423,585.6030884571428,585.6030884571428,588.0,588.0,624.0,0.0,-20.86260754285716,,,0.0,0.0,588.0,69.93766139529423,80.0,100.0,100.0
2025-07-29 02:10:00-07:00,26,NT1,0,71.2,69.9,69.91801895942336,560.1221266285714,560.1221266285714,480.0,480.0,480.0,0.0,-24.06235017142859,,,0.0,0.0,480.0,69.91801895942336,80.0,100.0,100.0
2025-07-29 02:15:00-07:00,27,NT1,0,69.9,69.9,69.89416925122852,488.3053165714285,488.3053165714285,480.0,480.0,360.0,0.0,-17.385506285714307,,,0.0,0.0,480.0,69.89416925122852,80.0,100.0,100.0
2025-07-29 02:20:00-07:00,28,NT1,0,69.0,69.9,69.86622606675037,398.2137216,398.2137216,492.0,492.0,552.0,0.0,-6.6933965714286,,,0.0,0.0,492.0,69.86622606675037,100.0,100.0,100.0
2025-07-29 02:25:00-07:00,29,NT1,0,70.0,70.0,69.83430220686216,946.1681005714291,946.1681005714291,552.0,552.0,492.0,0.0,-19.5089197714286,,,0.0,0.0,552.0,69.83430220686216,100.0,100.0,100.0
2025-07-29 02:30:00-07:00,30,NT1,0,70.4,70.0,69.79850947726973,673.2823295999997,673.2823295999997,600.0,600.0,612.0,0.0,18.33842194285716,,,0.0,0.0,600.0,69.79850947726973,100.0,100.0,100.0
2025-07-29 02:35:00-07:00,31,NT1,0,69.6,70.4,69.75895868851146,546.0915949714285,546.0915949714285,600.0,600.0,600.0,0.0,23.44528274285713,,,0.0,0.0,600.0,69.75895868851146,100.0,100.0,100.0
2025-07-29 02:40:00-07:00,32,NT1,0,70.4,70.0,69.71575965595832,623.8168100571429,623.8168100571429,588.0,588.0,588.0,0.0,18.952915657142846,,,0.0,0.0,588.0,69.71575965595832,100.0,100.0,100.0
2025-07-29 02:45:00-07:00,33,NT1,0,70.0,70.0,69.66902119981387,562.1526582857142,562.1526582857142,588.0,588.0,564.0,0.0,21.93764982857142,,,0.0,0.0,588.0,69.66902119981387,100.0,100.0,100.0
2025-07-29 02:50:00-07:00,34,NT1,0,69.4,69.4,69.61885114511423,703.5725568,703.5725568,564.0,564.0,660.0,0.0,21.78370468571427,,,0.0,0.0,564.0,69.61885114511423,100.0,100.0,100.0
2025-07-29 02:55:00-07:00,35,NT1,0,69.2,69.2,69.56535632172812,560.4885065142855,560.4885065142855,492.0,492.0,480.0,0.0,25.414751085714272,,,0.0,0.0,492.0,69.56535632172812,100.0,100.0,100.0
2025-07-29 03:00:00-07:00,36,NT1,0,68.1,69.2,69.50864256435679,472.24425325714276,472.24425325714276,492.0,492.0,492.0,0.0,32.1221266285714,,,0.0,0.0,492.0,69.50864256435679,100.0,100.0,100.0
2025-07-29 03:05:00-07:00,37,NT1,0,69.3,69.3,69.44881471253412,585.4198985142857,585.4198985142857,492.0,492.0,720.0,0.0,30.475814399999965,,,0.0,0.0,492.0,69.44881471253412,100.0,100.0,100.0
2025-07-29 03:10:00-07:00,38,NT1,0,69.6,69.4,69.38597661062651,550.3358482285713,550.3358482285713,624.0,624.0,480.0,0.0,19.260805942857107,,,0.0,0.0,624.0,69.38597661062651,100.0,100.0,100.0
2025-07-29 03:15:00-07:00,39,NT1,0,69.4,69.6,69.320231107833,613.6641517714287,613.6641517714287,624.0,624.0,624.0,0.0,25.122126628571383,,,0.0,0.0,624.0,69.320231107833,100.0,100.0,100.0
2025-07-29 03:20:00-07:00,40,NT1,0,70.3,70.3,69.25168005818516,785.5420251428571,785.5420251428571,636.0,636.0,780.0,0.0,24.260805942857107,,,0.0,0.0,636.0,69.25168005818516,100.0,100.0,100.0
2025-07-29 03:25:00-07:00,41,NT1,0,71.8,70.3,69.18042432054715,1418.2291638857148,1418.2291638857148,780.0,780.0,636.0,0.0,24.722641371428537,,,0.0,0.0,780.0,69.18042432054715,100.0,100.0,100.0
2025-07-29 03:30:00-07:00,42,NT1,0,68.9,70.3,69.1065637586157,3298.565365028573,3298.565365028573,804.0,804.0,804.0,0.0,89.90840502857144,,,0.0,0.0,804.0,69.1065637586157,100.0,100.0,100.0
2025-07-29 03:35:00-07:00,43,NT1,0,70.3,70.3,69.03019724092013,3400.7938230857144,3400.7938230857144,888.0,888.0,996.0,0.0,297.7888521142859,,,0.0,0.0,888.0,69.03019724092013,100.0,100.0,100.0
2025-07-29 03:40:00-07:00,44,NT1,0,70.7,70.4,68.95142264082233,1318.2895213714269,1318.2895213714269,996.0,996.0,888.0,0.0,498.1883373714287,,,0.0,0.0,996.0,68.95142264082233,80.0,100.0,100.0
2025-07-29 03:45:00-07:00,45,NT1,0,70.4,70.7,68.87033683651674,1007.6336201142858,1007.6336201142858,1176.0,1176.0,1260.0,0.0,534.0457974857143,,,0.0,0.0,1176.0,68.87033683651674,100.0,100.0,100.0
2025-07-29 03:50:00-07:00,46,NT1,0,70.9,70.4,68.78703571103043,1209.4198985142857,1209.4198985142857,1260.0,1260.0,1176.0,0.0,513.0152658285714,,,0.0,0.0,1260.0,68.78703571103043,100.0,100.0,100.0
2025-07-29 03:55:00-07:00,47,NT1,0,69.9,70.2,68.701614152223,1359.8778733714287,1359.8778733714287,1332.0,1332.0,1368.0,0.0,515.8002573714285,,,0.0,0.0,1332.0,68.701614152223,100.0,100.0,100.0
2025-07-29 04:00:00-07:00,48,NT1,0,70.2,69.9,68.61416605278664,1042.8854180571425,1042.8854180571425,1332.0,1332.0,1332.0,0.0,515.1234134857143,,,0.0,0.0,1332.0,68.61416605278664,100.0,100.0,100.0
2025-07-29 04:05:00-07:00,49,NT1,0,69.6,69.6,68.52478431024612,964.0610633142859,964.0610633142859,1332.0,1332.0,1176.0,0.0,491.03053165714283,,,0.0,0.0,1332.0,68.52478431024612,100.0,100.0,100.0
2025-07-29 04:10:00-07:00,50,NT1,0,69.4,69.6,68.4335608269588,1382.7787337142831,1382.7787337142831,1416.0,1416.0,1416.0,0.0,473.3689536,,,0.0,0.0,1416.0,68.4335608269588,100.0,100.0,100.0
2025-07-29 04:15:00-07:00,51,NT1,0,69.7,69.7,68.34058651011458,1882.717670399998,1882.717670399998,1512.0,1512.0,1512.0,0.0,470.60051474285694,,,0.0,0.0,1512.0,68.34058651011458,100.0,100.0,100.0
2025-07-29 04:20:00-07:00,52,NT1,0,70.3,70.3,68.24595127173596,2526.473417142854,2526.473417142854,1836.0,1836.0,1836.0,0.0,501.4936539428568,,,0.0,0.0,1836.0,68.24595127173596,100.0,100.0,100.0
2025-07-29 04:25:00-07:00,53,NT1,0,70.7,70.3,68.14974402867803,2093.5265828571464,2093.5265828571464,2256.0,2256.0,2256.0,0.0,559.033105371428,,,0.0,0.0,2256.0,68.14974402867803,80.0,100.0,100.0
2025-07-29 04:30:00-07:00,54,NT1,0,69.7,69.7,68.05205270262842,2183.2672402285702,2183.2672402285702,2412.0,2412.0,2412.0,0.0,545.4936539428568,,,0.0,0.0,2412.0,68.05205270262842,80.0,100.0,100.0
2025-07-29 04:35:00-07:00,55,NT1,0,68.9,69.6,67.95296422010736,4072.6569599999884,4072.6569599999884,3036.0,3036.0,3516.0,0.0,526.432590628571,,,0.0,0.0,3036.0,67.95296422010736,100.0,100.0,100.0
2025-07-29 04:40:00-07:00,56,NT1,0,69.6,69.5,67.85256451246765,4798.717670399998,4798.717670399998,3516.0,3516.0,3036.0,0.0,572.82067062857,,,0.0,0.0,3516.0,67.85256451246765,100.0,100.0,100.0
2025-07-29 04:45:00-07:00,57,NT1,0,69.5,69.6,67.75093851589466,3617.8775204571484,3617.8775204571484,3780.0,3780.0,3984.0,0.0,719.7138098285698,,,0.0,0.0,3780.0,67.75093851589466,80.0,100.0,100.0
2025-07-29 04:50:00-07:00,58,NT1,0,71.4,69.7,67.64817017140636,3218.5801014857157,3218.5801014857157,3780.0,3780.0,3780.0,0.0,689.2036031999988,,,0.0,0.0,3780.0,67.64817017140636,80.0,100.0,100.0
2025-07-29 04:55:00-07:00,59,NT1,0,69.7,70.9,67.54434242485328,2685.587646171432,2685.587646171432,3456.0,3456.0,3300.0,0.0,642.4186116571418,,,0.0,0.0,3456.0,67.54434242485328,100.0,100.0,100.0
2025-07-29 05:00:00-07:00,60,NT1,0,70.9,70.9,67.43953722691852,3012.5650121142835,3012.5650121142835,3300.0,3300.0,3456.0,0.0,591.2175821714278,,,0.0,0.0,3300.0,67.43953722691852,100.0,100.0,100.0
2025-07-29 05:05:00-07:00,61,NT1,0,71.8,70.9,67.33383553311775,3101.9084050285715,3101.9084050285715,3432.0,3432.0,3096.0,0.0,554.2646665142847,,,0.0,0.0,3432.0,67.33383553311775,100.0,100.0,100.0
2025-07-29 05:10:00-07:00,62,NT1,0,70.5,71.2,67.22731730379925,4166.794175999993,4166.794175999993,3432.0,3432.0,3432.0,0.0,554.757033599999,,,0.0,0.0,3432.0,67.22731730379925,100.0,100.0,100.0
2025-07-29 05:15:00-07:00,63,NT1,0,71.2,70.5,67.12006150414383,3765.9540260571457,3765.9540260571457,4308.0,4308.0,4704.0,0.0,615.9898815999984,,,0.0,0.0,4308.0,67.12006150414383,80.0,100.0,100.0
2025-07-29 05:20:00-07:00,64,NT1,0,70.2,70.5,67.01214610416491,3945.4198985142843,3945.4198985142843,4308.0,4308.0,4308.0,0.0,537.8193837714272,,,0.0,0.0,4308.0,67.01214610416491,80.0,100.0,100.0
2025-07-29 05:25:00-07:00,65,NT1,0,70.5,70.2,66.90364807870849,3808.2442532571436,3808.2442532571436,4308.0,4308.0,4284.0,0.0,507.6043753142842,,,0.0,0.0,4308.0,66.90364807870849,80.0,100.0,100.0
2025-07-29 05:30:00-07:00,66,NT1,0,70.2,70.5,66.79464340745311,3543.1296713142874,3543.1296713142874,4896.0,4896.0,4896.0,0.0,467.9580630857128,,,0.0,0.0,4896.0,66.79464340745311,100.0,100.0,100.0
2025-07-29 05:35:00-07:00,67,NT1,0,72.1,70.4,66.68520707490993,5035.2370614857045,5035.2370614857045,5424.0,5424.0,5424.0,0.0,355.2188690285701,,,0.0,0.0,5424.0,66.68520707490993,100.0,100.0,100.0
2025-07-29 05:40:00-07:00,68,NT1,0,70.4,70.4,66.57541307042264,5119.373924571431,5119.373924571431,7080.0,7080.0,7080.0,0.0,322.8219574857122,,,0.0,0.0,7080.0,66.57541307042264,100.0,100.0,100.0
2025-07-29 05:45:00-07:00,69,NT1,0,70.3,70.4,66.46533438816756,5562.10703725714,5562.10703725714,7320.0,7320.0,7320.0,0.0,159.43645119999815,,,0.0,0.0,7320.0,66.46533438816756,100.0,100.0,100.0
2025-07-29 05:50:00-07:00,70,NT1,0,70.4,70.3,66.35504302715353,7165.328656457133,7165.328656457133,7320.0,7320.0,7740.0,0.0,12.945370971426513,,,0.0,0.0,7320.0,66.35504302715353,100.0,100.0,100.0
2025-07-29 05:55:00-07:00,71,NT1,0,70.2,70.2,66.244609991222,6897.587646171432,6897.587646171432,7224.0,7224.0,7224.0,0.0,-34.943907657145765,,,0.0,0.0,7224.0,66.244609991222,100.0,100.0,100.0
2025-07-29 06:00:00-07:00,72,AM,0,68.1,68.1,66.13410528904701,5704.961570742861,5704.961570742861,6744.0,6744.0,6744.0,0.0,-62.14493714285973,,,0.0,0.0,6744.0,66.13410528904701,100.0,100.0,100.0
2025-07-29 06:05:00-07:00,73,AM,0,67.7,67.7,66.02359793413514,5849.725215085714,5849.725215085714,6744.0,6744.0,6108.0,0.0,-148.73147291428796,,,0.0,0.0,6744.0,66.02359793413514,80.0,100.0,100.0
2025-07-29 06:10:00-07:00,74,AM,0,66.8,66.8,65.91315594482555,5790.274784914286,5790.274784914286,7824.0,7824.0,7848.0,0.0,-170.25437165714513,,,0.0,0.0,7824.0,65.91315594482555,100.0,100.0,100.0
2025-07-29 06:15:00-07:00,75,AM,0,65.8,65.8,65.80284634429,5628.549569828572,5628.549569828572,7848.0,7848.0,7824.0,0.0,-341.7314729142879,,,0.0,0.0,7848.0,65.80284634429,100.0,100.0,100.0
2025-07-29 06:20:00-07:00,76,AM,0,64.5,64.5,65.69273516053282,8281.54273097141,8281.54273097141,9432.0,9432.0,9432.0,0.0,-524.6856754285735,,,0.0,0.0,9432.0,65.69273516053282,100.0,100.0,100.0
2025-07-29 06:25:00-07:00,77,AM,0,63.0,63.0,65.5828874263909,10601.023339885704,10601.023339885704,10008.0,10008.0,10008.0,0.0,-620.5571145142893,35.4363629714295,40.89257574505598,0.0,0.0,10008.0,65.5828874263909,100.0,100.0,100.0
2025-07-29 06:30:00-07:00,78,AM,0,61.7,61.7,65.47336717953371,9681.57220388572,9681.57220388572,10008.0,10008.0,10116.0,0.0,-571.1385028571474,84.85497462857143,89.09869567472526,0.0,0.0,10008.0,65.47336717953371,100.0,100.0,100.0
2025-07-29 06:35:00-07:00,79,AM,0,61.0,61.0,65.36423746246332,9464.122126628572,9464.122126628572,10116.0,10116.0,9972.0,0.0,-607.340819200004,48.65265828571478,51.68388760439609,0.0,0.0,10116.0,65.36423746246332,100.0,100.0,100.0
2025-07-29 06:40:00-07:00,80,AM,0,59.7,59.7,65.25556032251436,10598.794175999992,10598.794175999992,10908.0,10908.0,10908.0,0.0,-649.6639753142897,6.329502171429112,8.1482397626379,0.0,0.0,10908.0,65.25556032251436,100.0,100.0,100.0
2025-07-29 06:45:00-07:00,81,AM,0,59.6,59.6,65.147396811854,10251.129671314287,10251.129671314287,10908.0,10908.0,10956.0,0.0,-675.4311273142904,0.0,0.0,0.0,0.0,10908.0,65.147396811854,100.0,100.0,100.0
2025-07-29 06:50:00-07:00,82,AM,0,58.8,59.3,65.03980698748205,10611.511493485714,10611.511493485714,10524.0,10524.0,10524.0,0.0,-734.1703213714331,0.0,0.0,0.0,0.0,10524.0,65.03980698748205,100.0,100.0,100.0
2025-07-29 06:55:00-07:00,83,AM,0,59.3,59.3,64.93284991123087,10277.16020297143,10277.16020297143,10332.0,10332.0,10080.0,0.0,-726.8776969142904,0.0,0.0,0.0,0.0,10332.0,64.93284991123087,100.0,100.0,100.0
2025-07-29 07:00:00-07:00,84,AM,0,60.4,59.3,64.82658364976538,10909.496404114281,10909.496404114281,10080.0,10080.0,10332.0,0.0,-710.4476800000045,0.0,0.0,0.0,0.0,10080.0,64.82658364976538,100.0,100.0,100.0
2025-07-29 07:05:00-07:00,85,AM,0,59.2,59.2,64.72106527458308,10370.19827931429,10370.19827931429,10032.0,10032.0,9948.0,0.0,-662.3229796571478,0.0,0.0,0.0,0.0,10032.0,64.72106527458308,100.0,100.0,100.0
2025-07-29 07:10:00-07:00,86,AM,0,58.3,58.3,64.61635086201409,11196.946834285707,11196.946834285707,10032.0,10032.0,10032.0,0.0,-627.1397897142903,28.853687771428554,23.397474997802078,0.0,0.0,10032.0,64.61635086201409,100.0,100.0,100.0
2025-07-29 07:15:00-07:00,87,AM,0,57.0,57.0,64.51249549322102,11311.190734628573,11311.190734628573,11160.0,11160.0,11160.0,0.0,-530.060886857148,125.93259062857078,119.26388612747178,0.0,0.0,11160.0,64.51249549322102,100.0,100.0,100.0
2025-07-29 07:20:00-07:00,88,AM,0,56.2,56.2,64.40955325419917,10334.381469257149,10334.381469257149,11819.524092766778,11160.0,11472.0,0.0,-517.4616589714336,138.5318185142852,130.65062228571367,0.0,0.0,11160.0,64.40955325419917,100.0,100.0,100.0
2025-07-29 07:25:00-07:00,89,AM,1,46.6,46.6,64.3075772357763,10355.450430171428,10340.900529441757,10154.740424942142,10152.0,10080.0,54.96034106389814,-612.2632032000046,43.730274285714245,34.636586329670195,34.636586329670195,54.960341063898184,10152.0,46.65315748963203,100.0,100.0,100.0
2025-07-29 07:30:00-07:00,90,AM,1,46.6,46.6,64.20661953361282,10334.396911542857,10319.847010813186,10243.173466927181,10152.0,10152.0,55.188709809076634,-589.309000685719,66.68447679999986,56.37829711648328,56.37829711648328,55.18870980907665,10152.0,46.54696350979621,100.0,100.0,100.0
2025-07-29 07:35:00-07:00,91,AM,1,44.8,44.8,64.1067312482017,10105.099139657144,10090.549238927473,10712.376877263481,10152.0,11124.0,62.786498719675016,-574.1092580571475,81.88421942857133,70.36554801758223,70.36554801758223,62.78649871967506,10152.0,44.79999999999999,100.0,100.0,100.0
2025-07-29 07:40:00-07:00,92,AM,1,33.4,35.3,64.00796248486847,10283.633620114286,10269.083719384615,10144.198579307405,10140.0,9276.0,109.48457182496504,-659.0176630857188,0.0,0.0,0.0,109.48457182496516,10140.0,36.55070421666262,100.0,100.0,100.0
2025-07-29 07:45:00-07:00,93,AM,1,35.3,35.3,63.910362353771255,9610.137216000003,9595.587315270332,9379.801420692595,9384.0,10140.0,109.83445343391556,-575.0481947428617,80.9452827428571,67.00162787692284,67.00162787692284,109.83445343391561,9384.0,35.24957172484392,100.0,100.0,100.0
2025-07-29 07:50:00-07:00,94,AM,1,35.5,35.5,63.81397896990075,10149.984910628567,10135.435009898896,9530.593940666953,9552.0,9384.0,109.48457182496504,-619.2034267428614,36.790050742857375,21.633904149450586,21.633904149450586,109.48457182496516,9552.0,35.55024701011384,100.0,100.0,100.0
2025-07-29 07:55:00-07:00,95,AM,1,36.4,35.5,63.71885945308023,9571.740304457147,9557.190403727476,9331.250309765344,9384.0,9552.0,107.70073354721116,-555.3713508571475,100.62212662857132,84.25348830769201,84.25348830769201,107.70073354721126,9384.0,35.499999999999986,100.0,100.0,100.0
2025-07-29 08:00:00-07:00,96,AM,1,33.0,36.4,63.62504992796553,9521.17564525714,9506.62574452747,9495.95851061804,9552.0,8124.0,103.30492602765648,-553.7263254857186,102.26715200000024,84.6860219516484,84.6860219516484,103.30492602765662,9552.0,36.39999999999998,100.0,100.0,100.0
2025-07-29 08:05:00-07:00,97,AM,1,38.2,37.6,63.53259552404508,10184.503948799997,10169.954048070325,9876.0,9876.0,10032.0,98.63480191249317,-437.2950217142902,218.6984557714286,199.90483399560424,199.90483399560424,98.6348019124933,9876.0,37.59999999999998,100.0,100.0,100.0
2025-07-29 08:10:00-07:00,98,AM,1,37.6,37.6,63.441540375639875,9518.381469257147,9503.831568527476,9910.18620348254,9876.0,9876.0,98.63480191249317,-424.5863593142905,231.4071181714283,211.4010046681314,211.4010046681314,98.6348019124933,9876.0,37.56808894682741,100.0,100.0,100.0
2025-07-29 08:15:00-07:00,99,AM,1,37.1,37.1,63.35192762190349,9495.694683428572,9481.1447826989,9966.572264362349,9876.0,9060.0,101.48365220270497,-454.38790354286164,201.60557394285718,180.38696871208776,180.38696871208776,101.48365220270503,9876.0,37.09999999999999,100.0,100.0,100.0
2025-07-29 08:20:00-07:00,100,AM,1,35.8,36.0,63.26379940682209,9240.73275977143,9226.182859041759,9914.592680052963,9900.0,9900.0,109.03134089956731,-418.0800132571473,237.9134642285715,215.48236727032946,215.48236727032946,109.03134089956741,9900.0,35.999999999999986,100.0,100.0,100.0
2025-07-29 08:25:00-07:00,101,AM,1,36.0,35.8,63.17719687921438,9124.4274432,9109.877542470329,9971.521039288731,9900.0,10092.0,110.2473975706476,-473.01894994286147,182.97452754285734,159.33093885714277,159.33093885714277,110.24739757064768,9900.0,35.79999999999998,100.0,100.0,100.0
2025-07-29 08:30:00-07:00,102,AM,1,33.4,33.4,63.09216019273167,9484.626075428569,9470.076174698897,9310.587484067404,9264.0,8808.0,116.20748417804191,-553.6499963428614,102.3434811428574,77.4874007296703,77.4874007296703,116.20748417804194,9264.0,33.916003986730786,100.0,100.0,100.0
2025-07-29 08:35:00-07:00,103,AM,1,33.1,33.1,63.008728505857846,8876.289874285721,8861.73997355605,8831.49710310422,8808.0,9264.0,120.08977451699232,-497.2644900571474,158.72898742857143,132.6604152879118,132.6604152879118,120.08977451699228,8808.0,32.5832909206074,100.0,100.0,100.0
2025-07-29 08:40:00-07:00,104,AM,1,31.9,33.1,62.92693998190936,10135.969821257137,10121.419920527465,9264.0,9264.0,7584.0,122.047866442344,-529.5736672000039,126.4198102857149,99.13874641758275,99.13874641758275,122.04786644234399,9264.0,33.1,100.0,100.0,100.0
2025-07-29 08:45:00-07:00,105,AM,1,34.4,31.9,62.846831789035235,9716.10668434286,9701.556783613189,9572.22673517937,9636.0,9636.0,122.047866442344,-316.9095154285759,339.0839620571429,310.59040646153824,310.59040646153824,122.04786644234399,9636.0,33.69396177618138,100.0,100.0,100.0
2025-07-29 08:50:00-07:00,106,AM,1,31.3,34.4,62.7684401002171,9911.084050285712,9896.53414955604,9632.858001237197,9636.0,9672.0,116.73342770729158,-310.23395840000427,345.75951908571454,316.05347176263734,316.05347176263734,116.73342770729155,9636.0,34.365084659568964,100.0,100.0,100.0
2025-07-29 08:55:00-07:00,107,AM,1,34.8,34.4,62.691800093269116,9451.007544685715,9436.457643956044,9671.443265213551,9672.0,9204.0,116.47159447705803,-290.3102875428616,365.6831899428572,334.7646508923075,334.7646508923075,116.47159447705795,9672.0,34.434856007265815,100.0,100.0,100.0
2025-07-29 09:00:00-07:00,108,MD,1,34.4,34.4,62.61694595083806,9539.450430171428,9524.900529441757,9612.0,9612.0,9720.0,116.4251999115206,-269.72632548571863,386.2671520000002,354.1361212219778,354.1361212219778,116.42519991152054,9612.0,34.321954360186666,100.0,100.0,100.0
2025-07-29 09:05:00-07:00,109,MD,1,34.3,34.3,62.54391086040326,7934.366026971441,7919.816126241771,9970.602340453044,9612.0,9612.0,116.4251999115206,-284.77212297143296,371.22135451428585,337.87783200879096,337.87783200879096,116.42519991152054,9612.0,34.3,100.0,100.0,100.0
2025-07-29 09:10:00-07:00,110,MD,1,26.8,26.8,62.47272701427662,8045.175645257142,8030.625744527471,7915.289746892216,7464.0,7464.0,146.30872828260758,-424.5749540571462,231.4185234285726,196.86250919560518,196.86250919560518,146.30872828260755,7464.0,26.800000000000004,100.0,100.0,100.0
2025-07-29 09:15:00-07:00,111,MD,1,23.1,23.1,62.40342560960264,7481.3433929142875,7466.793492184617,8368.64259796147,7332.0,7332.0,183.91620719029223,-376.14365028571774,279.8498272000011,244.08132123956113,244.08132123956113,183.91620719029217,7332.0,23.100000000000005,100.0,100.0,100.0
2025-07-29 09:20:00-07:00,112,MD,1,17.8,17.8,62.33603684835839,6612.534127542865,6597.984226813194,7702.985495036457,7320.0,7320.0,270.30309035374813,-363.69836754286047,292.29510994285835,255.31411225494588,255.31411225494588,270.3030903537481,7320.0,17.800000000000004,100.0,100.0,100.0
2025-07-29 09:25:00-07:00,113,MD,1,14.4,14.4,62.2705899373535,7327.038429257139,7312.488528527469,6488.809356788648,6456.0,5664.0,302.2185482734529,-422.65385691428844,233.33962057143037,195.14613115604539,195.14613115604539,302.2185482734528,6456.0,14.938386746438193,100.0,100.0,100.0
2025-07-29 09:30:00-07:00,114,MD,1,13.9,13.9,62.20711308823019,6208.762938514293,6194.213037784622,5847.190643211352,5880.0,6456.0,304.9526613391736,-284.06732114286024,371.9261563428586,332.52017520000106,332.52017520000106,304.9526613391735,5880.0,13.803029239801589,80.0,100.0,100.0
2025-07-29 09:35:00-07:00,115,MD,1,13.8,13.8,62.145633517463246,5394.641164800002,5380.091264070332,5912.809356788648,5880.0,5880.0,302.2185482734529,-304.67040960000253,351.3230678857163,310.70459501538613,310.70459501538613,302.2185482734528,5880.0,13.896928052640527,80.0,100.0,100.0
2025-07-29 09:40:00-07:00,116,MD,1,13.5,13.5,62.08617744636005,5282.396911542858,5267.847010813188,6042.579756414185,5520.0,5520.0,304.9526613391736,-345.11697920000233,310.8764982857165,269.0455336879138,269.0455336879138,304.9526613391735,5520.0,13.131002575745333,80.0,100.0,100.0
2025-07-29 09:45:00-07:00,117,MD,1,11.8,11.8,62.02877010106054,5201.725215085714,5187.175314356044,5563.263569017299,5520.0,5520.0,348.50097437368896,-364.9172365714308,291.076240914288,248.0327845890128,248.0327845890128,348.5009743736889,5520.0,11.800000000000004,80.0,100.0,100.0
2025-07-29 09:50:00-07:00,118,MD,1,11.7,11.7,61.97343571253723,5725.847341714285,5711.297440984615,6046.907811127496,5520.0,5376.0,352.10627179179727,-391.440135314288,264.5533421714308,220.2973941186831,220.2973941186831,352.10627179179716,5520.0,11.700000000000003,100.0,100.0,100.0
2025-07-29 09:55:00-07:00,119,MD,1,10.2,10.7,61.92019751659524,5668.992455314285,5654.442554584614,5670.295430113695,5568.0,5568.0,396.01525605242193,-362.2861901714309,293.7072873142879,248.23884753406765,248.23884753406765,396.0152560524218,5568.0,10.700000000000003,80.0,100.0,100.0
2025-07-29 10:00:00-07:00,120,MD,1,10.7,10.7,61.86907775387221,6298.7176703999985,6284.167769670328,6312.0,6312.0,6312.0,404.5398752285632,-353.8701522285739,302.1233252571449,255.44239374945215,255.44239374945215,404.53987522856306,6312.0,11.651358131428557,100.0,100.0,100.0
2025-07-29 10:05:00-07:00,121,MD,1,11.9,11.9,61.820097669838425,6459.145113599998,6444.5952128703275,4871.15196031483,6480.0,6480.0,404.5398752285632,-354.977013028574,301.0164644571448,253.12304122197952,253.12304122197952,404.53987522856306,6480.0,11.900000000000002,80.0,100.0,100.0
2025-07-29 10:10:00-07:00,122,MD,1,23.2,18.6,61.77327751479669,7023.328303542856,7008.7784028131855,6927.160839050758,7824.0,7908.0,270.46920525479896,-356.71492022857416,299.27855725714466,250.17264229450683,250.17264229450683,270.4692052547989,7824.0,18.600000000000005,80.0,100.0,100.0
2025-07-29 10:15:00-07:00,123,MD,1,18.6,23.2,61.7286365438824,8040.214074514281,8025.66417378461,7265.409955213516,7908.0,7824.0,195.73260850902878,-430.4375616000028,225.555915885716,175.23750919560553,175.23750919560553,195.73260850902875,7908.0,23.2,100.0,100.0,100.0
2025-07-29 10:20:00-07:00,124,MD,1,30.2,30.2,61.68619301706356,8884.626075428567,8870.076174698896,8131.628642296156,9144.0,9900.0,142.18343811015512,-412.4197220571461,243.57375542857272,192.04285701098974,192.04285701098974,142.18343811015507,9144.0,30.200000000000006,100.0,100.0,100.0
2025-07-29 10:25:00-07:00,125,MD,1,43.3,43.3,61.6459641991407,8884.4274432,8869.877542470329,8450.170100381984,9144.0,9144.0,57.81915830150143,-497.0342157714322,158.95926171428664,106.21587156923113,106.21587156923113,57.819158301501375,9144.0,43.30000000000001,100.0,100.0,100.0
2025-07-29 10:30:00-07:00,126,MD,0,53.9,53.9,61.60796635974696,8201.892962742859,8201.892962742859,7452.0,7452.0,6564.0,0.0,-518.6652621714321,137.3282153142867,83.37233344175866,0.0,0.0,7452.0,61.60796635974696,100.0,100.0,100.0
2025-07-29 10:35:00-07:00,127,MD,0,59.3,59.3,61.57221477334805,8474.96192365714,8474.96192365714,7452.0,7452.0,7452.0,0.0,-382.17418194286057,273.81929554285824,218.65092194285768,0.0,0.0,7452.0,61.57221477334805,100.0,100.0,100.0
2025-07-29 10:40:00-07:00,128,MD,0,59.9,59.9,61.53872371924224,7916.10668434286,7916.10668434286,8304.0,8304.0,8640.0,0.0,-296.92735497143224,359.0661225142866,302.6852571868135,0.0,0.0,8304.0,61.53872371924224,100.0,100.0,100.0
2025-07-29 10:45:00-07:00,129,MD,0,60.6,60.6,61.507506481560405,6990.625722514289,6990.625722514289,8304.0,8304.0,8304.0,0.0,-357.2517979428606,298.7416795428582,241.1483224879126,0.0,0.0,8304.0,61.507506481560405,80.0,100.0,100.0
2025-07-29 10:50:00-07:00,130,MD,0,62.0,62.0,61.478575349265974,8173.695036342845,8173.695036342845,8004.0,8004.0,8004.0,0.0,-466.69965440000317,189.29382308571564,130.4879743032974,0.0,0.0,8004.0,61.478575349265974,100.0,100.0,100.0
2025-07-29 10:55:00-07:00,131,MD,0,62.0,62.0,61.45194161615495,7038.976660114293,7038.976660114293,8004.0,8004.0,7908.0,0.0,-452.55840137143275,203.43507611428606,143.41673560439529,0.0,0.0,8004.0,61.45194161615495,80.0,100.0,100.0
2025-07-29 11:00:00-07:00,132,MD,0,61.0,61.2,61.42761558085592,7759.969821257137,7759.969821257137,7908.0,7908.0,8412.0,0.0,-524.977013028575,131.0164644571438,69.7856322197805,0.0,0.0,7908.0,61.42761558085592,100.0,100.0,100.0
2025-07-29 11:05:00-07:00,133,MD,0,61.2,61.2,61.405606546830064,6813.755393828582,6813.755393828582,8412.0,8412.0,7524.0,0.0,-579.312861257147,76.68061622857181,14.23729226373598,0.0,0.0,8412.0,61.405606546830064,80.0,100.0,100.0
2025-07-29 11:10:00-07:00,134,MD,0,61.8,61.8,61.38592282237111,8412.412706742849,8412.412706742849,8028.0,8028.0,8448.0,0.0,-638.4999117714318,17.493565714287,0.0,0.0,0.0,8028.0,61.38592282237111,100.0,100.0,100.0
2025-07-29 11:15:00-07:00,135,MD,0,62.5,61.8,61.36857172060537,8048.10668434286,8048.10668434286,8328.0,8328.0,8028.0,0.0,-641.4655195428611,14.52795794285771,0.0,0.0,0.0,8328.0,61.36857172060537,100.0,100.0,100.0
2025-07-29 11:20:00-07:00,136,MD,0,61.7,61.7,61.353559559491735,8224.626075428569,8224.626075428569,8028.0,8028.0,8328.0,0.0,-639.7899625142894,16.2035149714294,0.0,0.0,0.0,8028.0,61.353559559491735,100.0,100.0,100.0
2025-07-29 11:25:00-07:00,137,MD,0,61.1,61.1,61.34089166182168,7187.969115428577,7187.969115428577,7908.0,7908.0,7908.0,0.0,-648.4044562285753,7.589021257143486,0.0,0.0,0.0,7908.0,61.34089166182168,100.0,100.0,100.0
2025-07-29 11:30:00-07:00,138,MD,0,53.5,57.0,61.33057235521925,7785.984910628568,7785.984910628568,7908.0,7908.0,6564.0,0.0,-708.4070299428605,0.0,0.0,0.0,0.0,7908.0,61.33057235521925,100.0,100.0,100.0
2025-07-29 11:35:00-07:00,139,MD,0,57.0,57.0,61.32260497214106,9015.908757942845,9015.908757942845,8076.0,8076.0,9132.0,0.0,-606.5749540571464,49.41852342857237,0.0,0.0,0.0,8076.0,61.32260497214106,100.0,100.0,100.0
2025-07-29 11:40:00-07:00,140,MD,0,59.6,59.6,61.31699184987631,7218.411648000009,7218.411648000009,9132.0,9132.0,8076.0,0.0,-616.249224228576,,,0.0,0.0,9132.0,61.31699184987631,80.0,100.0,100.0
2025-07-29 11:45:00-07:00,141,MD,0,59.8,59.6,61.313734330546765,9057.46622537142,9057.46622537142,9216.0,9216.0,9216.0,0.0,-687.7149202285752,,,0.0,0.0,9216.0,61.313734330546765,100.0,100.0,100.0
2025-07-29 11:50:00-07:00,142,MD,0,59.5,59.8,61.31283276110678,8751.496051200003,8751.496051200003,9216.0,9216.0,9720.0,0.0,-700.9260681142903,,,0.0,0.0,9216.0,61.31283276110678,100.0,100.0,100.0
2025-07-29 11:55:00-07:00,143,MD,0,61.5,61.5,61.31428649334328,9454.534480457141,9454.534480457141,8652.0,8652.0,8652.0,0.0,-781.63473051429,,,0.0,0.0,8652.0,61.31428649334328,100.0,100.0,100.0
2025-07-29 12:00:00-07:00,144,MD,0,62.0,62.0,61.31809388387577,8147.419545600005,8147.419545600005,8652.0,8652.0,7884.0,0.0,-714.7568571428616,,,0.0,0.0,8652.0,61.31809388387577,100.0,100.0,100.0
2025-07-29 12:05:00-07:00,145,MD,0,62.1,62.0,61.32425229415631,9074.427796114276,9074.427796114276,8808.0,8808.0,9036.0,0.0,-692.8052283428611,,,0.0,0.0,8808.0,61.32425229415631,100.0,100.0,100.0
2025-07-29 12:10:00-07:00,146,MD,0,61.6,62.1,61.332758090469575,8859.496051200003,8859.496051200003,8808.0,8808.0,8808.0,0.0,-689.6029120000048,,,0.0,0.0,8808.0,61.332758090469575,100.0,100.0,100.0
2025-07-29 12:15:00-07:00,147,MD,0,62.2,62.0,61.34360664393277,8793.969468342857,8793.969468342857,8808.0,8808.0,8808.0,0.0,-685.3115744000046,,,0.0,0.0,8808.0,61.34360664393277,100.0,100.0,100.0
2025-07-29 12:20:00-07:00,148,MD,0,62.0,62.2,61.35679233049572,8054.38146925715,8054.38146925715,8676.0,8676.0,8676.0,0.0,-686.4807853714332,,,0.0,0.0,8676.0,61.35679233049572,100.0,100.0,100.0
2025-07-29 12:25:00-07:00,149,MD,0,62.8,62.3,61.3723085309408,7722.824354742858,7722.824354742858,8640.0,8640.0,7848.0,0.0,-738.282329600004,,,0.0,0.0,8640.0,61.3723085309408,100.0,100.0,100.0
2025-07-29 12:30:00-07:00,150,MD,0,62.3,62.3,61.39014763088297,8307.710125714282,8307.710125714282,8640.0,8640.0,8640.0,0.0,-748.7136333714325,,,0.0,0.0,8640.0,61.39014763088297,100.0,100.0,100.0
2025-07-29 12:35:00-07:00,151,MD,0,61.2,61.6,61.41030102076976,8809.114581942855,8809.114581942855,8652.0,8652.0,8652.0,0.0,-776.4044562285757,,,0.0,0.0,8652.0,61.41030102076976,100.0,100.0,100.0
2025-07-29 12:40:00-07:00,152,MD,0,61.6,61.6,61.43275909588127,8239.557114514288,8239.557114514288,8652.0,8652.0,8736.0,0.0,-763.3115744000045,,,0.0,0.0,8652.0,61.43275909588127,100.0,100.0,100.0
2025-07-29 12:45:00-07:00,153,MD,0,62.4,61.6,61.45751125633021,9310.73311268571,9310.73311268571,8520.0,8520.0,8232.0,0.0,-804.6818148571472,,,0.0,0.0,8520.0,61.45751125633021,100.0,100.0,100.0
2025-07-29 12:50:00-07:00,154,MD,0,61.4,62.4,61.484545907061815,8615.419545600009,8615.419545600009,8436.0,8436.0,8520.0,0.0,-714.7873888000047,,,0.0,0.0,8436.0,61.484545907061815,100.0,100.0,100.0
2025-07-29 12:55:00-07:00,155,MD,0,62.5,62.4,61.51385045785395,7422.259342628575,7422.259342628575,8436.0,8436.0,8436.0,0.0,-706.8357600000039,,,0.0,0.0,8436.0,61.51385045785395,80.0,100.0,100.0
2025-07-29 13:00:00-07:00,156,MD,0,62.4,62.5,61.545411323317005,8943.175998171422,8943.175998171422,7764.0,7764.0,7764.0,0.0,-791.3141481142893,,,0.0,0.0,7764.0,61.545411323317005,100.0,100.0,100.0
2025-07-29 13:05:00-07:00,157,MD,0,62.7,62.7,61.579213922893985,7644.885065142871,7644.885065142871,7764.0,7764.0,7740.0,0.0,-693.0494816000041,,,0.0,0.0,7764.0,61.579213922893985,80.0,100.0,100.0
2025-07-29 13:10:00-07:00,158,MD,0,62.8,62.8,61.615242680860455,8270.42779611428,8270.42779611428,7908.0,7908.0,8484.0,0.0,-700.9757261714316,,,0.0,0.0,7908.0,61.615242680860455,100.0,100.0,100.0
2025-07-29 13:15:00-07:00,159,MD,0,63.1,63.1,61.653481026324556,9372.198632228568,9372.198632228568,7908.0,7908.0,7908.0,0.0,-718.7734098285749,,,0.0,0.0,7908.0,61.65348102632456,100.0,100.0,100.0
2025-07-29 13:20:00-07:00,160,MD,0,63.4,63.1,61.693911393227005,8416.595190857151,8416.595190857151,7908.0,7908.0,7824.0,0.0,-596.7568571428609,,,0.0,0.0,7908.0,61.693911393227005,100.0,100.0,100.0
2025-07-29 13:25:00-07:00,161,MD,0,62.2,62.2,61.7365152203411,8471.816810057142,8471.816810057142,8268.0,8268.0,8268.0,0.0,-547.3739245714316,,,0.0,0.0,8268.0,61.7365152203411,100.0,100.0,100.0
2025-07-29 13:30:00-07:00,162,MD,0,61.4,62.0,61.781272951272705,9229.862783999997,9229.862783999997,8400.0,8400.0,9084.0,0.0,-530.3891904000031,,,0.0,0.0,8400.0,61.781272951272705,100.0,100.0,100.0
2025-07-29 13:35:00-07:00,163,MD,0,62.0,61.4,61.82816403446027,9208.427443200002,9208.427443200002,8400.0,8400.0,8400.0,0.0,-518.2339584000034,,,0.0,0.0,8400.0,61.82816403446027,100.0,100.0,100.0
2025-07-29 13:40:00-07:00,164,MD,0,61.3,62.0,61.87716692317483,7302.228458057152,7302.228458057152,8196.0,8196.0,8196.0,0.0,-450.86500480000325,,,0.0,0.0,8196.0,61.87716692317483,80.0,100.0,100.0
2025-07-29 13:45:00-07:00,165,MD,0,62.5,62.5,61.928259075519975,6621.7862784,6621.7862784,8196.0,8196.0,7656.0,0.0,-525.3459666285739,,,0.0,0.0,8196.0,61.928259075519975,80.0,100.0,100.0
2025-07-29 13:50:00-07:00,166,MD,0,63.0,63.0,61.98141695443188,8169.267593142844,8169.267593142844,8328.0,8328.0,8748.0,0.0,-611.5304434285739,,,0.0,0.0,8328.0,61.98141695443188,100.0,100.0,100.0
2025-07-29 13:55:00-07:00,167,MD,0,64.0,63.3,62.036616027679294,8436.732759771428,8436.732759771428,8328.0,8328.0,8328.0,0.0,-659.7581440000035,,,0.0,0.0,8328.0,62.036616027679294,100.0,100.0,100.0
2025-07-29 14:00:00-07:00,168,MD,0,63.3,63.9,62.09383076786355,7348.412000914289,7348.412000914289,7716.0,7716.0,7680.0,0.0,-650.6970806857179,,,0.0,0.0,7716.0,62.09383076786355,100.0,100.0,100.0
2025-07-29 14:05:00-07:00,169,MD,0,63.9,63.9,62.153034652418555,7433.175645257141,7433.175645257141,7716.0,7716.0,7716.0,0.0,-678.3294139428605,,,0.0,0.0,7716.0,62.153034652418555,100.0,100.0,100.0
2025-07-29 14:10:00-07:00,170,MD,0,64.3,64.3,62.21420016361078,9161.57290971428,9161.57290971428,7716.0,7716.0,7992.0,0.0,-701.8981101714321,,,0.0,0.0,7716.0,62.21420016361078,100.0,100.0,100.0
2025-07-29 14:15:00-07:00,171,MD,0,64.8,64.3,62.27729878853929,6857.846635885726,6857.846635885726,7908.0,7908.0,7620.0,0.0,-604.4337010285755,,,0.0,0.0,7908.0,62.27729878853929,80.0,100.0,100.0
2025-07-29 14:20:00-07:00,172,MD,0,64.2,64.2,62.34230101913572,6603.145113599998,6603.145113599998,7908.0,7908.0,7908.0,0.0,-667.9464813714317,,,0.0,0.0,7908.0,62.34230101913572,80.0,100.0,100.0
2025-07-29 14:25:00-07:00,173,MD,0,63.1,63.1,62.40917635216426,7234.5344804571405,7234.5344804571405,8244.0,8244.0,8328.0,0.0,-776.6843885714319,,,0.0,0.0,8244.0,62.40917635216426,80.0,100.0,100.0
2025-07-29 14:30:00-07:00,174,MD,0,62.5,63.1,62.47789328922171,6581.526582857145,6581.526582857145,8244.0,8244.0,8244.0,0.0,-867.8065152000036,,,0.0,0.0,8244.0,62.47789328922171,80.0,100.0,100.0
2025-07-29 14:35:00-07:00,175,MD,0,64.0,64.0,62.54841933673743,6777.786278399999,6777.786278399999,8244.0,8244.0,7860.0,0.0,-1006.3459666285748,,,0.0,0.0,8244.0,62.54841933673743,80.0,100.0,100.0
2025-07-29 14:40:00-07:00,176,MD,0,64.3,64.0,62.62072100597336,6988.992455314285,6988.992455314285,8604.0,8604.0,8604.0,0.0,-1096.530443428575,,,0.0,0.0,8604.0,62.62072100597336,80.0,100.0,100.0
2025-07-29 14:45:00-07:00,177,MD,0,63.3,63.3,62.694763813024,7682.5955437714265,7682.5955437714265,8616.0,8616.0,9180.0,0.0,-1231.114405485718,,,0.0,0.0,8616.0,62.694763813024,80.0,100.0,100.0
2025-07-29 14:50:00-07:00,178,MD,0,62.4,62.4,62.77051227881645,6593.511140571439,6593.511140571439,8616.0,8616.0,8616.0,0.0,-1355.8981101714323,,,0.0,0.0,8616.0,62.77051227881645,100.0,100.0,100.0
2025-07-29 14:55:00-07:00,179,MD,0,62.3,62.4,62.847929929110364,6254.396911542858,6254.396911542858,8484.0,8484.0,8484.0,0.0,-1524.4388484571457,,,0.0,0.0,8484.0,62.847929929110364,100.0,100.0,100.0
2025-07-29 15:00:00-07:00,180,PM,0,63.4,63.3,62.926979294498004,6702.10703725714,6702.10703725714,8328.0,8328.0,7872.0,0.0,-1710.239105828574,,,0.0,0.0,8328.0,62.926979294498004,80.0,100.0,100.0
2025-07-29 15:05:00-07:00,181,PM,0,63.3,63.4,63.00762191040417,6690.274784914286,6690.274784914286,8328.0,8328.0,8328.0,0.0,-1807.7301860571458,,,0.0,0.0,8328.0,63.00762191040417,80.0,100.0,100.0
2025-07-29 15:10:00-07:00,182,PM,0,63.5,63.5,63.08981831708626,8656.107390171419,8656.107390171419,8328.0,8328.0,8364.0,0.0,-1944.2072873142886,,,0.0,0.0,8328.0,63.08981831708626,100.0,100.0,100.0
2025-07-29 15:15:00-07:00,183,PM,0,64.1,63.8,63.17352805963424,8867.068608000001,8867.068608000001,8364.0,8364.0,8160.0,0.0,-1919.8650048000036,,,0.0,0.0,8364.0,63.17352805963424,100.0,100.0,100.0
2025-07-29 15:20:00-07:00,184,PM,0,63.8,63.8,63.25870968797067,9191.26724022857,9191.26724022857,8424.0,8424.0,9456.0,0.0,-1860.9426208000034,,,0.0,0.0,8424.0,63.25870968797067,100.0,100.0,100.0
2025-07-29 15:25:00-07:00,185,PM,0,63.1,63.8,63.34532075685066,8674.51903817143,8674.51903817143,8448.0,8448.0,8424.0,0.0,-1883.0036841142892,,,0.0,0.0,8448.0,63.34532075685066,100.0,100.0,100.0
2025-07-29 15:30:00-07:00,186,PM,0,64.0,64.0,63.43331782586191,8126.015089371432,8126.015089371432,8448.0,8448.0,8448.0,0.0,-1862.1270976000035,,,0.0,0.0,8448.0,63.43331782586191,100.0,100.0,100.0
2025-07-29 15:35:00-07:00,187,PM,0,64.1,64.1,63.522656459424695,7240.045621028577,7240.045621028577,8484.0,8484.0,8604.0,0.0,-1888.9591734857174,,,0.0,0.0,8484.0,63.522656459424695,80.0,100.0,100.0
2025-07-29 15:40:00-07:00,188,PM,0,64.2,64.2,63.61329122679187,7133.542025142857,7133.542025142857,8484.0,8484.0,8484.0,0.0,-2002.6220384000026,,,0.0,0.0,8484.0,63.61329122679187,80.0,100.0,100.0
2025-07-29 15:45:00-07:00,189,PM,0,64.4,64.4,63.70517570204886,6574.137216000003,6574.137216000003,8484.0,8484.0,8220.0,0.0,-2115.1602029714313,,,0.0,0.0,8484.0,63.70517570204886,80.0,100.0,100.0
2025-07-29 15:50:00-07:00,190,PM,0,64.4,64.4,63.79826246411366,7584.763644342847,7584.763644342847,8388.0,8388.0,8952.0,0.0,-2252.315434971431,,,0.0,0.0,8388.0,63.79826246411366,100.0,100.0,100.0
2025-07-29 15:55:00-07:00,191,PM,0,65.0,65.0,63.89250309673686,6732.900507428576,6732.900507428576,8388.0,8388.0,8388.0,0.0,-2366.2517979428603,,,0.0,0.0,8388.0,63.89250309673686,80.0,100.0,100.0
2025-07-29 16:00:00-07:00,192,PM,0,65.0,65.0,63.9878481885016,6837.236708571428,6837.236708571428,8148.0,8148.0,8148.0,0.0,-2504.176755657146,,,0.0,0.0,8148.0,63.9878481885016,80.0,100.0,100.0
2025-07-29 16:05:00-07:00,193,PM,0,65.7,65.7,64.08424733282362,6626.580101485711,6626.580101485711,8148.0,8148.0,7908.0,0.0,-2613.4070299428604,,,0.0,0.0,8148.0,64.08424733282362,80.0,100.0,100.0
2025-07-29 16:10:00-07:00,194,PM,0,66.3,65.7,64.18164912795125,8386.198985142888,8386.198985142888,8244.0,8244.0,8244.0,0.0,-2720.1920214857178,,,0.0,0.0,8244.0,64.18164912795125,100.0,100.0,100.0
2025-07-29 16:15:00-07:00,195,PM,0,65.5,65.8,64.28000117696533,6714.778027885657,6714.778027885657,8244.0,8244.0,9060.0,0.0,-2708.3421060571436,,,0.0,0.0,8244.0,64.28000117696533,100.0,100.0,100.0
2025-07-29 16:20:00-07:00,196,PM,0,65.8,65.5,64.37925008777934,5659.373924571421,5659.373924571421,8940.0,8940.0,8136.0,0.0,-2903.7772704000054,,,0.0,0.0,8940.0,64.37925008777934,100.0,100.0,100.0
2025-07-29 16:25:00-07:00,197,PM,0,65.4,65.8,64.47934147313933,6329.740657371441,6329.740657371441,8472.0,8472.0,8940.0,0.0,-3110.16277668572,,,0.0,0.0,8472.0,64.47934147313933,80.0,100.0,100.0
2025-07-29 16:30:00-07:00,198,PM,0,65.8,65.4,64.5802199506239,6089.160202971419,6089.160202971419,8472.0,8472.0,8472.0,0.0,-3327.6843885714334,,,0.0,0.0,8472.0,64.5802199506239,100.0,100.0,100.0
2025-07-29 16:35:00-07:00,199,PM,0,64.5,65.3,64.68182914264422,7282.183542857164,7282.183542857164,8472.0,8472.0,7932.0,0.0,-3526.2543716571486,,,0.0,0.0,8472.0,64.68182914264422,100.0,100.0,100.0
2025-07-29 16:40:00-07:00,200,PM,0,65.3,65.0,64.78411167644408,8580.763644342875,8580.763644342875,8868.0,8868.0,9372.0,0.0,-3580.4057430857183,,,0.0,0.0,8868.0,64.78411167644408,100.0,100.0,100.0
2025-07-29 16:45:00-07:00,201,PM,0,65.0,65.0,64.88700918409981,7988.289874285695,7988.289874285695,8868.0,8868.0,8868.0,0.0,-3646.3421060571454,,,0.0,0.0,8868.0,64.88700918409981,100.0,100.0,100.0
2025-07-29 16:50:00-07:00,202,PM,0,64.6,64.6,64.99046230252033,8895.16055588573,8895.16055588573,8712.0,8712.0,8580.0,0.0,-3719.6512832000044,,,0.0,0.0,8712.0,64.99046230252033,100.0,100.0,100.0
2025-07-29 16:55:00-07:00,203,PM,0,63.7,64.6,65.09441067344713,8649.404456228564,8649.404456228564,8580.0,8580.0,8712.0,0.0,-3693.3879035428604,,,0.0,0.0,8580.0,65.09441067344713,100.0,100.0,100.0
2025-07-29 17:00:00-07:00,204,PM,0,65.1,64.3,65.19879294345428,8459.816810057146,8459.816810057146,8712.0,8712.0,8508.0,0.0,-3698.604198857147,,,0.0,0.0,8712.0,65.19879294345428,100.0,100.0,100.0
2025-07-29 17:05:00-07:00,205,PM,0,64.3,64.9,65.30354676394842,7879.740304457133,7879.740304457133,8976.0,8976.0,8976.0,0.0,-3702.619464685718,,,0.0,0.0,8976.0,65.30354676394842,100.0,100.0,100.0
2025-07-29 17:10:00-07:00,206,PM,0,64.9,64.3,65.40860879116876,7417.648709485705,7417.648709485705,9456.0,9456.0,9456.0,0.0,-3793.97443931429,,,0.0,0.0,9456.0,65.40860879116876,80.0,100.0,100.0
2025-07-29 17:15:00-07:00,207,PM,0,64.3,64.8,65.51391468618714,8811.359188114326,8811.359188114326,9732.0,9732.0,10392.0,0.0,-3963.837046857148,,,0.0,0.0,9732.0,65.51391468618714,100.0,100.0,100.0
2025-07-29 17:20:00-07:00,208,PM,0,64.8,64.3,65.61939911490788,7370.915596799972,7370.915596799972,9732.0,9732.0,9732.0,0.0,-4095.5571145142876,,,0.0,0.0,9732.0,65.61939911490788,80.0,100.0,100.0
2025-07-29 17:25:00-07:00,209,PM,0,63.8,64.8,65.72499574806797,7694.41235382858,7694.41235382858,8664.0,8664.0,8664.0,0.0,-4292.31414811429,,,0.0,0.0,8664.0,65.72499574806797,100.0,100.0,100.0
2025-07-29 17:30:00-07:00,210,PM,0,65.6,65.6,65.8306372612369,7840.24425325714,7840.24425325714,8196.0,8196.0,8136.0,0.0,-4373.113118628575,,,0.0,0.0,8196.0,65.8306372612369,100.0,100.0,100.0
2025-07-29 17:35:00-07:00,211,PM,0,66.1,65.7,65.9362553348168,7526.396911542855,7526.396911542855,8196.0,8196.0,8196.0,0.0,-4397.759430857146,,,0.0,0.0,8196.0,65.9362553348168,100.0,100.0,100.0
2025-07-29 17:40:00-07:00,212,PM,0,65.7,65.7,66.04178065404234,7841.358835200003,7841.358835200003,8196.0,8196.0,8304.0,0.0,-4453.5596882285745,,,0.0,0.0,8196.0,66.04178065404234,100.0,100.0,100.0
2025-07-29 17:45:00-07:00,213,PM,0,65.6,65.6,66.14714290898078,7977.236708571435,7977.236708571435,7980.0,7980.0,7788.0,0.0,-4492.113118628574,,,0.0,0.0,7980.0,66.14714290898078,100.0,100.0,100.0
2025-07-29 17:50:00-07:00,214,PM,0,64.8,65.3,66.25227079453194,7559.4349878857065,7559.4349878857065,7980.0,7980.0,7980.0,0.0,-4476.3433929142875,,,0.0,0.0,7980.0,66.25227079453194,100.0,100.0,100.0
2025-07-29 17:55:00-07:00,215,PM,0,65.3,65.3,66.35709201042822,7567.389366857146,7567.389366857146,7980.0,7980.0,8052.0,0.0,-4511.390477257145,,,0.0,0.0,7980.0,66.35709201042822,100.0,100.0,100.0
2025-07-29 18:00:00-07:00,216,PM,0,66.2,66.2,66.4615332612346,8220.93139200001,8220.93139200001,7320.0,7320.0,7224.0,0.0,-4551.774696685716,,,0.0,0.0,7320.0,66.4615332612346,100.0,100.0,100.0
2025-07-29 18:05:00-07:00,217,PM,0,67.1,66.2,66.56552025634866,6830.366026971405,6830.366026971405,7320.0,7320.0,7320.0,0.0,-4468.697080685715,,,0.0,0.0,7320.0,66.56552025634866,100.0,100.0,100.0
2025-07-29 18:10:00-07:00,218,PM,0,65.6,66.5,66.66897771000053,6578.030531657143,6578.030531657143,7464.0,7464.0,7608.0,0.0,-4509.4999117714315,,,0.0,0.0,7464.0,66.66897771000053,80.0,100.0,100.0
2025-07-29 18:15:00-07:00,219,PM,0,66.5,66.5,66.77182934125291,7308.01544228573,7308.01544228573,7464.0,7464.0,7464.0,0.0,-4595.330700800003,,,0.0,0.0,7464.0,66.77182934125291,100.0,100.0,100.0
2025-07-29 18:20:00-07:00,220,PM,0,67.7,67.7,66.87399787400109,8165.191087542873,8165.191087542873,7464.0,7464.0,7464.0,0.0,-4608.329413942859,,,0.0,0.0,7464.0,66.87399787400109,100.0,100.0,100.0
2025-07-29 18:25:00-07:00,221,PM,0,68.3,67.7,66.97540503697293,8160.366379885712,8160.366379885712,7332.0,7332.0,6900.0,0.0,-4549.896823314286,,,0.0,0.0,7332.0,66.97540503697293,100.0,100.0,100.0
2025-07-29 18:30:00-07:00,222,PM,0,67.1,68.1,67.07597156372887,7619.618177828558,7619.618177828558,6984.0,6984.0,7332.0,0.0,-4444.866291657143,,,0.0,0.0,6984.0,67.07597156372887,100.0,100.0,100.0
2025-07-29 18:35:00-07:00,223,PM,0,68.1,68.1,67.17561719266193,7546.152658285713,7546.152658285713,6984.0,6984.0,6984.0,0.0,-4420.89811017143,,,0.0,0.0,6984.0,67.17561719266193,100.0,100.0,100.0
2025-07-29 18:40:00-07:00,224,PM,0,68.9,68.1,67.2742606669977,6061.999647085692,6061.999647085692,6984.0,6984.0,6444.0,0.0,-4374.052055314287,,,0.0,0.0,6984.0,67.2742606669977,80.0,100.0,100.0
2025-07-29 18:45:00-07:00,225,PM,0,67.9,67.9,67.37181973479434,7395.54237805718,7395.54237805718,7512.0,7512.0,7668.0,0.0,-4405.885418057146,,,0.0,0.0,7512.0,67.37181973479434,100.0,100.0,100.0
2025-07-29 18:50:00-07:00,226,PM,0,67.7,67.9,67.46821114894261,6811.175292342839,6811.175292342839,7512.0,7512.0,7512.0,0.0,-4428.590219885715,,,0.0,0.0,7512.0,67.46821114894261,80.0,100.0,100.0
2025-07-29 18:55:00-07:00,227,PM,0,68.2,68.0,67.56335066716582,7753.328656457168,7753.328656457168,7116.0,7116.0,7116.0,0.0,-4486.992278857145,,,0.0,0.0,7116.0,67.56335066716582,100.0,100.0,100.0
2025-07-29 19:00:00-07:00,228,NT2,0,68.0,68.2,67.65715305201985,8311.938936685714,8311.938936685714,6912.0,6912.0,6912.0,0.0,-4433.881557485714,,,0.0,0.0,6912.0,67.65715305201985,100.0,100.0,100.0
2025-07-29 19:05:00-07:00,229,NT2,0,68.8,68.8,67.7495320708932,5809.236002742817,5809.236002742817,6240.0,6240.0,6240.0,0.0,-4317.219979428572,,,0.0,0.0,6240.0,67.7495320708932,80.0,100.0,100.0
2025-07-29 19:10:00-07:00,230,NT2,0,69.0,69.0,67.8404004960069,5414.213721599999,5414.213721599999,6060.0,6060.0,5832.0,0.0,-4353.116979200004,,,0.0,0.0,6060.0,67.8404004960069,80.0,100.0,100.0
2025-07-29 19:15:00-07:00,231,NT2,0,69.4,69.0,67.92967010441458,5696.8703286857235,5696.8703286857235,5928.0,5928.0,6060.0,0.0,-4387.932502400004,,,0.0,0.0,5928.0,67.92967010441458,80.0,100.0,100.0
2025-07-29 19:20:00-07:00,232,NT2,0,67.9,68.6,68.01725167800244,6964.091947885736,6964.091947885736,6048.0,6048.0,5928.0,0.0,-4418.19330834286,,,0.0,0.0,6048.0,68.01725167800244,100.0,100.0,100.0
2025-07-29 19:25:00-07:00,233,NT2,0,68.6,68.2,68.10305500348926,6030.42709028569,6030.42709028569,6012.0,6012.0,6048.0,0.0,-4331.852312685715,,,0.0,0.0,6012.0,68.10305500348926,80.0,100.0,100.0
2025-07-29 19:30:00-07:00,234,NT2,0,68.2,68.6,68.18698887242638,5474.396911542854,5474.396911542854,6012.0,6012.0,6012.0,0.0,-4333.316721828574,,,0.0,0.0,6012.0,68.18698887242638,80.0,100.0,100.0
2025-07-29 19:35:00-07:00,235,NT2,0,69.5,68.4,68.26896108119774,5378.030531657143,5378.030531657143,6000.0,6000.0,6000.0,0.0,-4378.116979200004,,,0.0,0.0,6000.0,68.26896108119774,80.0,100.0,100.0
2025-07-29 19:40:00-07:00,236,NT2,0,68.4,68.4,68.34887843101984,6067.95437897144,6067.95437897144,5952.0,5952.0,5952.0,0.0,-4429.947768228575,,,0.0,0.0,5952.0,68.34887843101984,100.0,100.0,100.0
2025-07-29 19:45:00-07:00,237,NT2,0,67.9,68.4,68.42664672794177,5348.47306422855,5348.47306422855,5664.0,5664.0,5664.0,0.0,-4420.284903314288,,,0.0,0.0,5664.0,68.42664672794177,100.0,100.0,100.0
2025-07-29 19:50:00-07:00,238,NT2,0,68.4,68.4,68.50217078284517,5241.969468342857,5241.969468342857,5664.0,5664.0,5424.0,0.0,-4446.578814628576,,,0.0,0.0,5664.0,68.50217078284517,100.0,100.0,100.0
2025-07-29 19:55:00-07:00,239,NT2,0,68.4,68.4,68.5753544114443,5156.122126628571,5156.122126628571,5676.0,5676.0,5976.0,0.0,-4461.748025600004,,,0.0,0.0,5676.0,68.5753544114443,80.0,100.0,100.0
2025-07-29 20:00:00-07:00,240,NT2,0,69.1,68.6,68.64610043428594,5289.603088457146,5289.603088457146,5676.0,5676.0,5676.0,0.0,-4530.07118171429,,,0.0,0.0,5676.0,68.64610043428594,80.0,100.0,100.0
2025-07-29 20:05:00-07:00,241,NT2,0,68.6,68.6,68.71431067674949,5330.213721599999,5330.213721599999,5412.0,5412.0,5388.0,0.0,-4562.270924342862,,,0.0,0.0,5412.0,68.71431067674949,100.0,100.0,100.0
2025-07-29 20:10:00-07:00,242,NT2,0,68.5,68.5,68.7798859690469,5447.816810057144,5447.816810057144,5412.0,5412.0,5412.0,0.0,-4567.086447542862,,,0.0,0.0,5412.0,68.7798859690469,80.0,100.0,100.0
2025-07-29 20:15:00-07:00,243,NT2,0,67.9,68.5,68.84272614622273,4552.595190857121,4552.595190857121,5412.0,5412.0,5688.0,0.0,-4564.101713371433,,,0.0,0.0,5412.0,68.84272614622273,100.0,100.0,100.0
2025-07-29 20:20:00-07:00,244,NT2,0,68.5,67.9,68.90273004815408,5789.389719771454,5789.389719771454,5400.0,5400.0,5268.0,0.0,-4658.718780800006,,,0.0,0.0,5400.0,68.90273004815408,100.0,100.0,100.0
2025-07-29 20:25:00-07:00,245,NT2,0,67.1,67.6,68.95979551955064,4811.785925485693,4811.785925485693,5268.0,5268.0,5400.0,0.0,-4615.269637485719,,,0.0,0.0,5268.0,68.95979551955064,80.0,100.0,100.0
2025-07-29 20:30:00-07:00,246,NT2,0,67.6,67.6,69.01381940995468,4342.519038171424,4342.519038171424,5256.0,5256.0,5256.0,0.0,-4664.287477028578,,,0.0,0.0,5256.0,69.01381940995468,80.0,100.0,100.0
2025-07-29 20:35:00-07:00,247,NT2,0,68.2,67.6,69.06469757374104,4049.160202971422,4049.160202971422,5160.0,5160.0,4680.0,0.0,-4740.410890514293,,,0.0,0.0,5160.0,69.06469757374104,100.0,100.0,100.0
2025-07-29 20:40:00-07:00,248,NT2,0,66.6,67.0,69.11232487011713,4586.229163885724,4586.229163885724,4944.0,4944.0,5160.0,0.0,-4792.980873600008,,,0.0,0.0,4944.0,69.11232487011713,80.0,100.0,100.0
2025-07-29 20:45:00-07:00,249,NT2,0,67.0,67.0,69.15659516312296,4675.75574674286,4675.75574674286,4980.0,4980.0,4944.0,0.0,-4840.795109942864,,,0.0,0.0,4980.0,69.15659516312296,80.0,100.0,100.0
2025-07-29 20:50:00-07:00,250,NT2,0,68.1,68.1,69.19740132163109,4362.274784914284,4362.274784914284,4944.0,4944.0,4980.0,0.0,-4863.148797714292,,,0.0,0.0,4944.0,69.19740132163109,80.0,100.0,100.0
2025-07-29 20:55:00-07:00,251,NT2,0,68.6,68.1,69.23463521934667,4160.289874285701,4160.289874285701,4908.0,4908.0,4908.0,0.0,-4914.625898971435,,,0.0,0.0,4908.0,69.23463521934667,100.0,100.0,100.0
2025-07-29 21:00:00-07:00,252,NT2,0,68.1,68.3,69.26818773480744,3937.29777188572,3937.29777188572,4608.0,4608.0,4608.0,0.0,-4976.935076114293,,,0.0,0.0,4608.0,69.26818773480744,80.0,100.0,100.0
2025-07-29 21:05:00-07:00,253,NT2,0,68.3,68.1,69.29794875138367,4502.5955437714365,4502.5955437714365,4560.0,4560.0,4560.0,0.0,-5032.82692845715,,,0.0,0.0,4560.0,69.29794875138367,80.0,100.0,100.0
2025-07-29 21:10:00-07:00,254,NT2,0,67.1,67.7,69.32380715727824,4172.854886399995,4172.854886399995,4560.0,4560.0,4464.0,0.0,-5037.610633142864,,,0.0,0.0,4560.0,69.32380715727824,80.0,100.0,100.0
2025-07-29 21:15:00-07:00,255,NT2,0,67.7,67.7,69.34565084552662,4046.396911542854,4046.396911542854,4464.0,4464.0,4704.0,0.0,-5061.872725942864,,,0.0,0.0,4464.0,69.34565084552662,80.0,100.0,100.0
2025-07-29 21:20:00-07:00,256,NT2,0,68.9,68.9,69.36336671399683,3948.0,3948.0,4164.0,4164.0,4164.0,0.0,-5116.672983314293,,,0.0,0.0,4164.0,69.36336671399683,80.0,100.0,100.0
2025-07-29 21:25:00-07:00,257,NT2,0,69.2,68.9,69.37684066538945,3744.7327597714248,3744.7327597714248,3864.0,3864.0,3756.0,0.0,-5134.672983314293,,,0.0,0.0,3864.0,69.37684066538945,80.0,100.0,100.0
2025-07-29 21:30:00-07:00,258,NT2,0,67.5,68.2,69.3859576072377,3693.9694683428575,3693.9694683428575,3864.0,3864.0,3864.0,0.0,-5135.611920000008,,,0.0,0.0,3864.0,69.3859576072377,80.0,100.0,100.0
2025-07-29 21:35:00-07:00,259,NT2,0,68.2,67.5,69.3906014519073,3639.8778733714294,3639.8778733714294,4152.0,4152.0,4200.0,0.0,-5149.781130971436,,,0.0,0.0,4152.0,69.3906014519073,80.0,100.0,100.0
2025-07-29 21:40:00-07:00,260,NT2,0,66.1,66.4,69.3906551165966,3839.816810057144,3839.816810057144,4152.0,4152.0,4152.0,0.0,-5196.4579748571505,,,0.0,0.0,4152.0,69.3906551165966,80.0,100.0,100.0
2025-07-29 21:45:00-07:00,261,NT2,0,66.4,66.4,69.38600052333652,3107.984557714269,3107.984557714269,3744.0,3744.0,3576.0,0.0,-5222.473240685722,,,0.0,0.0,3744.0,69.38600052333652,100.0,100.0,100.0
2025-07-29 21:50:00-07:00,262,NT2,0,68.1,68.1,69.37651859899051,3725.557467428585,3725.557467428585,3696.0,3696.0,3744.0,0.0,-5261.474527542866,,,0.0,0.0,3696.0,69.37651859899051,100.0,100.0,100.0
2025-07-29 21:55:00-07:00,263,NT2,0,69.1,68.8,69.36208927525468,4031.2672402285752,4031.2672402285752,3696.0,3696.0,3696.0,0.0,-5263.011405257151,,,0.0,0.0,3696.0,69.36208927525468,100.0,100.0,100.0
2025-07-29 22:00:00-07:00,264,NT2,0,68.8,68.8,69.34259148865762,3719.4349878857024,3719.4349878857024,3276.0,3276.0,3276.0,0.0,-5235.072468571436,,,0.0,0.0,3276.0,69.34259148865762,80.0,100.0,100.0
2025-07-29 22:05:00-07:00,265,NT2,0,68.5,68.8,69.31790318056055,3633.9694683428575,3633.9694683428575,3276.0,3276.0,3216.0,0.0,-5198.119552914294,,,0.0,0.0,3276.0,69.31790318056055,100.0,100.0,100.0
2025-07-29 22:10:00-07:00,266,NT2,0,70.0,68.6,69.28790129715728,3767.2672402285752,3767.2672402285752,3420.0,3420.0,3420.0,0.0,-5163.288763885723,,,0.0,0.0,3420.0,69.28790129715728,80.0,100.0,100.0
2025-07-29 22:15:00-07:00,267,NT2,0,68.6,68.6,69.25246178947415,4442.59554377144,4442.59554377144,3420.0,3420.0,3456.0,0.0,-5134.349827200008,,,0.0,0.0,3420.0,69.25246178947415,80.0,100.0,100.0
2025-07-29 22:20:00-07:00,268,NT2,0,68.1,68.4,69.21145961337014,3660.167747657131,3660.167747657131,3276.0,3276.0,3276.0,0.0,-5052.133531885721,,,0.0,0.0,3276.0,69.21145961337014,80.0,100.0,100.0
2025-07-29 22:25:00-07:00,269,NT2,0,68.4,68.4,69.16476872953672,3211.0075446857086,3211.0075446857086,2808.0,2808.0,2808.0,0.0,-5020.119552914293,,,0.0,0.0,2808.0,69.16476872953672,80.0,100.0,100.0
2025-07-29 22:30:00-07:00,270,NT2,0,68.7,68.7,69.11226210349801,3429.0535186285792,3429.0535186285792,2616.0,2616.0,2544.0,0.0,-4986.535590857151,,,0.0,0.0,2616.0,69.11226210349801,80.0,100.0,100.0
2025-07-29 22:35:00-07:00,271,NT2,0,69.6,69.6,69.05381170561068,2975.801367771419,2975.801367771419,2544.0,2544.0,2616.0,0.0,-4912.781130971436,,,0.0,0.0,2544.0,69.05381170561068,100.0,100.0,100.0
2025-07-29 22:40:00-07:00,272,NT2,0,70.6,70.6,68.98928851106396,2702.0305316571425,2702.0305316571425,2616.0,2616.0,2496.0,0.0,-4882.7976836571515,,,0.0,0.0,2616.0,68.98928851106396,80.0,100.0,100.0
2025-07-29 22:45:00-07:00,273,NT2,0,71.2,70.6,68.9185624998797,3017.17564525715,3017.17564525715,2628.0,2628.0,2664.0,0.0,-4865.628472685723,,,0.0,0.0,2628.0,68.9185624998797,80.0,100.0,100.0
2025-07-29 22:50:00-07:00,274,NT2,0,70.4,70.4,68.84150265691225,2708.8548863999954,2708.8548863999954,2628.0,2628.0,2628.0,0.0,-4836.197168914294,,,0.0,0.0,2628.0,68.84150265691225,80.0,100.0,100.0
2025-07-29 22:55:00-07:00,275,NT2,0,68.8,69.1,68.75797697184863,2285.160202971422,2285.160202971422,2280.0,2280.0,2280.0,0.0,-4829.459261714294,,,0.0,0.0,2280.0,68.75797697184863,100.0,100.0,100.0
2025-07-29 23:00:00-07:00,276,NT2,0,69.1,68.9,68.66785243920839,2000.4885065142817,2000.4885065142817,2052.0,2052.0,2052.0,0.0,-4829.029244800009,,,0.0,0.0,2052.0,68.66785243920839,80.0,100.0,100.0
2025-07-29 23:05:00-07:00,277,NT2,0,68.9,68.9,68.57099505834361,2047.9389366857147,2047.9389366857147,1572.0,1572.0,1572.0,0.0,-4833.321869257153,,,0.0,0.0,1572.0,68.57099505834361,100.0,100.0,100.0
2025-07-29 23:10:00-07:00,278,NT2,0,68.5,68.9,68.46726983343905,1617.2212662857075,1617.2212662857075,1212.0,1212.0,1164.0,0.0,-4793.66029120001,,,0.0,0.0,1212.0,68.46726983343905,80.0,100.0,100.0
2025-07-29 23:15:00-07:00,279,NT2,0,69.7,69.7,68.35654077351194,1486.152658285713,1486.152658285713,1212.0,1212.0,1212.0,0.0,-4755.891852342867,,,0.0,0.0,1212.0,68.35654077351194,80.0,100.0,100.0
2025-07-29 23:20:00-07:00,280,NT2,0,70.6,69.7,68.23867089241216,1401.9694683428572,1401.9694683428572,1356.0,1356.0,1356.0,0.0,-4733.0457974857245,,,0.0,0.0,1356.0,68.23867089241216,80.0,100.0,100.0
2025-07-29 23:25:00-07:00,281,NT2,0,68.9,70.6,68.11352220882215,1962.2902272000094,1962.2902272000094,1548.0,1548.0,2088.0,0.0,-4729.215008457153,,,0.0,0.0,1548.0,68.11352220882215,80.0,100.0,100.0
2025-07-29 23:30:00-07:00,282,NT2,0,70.7,69.8,67.98095574625688,1855.0075446857059,1855.0075446857059,2040.0,2040.0,1548.0,0.0,-4739.690822857152,,,0.0,0.0,2040.0,67.98095574625688,80.0,100.0,100.0
2025-07-29 23:35:00-07:00,283,NT2,0,69.8,69.8,67.84083153306398,2026.9008603428633,2026.9008603428633,1980.0,1980.0,2040.0,0.0,-4714.10686080001,,,0.0,0.0,1980.0,67.84083153306398,80.0,100.0,100.0
2025-07-29 23:40:00-07:00,284,NT2,0,68.9,68.9,67.69300860242356,2411.4504301714314,2411.4504301714314,1980.0,1980.0,1980.0,0.0,-4715.198455771438,,,0.0,0.0,1980.0,67.69300860242356,80.0,100.0,100.0
2025-07-29 23:45:00-07:00,285,NT2,0,65.9,67.3,67.5373449923484,2009.3433929142745,2009.3433929142745,1800.0,1800.0,1800.0,0.0,-4679.244253257151,,,0.0,0.0,1800.0,67.5373449923484,80.0,100.0,100.0
2025-07-29 23:50:00-07:00,286,NT2,0,67.3,67.3,67.37369774568378,1734.2747849142843,1734.2747849142843,1512.0,1512.0,1512.0,0.0,-4661.798970514295,,,0.0,0.0,1512.0,67.37369774568378,80.0,100.0,100.0
2025-07-29 23:55:00-07:00,287,NT2,0,68.3,67.8,67.20192291010761,1379.0686079999941,1379.0686079999941,1476.0,1476.0,1440.0,0.0,-4643.276071771438,,,0.0,0.0,1476.0,67.20192291010761,100.0,100.0,100.0
