tmc_code,measurement_tstamp,speed,reference_speed,date,tod_min,clock_min,timestamp,period,wall_clock
110-04178,2025-10-08 06:00:00,62.96,62.0,2025-10-08,360,360,2025-10-08 06:00:00-04:00,AM,06:00
110-04178,2025-10-08 06:05:00,60.95,62.0,2025-10-08,365,365,2025-10-08 06:05:00-04:00,AM,06:05
110-04178,2025-10-08 06:10:00,56.74,62.0,2025-10-08,370,370,2025-10-08 06:10:00-04:00,AM,06:10
110-04178,2025-10-08 06:15:00,55.89,62.0,2025-10-08,375,375,2025-10-08 06:15:00-04:00,AM,06:15
110-04178,2025-10-08 06:20:00,48.77,62.0,2025-10-08,380,380,2025-10-08 06:20:00-04:00,AM,06:20
110-04178,2025-10-08 06:25:00,44.11,62.0,2025-10-08,385,385,2025-10-08 06:25:00-04:00,AM,06:25
110-04178,2025-10-08 06:30:00,35.65,62.0,2025-10-08,390,390,2025-10-08 06:30:00-04:00,AM,06:30
110-04178,2025-10-08 06:35:00,32.29,62.0,2025-10-08,395,395,2025-10-08 06:35:00-04:00,AM,06:35
110-04178,2025-10-08 06:40:00,32.68,62.0,2025-10-08,400,400,2025-10-08 06:40:00-04:00,AM,06:40
110-04178,2025-10-08 06:45:00,26.48,62.0,2025-10-08,405,405,2025-10-08 06:45:00-04:00,AM,06:45
110-04178,2025-10-08 06:50:00,24.94,62.0,2025-10-08,410,410,2025-10-08 06:50:00-04:00,AM,06:50
110-04178,2025-10-08 06:55:00,25.58,62.0,2025-10-08,415,415,2025-10-08 06:55:00-04:00,AM,06:55
110-04178,2025-10-08 07:00:00,29.11,62.0,2025-10-08,420,420,2025-10-08 07:00:00-04:00,AM,07:00
110-04178,2025-10-08 07:05:00,29.76,62.0,2025-10-08,425,425,2025-10-08 07:05:00-04:00,AM,07:05
110-04178,2025-10-08 07:10:00,25.97,62.0,2025-10-08,430,430,2025-10-08 07:10:00-04:00,AM,07:10
110-04178,2025-10-08 07:15:00,24.32,62.0,2025-10-08,435,435,2025-10-08 07:15:00-04:00,AM,07:15
110-04178,2025-10-08 07:20:00,22.79,62.0,2025-10-08,440,440,2025-10-08 07:20:00-04:00,AM,07:20
110-04178,2025-10-08 07:25:00,17.42,62.0,2025-10-08,445,445,2025-10-08 07:25:00-04:00,AM,07:25
110-04178,2025-10-08 07:30:00,20.38,62.0,2025-10-08,450,450,2025-10-08 07:30:00-04:00,AM,07:30
110-04178,2025-10-08 07:35:00,20.17,62.0,2025-10-08,455,455,2025-10-08 07:35:00-04:00,AM,07:35
110-04178,2025-10-08 07:40:00,17.96,62.0,2025-10-08,460,460,2025-10-08 07:40:00-04:00,AM,07:40
110-04178,2025-10-08 07:45:00,16.77,62.0,2025-10-08,465,465,2025-10-08 07:45:00-04:00,AM,07:45
110-04178,2025-10-08 07:50:00,19.57,62.0,2025-10-08,470,470,2025-10-08 07:50:00-04:00,AM,07:50
110-04178,2025-10-08 07:55:00,16.36,62.0,2025-10-08,475,475,2025-10-08 07:55:00-04:00,AM,07:55
110-04178,2025-10-08 08:00:00,19.92,62.0,2025-10-08,480,480,2025-10-08 08:00:00-04:00,AM,08:00
110-04178,2025-10-08 08:05:00,18.45,62.0,2025-10-08,485,485,2025-10-08 08:05:00-04:00,AM,08:05
110-04178,2025-10-08 08:10:00,20.94,62.0,2025-10-08,490,490,2025-10-08 08:10:00-04:00,AM,08:10
110-04178,2025-10-08 08:15:00,22.74,62.0,2025-10-08,495,495,2025-10-08 08:15:00-04:00,AM,08:15
110-04178,2025-10-08 08:20:00,20.77,62.0,2025-10-08,500,500,2025-10-08 08:20:00-04:00,AM,08:20
110-04178,2025-10-08 08:25:00,17.96,62.0,2025-10-08,505,505,2025-10-08 08:25:00-04:00,AM,08:25
110-04178,2025-10-08 08:30:00,20.59,62.0,2025-10-08,510,510,2025-10-08 08:30:00-04:00,AM,08:30
110-04178,2025-10-08 08:35:00,19.57,62.0,2025-10-08,515,515,2025-10-08 08:35:00-04:00,AM,08:35
110-04178,2025-10-08 08:40:00,27.73,62.0,2025-10-08,520,520,2025-10-08 08:40:00-04:00,AM,08:40
110-04178,2025-10-08 08:45:00,16.91,62.0,2025-10-08,525,525,2025-10-08 08:45:00-04:00,AM,08:45
110-04178,2025-10-08 08:50:00,20.98,62.0,2025-10-08,530,530,2025-10-08 08:50:00-04:00,AM,08:50
110-04178,2025-10-08 08:55:00,18.39,62.0,2025-10-08,535,535,2025-10-08 08:55:00-04:00,AM,08:55
110-04178,2025-10-08 09:00:00,21.99,62.0,2025-10-08,540,540,2025-10-08 09:00:00-04:00,MD,09:00
110-04178,2025-10-08 09:05:00,25.44,62.0,2025-10-08,545,545,2025-10-08 09:05:00-04:00,MD,09:05
110-04178,2025-10-08 09:10:00,29.19,62.0,2025-10-08,550,550,2025-10-08 09:10:00-04:00,MD,09:10
110-04178,2025-10-08 09:15:00,29.78,62.0,2025-10-08,555,555,2025-10-08 09:15:00-04:00,MD,09:15
110-04178,2025-10-08 09:20:00,27.97,62.0,2025-10-08,560,560,2025-10-08 09:20:00-04:00,MD,09:20
110-04178,2025-10-08 09:25:00,25.15,62.0,2025-10-08,565,565,2025-10-08 09:25:00-04:00,MD,09:25
110-04178,2025-10-08 09:30:00,25.72,62.0,2025-10-08,570,570,2025-10-08 09:30:00-04:00,MD,09:30
110-04178,2025-10-08 09:35:00,28.97,62.0,2025-10-08,575,575,2025-10-08 09:35:00-04:00,MD,09:35
110-04178,2025-10-08 09:40:00,31.7,62.0,2025-10-08,580,580,2025-10-08 09:40:00-04:00,MD,09:40
110-04178,2025-10-08 09:45:00,21.47,62.0,2025-10-08,585,585,2025-10-08 09:45:00-04:00,MD,09:45
110-04178,2025-10-08 09:50:00,21.45,62.0,2025-10-08,590,590,2025-10-08 09:50:00-04:00,MD,09:50
110-04178,2025-10-08 09:55:00,34.36,62.0,2025-10-08,595,595,2025-10-08 09:55:00-04:00,MD,09:55
110-04178,2025-10-08 10:00:00,36.48,62.0,2025-10-08,600,600,2025-10-08 10:00:00-04:00,MD,10:00
110-04178,2025-10-08 10:05:00,31.59,62.0,2025-10-08,605,605,2025-10-08 10:05:00-04:00,MD,10:05
110-04178,2025-10-08 10:10:00,29.3,62.0,2025-10-08,610,610,2025-10-08 10:10:00-04:00,MD,10:10
110-04178,2025-10-08 10:15:00,41.08,62.0,2025-10-08,615,615,2025-10-08 10:15:00-04:00,MD,10:15
110-04178,2025-10-08 10:20:00,42.91,62.0,2025-10-08,620,620,2025-10-08 10:20:00-04:00,MD,10:20
110-04178,2025-10-08 10:25:00,50.28,62.0,2025-10-08,625,625,2025-10-08 10:25:00-04:00,MD,10:25
110-04178,2025-10-08 10:30:00,57.95,62.0,2025-10-08,630,630,2025-10-08 10:30:00-04:00,MD,10:30
110-04178,2025-10-08 10:35:00,58.33,62.0,2025-10-08,635,635,2025-10-08 10:35:00-04:00,MD,10:35
110-04178,2025-10-08 10:40:00,50.57,62.0,2025-10-08,640,640,2025-10-08 10:40:00-04:00,MD,10:40
110-04178,2025-10-08 10:45:00,48.93,62.0,2025-10-08,645,645,2025-10-08 10:45:00-04:00,MD,10:45
110-04178,2025-10-08 10:50:00,53.59,62.0,2025-10-08,650,650,2025-10-08 10:50:00-04:00,MD,10:50
110-04178,2025-10-08 10:55:00,58.44,62.0,2025-10-08,655,655,2025-10-08 10:55:00-04:00,MD,10:55
110-04178,2025-10-08 11:00:00,58.31,62.0,2025-10-08,660,660,2025-10-08 11:00:00-04:00,MD,11:00
110-04178,2025-10-08 11:05:00,58.1,62.0,2025-10-08,665,665,2025-10-08 11:05:00-04:00,MD,11:05
110-04178,2025-10-08 11:10:00,58.56,62.0,2025-10-08,670,670,2025-10-08 11:10:00-04:00,MD,11:10
110-04178,2025-10-08 11:15:00,62.56,62.0,2025-10-08,675,675,2025-10-08 11:15:00-04:00,MD,11:15
110-04178,2025-10-08 11:20:00,54.58,62.0,2025-10-08,680,680,2025-10-08 11:20:00-04:00,MD,11:20
110-04178,2025-10-08 11:25:00,57.51,62.0,2025-10-08,685,685,2025-10-08 11:25:00-04:00,MD,11:25
110-04178,2025-10-08 11:30:00,59.65,62.0,2025-10-08,690,690,2025-10-08 11:30:00-04:00,MD,11:30
110-04178,2025-10-08 11:35:00,63.58,62.0,2025-10-08,695,695,2025-10-08 11:35:00-04:00,MD,11:35
110-04178,2025-10-08 11:40:00,59.95,62.0,2025-10-08,700,700,2025-10-08 11:40:00-04:00,MD,11:40
110-04178,2025-10-08 11:45:00,56.48,62.0,2025-10-08,705,705,2025-10-08 11:45:00-04:00,MD,11:45
110-04178,2025-10-08 11:50:00,53.71,62.0,2025-10-08,710,710,2025-10-08 11:50:00-04:00,MD,11:50
110-04178,2025-10-08 11:55:00,57.4,62.0,2025-10-08,715,715,2025-10-08 11:55:00-04:00,MD,11:55
110-04178,2025-10-08 12:00:00,59.76,62.0,2025-10-08,720,720,2025-10-08 12:00:00-04:00,MD,12:00
110-04178,2025-10-08 12:05:00,58.99,62.0,2025-10-08,725,725,2025-10-08 12:05:00-04:00,MD,12:05
110-04178,2025-10-08 12:10:00,55.51,62.0,2025-10-08,730,730,2025-10-08 12:10:00-04:00,MD,12:10
110-04178,2025-10-08 12:15:00,57.94,62.0,2025-10-08,735,735,2025-10-08 12:15:00-04:00,MD,12:15
110-04178,2025-10-08 12:20:00,55.21,62.0,2025-10-08,740,740,2025-10-08 12:20:00-04:00,MD,12:20
110-04178,2025-10-08 12:25:00,47.59,62.0,2025-10-08,745,745,2025-10-08 12:25:00-04:00,MD,12:25
110-04178,2025-10-08 12:30:00,44.52,62.0,2025-10-08,750,750,2025-10-08 12:30:00-04:00,MD,12:30
110-04178,2025-10-08 12:35:00,47.1,62.0,2025-10-08,755,755,2025-10-08 12:35:00-04:00,MD,12:35
110-04178,2025-10-08 12:40:00,53.24,62.0,2025-10-08,760,760,2025-10-08 12:40:00-04:00,MD,12:40
110-04178,2025-10-08 12:45:00,58.78,62.0,2025-10-08,765,765,2025-10-08 12:45:00-04:00,MD,12:45
110-04178,2025-10-08 12:50:00,58.16,62.0,2025-10-08,770,770,2025-10-08 12:50:00-04:00,MD,12:50
110-04178,2025-10-08 12:55:00,60.34,62.0,2025-10-08,775,775,2025-10-08 12:55:00-04:00,MD,12:55
110-04178,2025-10-08 13:00:00,57.79,62.0,2025-10-08,780,780,2025-10-08 13:00:00-04:00,MD,13:00
110-04178,2025-10-08 13:05:00,57.13,62.0,2025-10-08,785,785,2025-10-08 13:05:00-04:00,MD,13:05
110-04178,2025-10-08 13:10:00,56.78,62.0,2025-10-08,790,790,2025-10-08 13:10:00-04:00,MD,13:10
110-04178,2025-10-08 13:15:00,57.57,62.0,2025-10-08,795,795,2025-10-08 13:15:00-04:00,MD,13:15
110-04178,2025-10-08 13:20:00,58.64,62.0,2025-10-08,800,800,2025-10-08 13:20:00-04:00,MD,13:20
110-04178,2025-10-08 13:25:00,55.76,62.0,2025-10-08,805,805,2025-10-08 13:25:00-04:00,MD,13:25
110-04178,2025-10-08 13:30:00,56.1,62.0,2025-10-08,810,810,2025-10-08 13:30:00-04:00,MD,13:30
110-04178,2025-10-08 13:35:00,55.18,62.0,2025-10-08,815,815,2025-10-08 13:35:00-04:00,MD,13:35
110-04178,2025-10-08 13:40:00,59.38,62.0,2025-10-08,820,820,2025-10-08 13:40:00-04:00,MD,13:40
110-04178,2025-10-08 13:45:00,56.8,62.0,2025-10-08,825,825,2025-10-08 13:45:00-04:00,MD,13:45
110-04178,2025-10-08 13:50:00,61.07,62.0,2025-10-08,830,830,2025-10-08 13:50:00-04:00,MD,13:50
110-04178,2025-10-08 13:55:00,57.75,62.0,2025-10-08,835,835,2025-10-08 13:55:00-04:00,MD,13:55
110-04178,2025-10-08 14:00:00,51.78,62.0,2025-10-08,840,840,2025-10-08 14:00:00-04:00,MD,14:00
110-04178,2025-10-08 14:05:00,54.9,62.0,2025-10-08,845,845,2025-10-08 14:05:00-04:00,MD,14:05
110-04178,2025-10-08 14:10:00,57.18,62.0,2025-10-08,850,850,2025-10-08 14:10:00-04:00,MD,14:10
110-04178,2025-10-08 14:15:00,51.67,62.0,2025-10-08,855,855,2025-10-08 14:15:00-04:00,MD,14:15
110-04178,2025-10-08 14:20:00,46.56,62.0,2025-10-08,860,860,2025-10-08 14:20:00-04:00,MD,14:20
110-04178,2025-10-08 14:25:00,33.81,62.0,2025-10-08,865,865,2025-10-08 14:25:00-04:00,MD,14:25
110-04178,2025-10-08 14:30:00,26.35,62.0,2025-10-08,870,870,2025-10-08 14:30:00-04:00,MD,14:30
110-04178,2025-10-08 14:35:00,28.93,62.0,2025-10-08,875,875,2025-10-08 14:35:00-04:00,MD,14:35
110-04178,2025-10-08 14:40:00,38.94,62.0,2025-10-08,880,880,2025-10-08 14:40:00-04:00,MD,14:40
110-04178,2025-10-08 14:45:00,38.26,62.0,2025-10-08,885,885,2025-10-08 14:45:00-04:00,MD,14:45
110-04178,2025-10-08 14:50:00,22.93,62.0,2025-10-08,890,890,2025-10-08 14:50:00-04:00,MD,14:50
110-04178,2025-10-08 14:55:00,24.15,62.0,2025-10-08,895,895,2025-10-08 14:55:00-04:00,MD,14:55
110-04178,2025-10-08 15:00:00,25.59,62.0,2025-10-08,900,900,2025-10-08 15:00:00-04:00,PM,15:00
110-04178,2025-10-08 15:05:00,22.76,62.0,2025-10-08,905,905,2025-10-08 15:05:00-04:00,PM,15:05
110-04178,2025-10-08 15:10:00,22.54,62.0,2025-10-08,910,910,2025-10-08 15:10:00-04:00,PM,15:10
110-04178,2025-10-08 15:15:00,21.59,62.0,2025-10-08,915,915,2025-10-08 15:15:00-04:00,PM,15:15
110-04178,2025-10-08 15:20:00,24.7,62.0,2025-10-08,920,920,2025-10-08 15:20:00-04:00,PM,15:20
110-04178,2025-10-08 15:25:00,29.88,62.0,2025-10-08,925,925,2025-10-08 15:25:00-04:00,PM,15:25
110-04178,2025-10-08 15:30:00,28.23,62.0,2025-10-08,930,930,2025-10-08 15:30:00-04:00,PM,15:30
110-04178,2025-10-08 15:35:00,26.59,62.0,2025-10-08,935,935,2025-10-08 15:35:00-04:00,PM,15:35
110-04178,2025-10-08 15:40:00,25.79,62.0,2025-10-08,940,940,2025-10-08 15:40:00-04:00,PM,15:40
110-04178,2025-10-08 15:45:00,26.58,62.0,2025-10-08,945,945,2025-10-08 15:45:00-04:00,PM,15:45
110-04178,2025-10-08 15:50:00,32.43,62.0,2025-10-08,950,950,2025-10-08 15:50:00-04:00,PM,15:50
110-04178,2025-10-08 15:55:00,28.13,62.0,2025-10-08,955,955,2025-10-08 15:55:00-04:00,PM,15:55
110-04178,2025-10-08 16:00:00,32.65,62.0,2025-10-08,960,960,2025-10-08 16:00:00-04:00,PM,16:00
110-04178,2025-10-08 16:05:00,26.15,62.0,2025-10-08,965,965,2025-10-08 16:05:00-04:00,PM,16:05
110-04178,2025-10-08 16:10:00,29.72,62.0,2025-10-08,970,970,2025-10-08 16:10:00-04:00,PM,16:10
110-04178,2025-10-08 16:15:00,29.07,62.0,2025-10-08,975,975,2025-10-08 16:15:00-04:00,PM,16:15
110-04178,2025-10-08 16:20:00,26.51,62.0,2025-10-08,980,980,2025-10-08 16:20:00-04:00,PM,16:20
110-04178,2025-10-08 16:25:00,29.18,62.0,2025-10-08,985,985,2025-10-08 16:25:00-04:00,PM,16:25
110-04178,2025-10-08 16:30:00,33.05,62.0,2025-10-08,990,990,2025-10-08 16:30:00-04:00,PM,16:30
110-04178,2025-10-08 16:35:00,32.73,62.0,2025-10-08,995,995,2025-10-08 16:35:00-04:00,PM,16:35
110-04178,2025-10-08 16:40:00,29.36,62.0,2025-10-08,1000,1000,2025-10-08 16:40:00-04:00,PM,16:40
110-04178,2025-10-08 16:45:00,27.13,62.0,2025-10-08,1005,1005,2025-10-08 16:45:00-04:00,PM,16:45
110-04178,2025-10-08 16:50:00,23.36,62.0,2025-10-08,1010,1010,2025-10-08 16:50:00-04:00,PM,16:50
110-04178,2025-10-08 16:55:00,24.57,62.0,2025-10-08,1015,1015,2025-10-08 16:55:00-04:00,PM,16:55
110-04178,2025-10-08 17:00:00,24.18,62.0,2025-10-08,1020,1020,2025-10-08 17:00:00-04:00,PM,17:00
110-04178,2025-10-08 17:05:00,26.11,62.0,2025-10-08,1025,1025,2025-10-08 17:05:00-04:00,PM,17:05
110-04178,2025-10-08 17:10:00,31.75,62.0,2025-10-08,1030,1030,2025-10-08 17:10:00-04:00,PM,17:10
110-04178,2025-10-08 17:15:00,27.94,62.0,2025-10-08,1035,1035,2025-10-08 17:15:00-04:00,PM,17:15
110-04178,2025-10-08 17:20:00,29.79,62.0,2025-10-08,1040,1040,2025-10-08 17:20:00-04:00,PM,17:20
110-04178,2025-10-08 17:25:00,28.72,62.0,2025-10-08,1045,1045,2025-10-08 17:25:00-04:00,PM,17:25
110-04178,2025-10-08 17:30:00,22.09,62.0,2025-10-08,1050,1050,2025-10-08 17:30:00-04:00,PM,17:30
110-04178,2025-10-08 17:35:00,24.79,62.0,2025-10-08,1055,1055,2025-10-08 17:35:00-04:00,PM,17:35
110-04178,2025-10-08 17:40:00,25.0,62.0,2025-10-08,1060,1060,2025-10-08 17:40:00-04:00,PM,17:40
110-04178,2025-10-08 17:45:00,26.78,62.0,2025-10-08,1065,1065,2025-10-08 17:45:00-04:00,PM,17:45
110-04178,2025-10-08 17:50:00,29.79,62.0,2025-10-08,1070,1070,2025-10-08 17:50:00-04:00,PM,17:50
110-04178,2025-10-08 17:55:00,28.79,62.0,2025-10-08,1075,1075,2025-10-08 17:55:00-04:00,PM,17:55
110-04178,2025-10-08 18:00:00,28.01,62.0,2025-10-08,1080,1080,2025-10-08 18:00:00-04:00,PM,18:00
110-04178,2025-10-08 18:05:00,31.52,62.0,2025-10-08,1085,1085,2025-10-08 18:05:00-04:00,PM,18:05
110-04178,2025-10-08 18:10:00,34.39,62.0,2025-10-08,1090,1090,2025-10-08 18:10:00-04:00,PM,18:10
110-04178,2025-10-08 18:15:00,30.09,62.0,2025-10-08,1095,1095,2025-10-08 18:15:00-04:00,PM,18:15
110-04178,2025-10-08 18:20:00,29.59,62.0,2025-10-08,1100,1100,2025-10-08 18:20:00-04:00,PM,18:20
110-04178,2025-10-08 18:25:00,28.17,62.0,2025-10-08,1105,1105,2025-10-08 18:25:00-04:00,PM,18:25
110-04178,2025-10-08 18:30:00,23.59,62.0,2025-10-08,1110,1110,2025-10-08 18:30:00-04:00,PM,18:30
110-04178,2025-10-08 18:35:00,23.74,62.0,2025-10-08,1115,1115,2025-10-08 18:35:00-04:00,PM,18:35
110-04178,2025-10-08 18:40:00,26.52,62.0,2025-10-08,1120,1120,2025-10-08 18:40:00-04:00,PM,18:40
110-04178,2025-10-08 18:45:00,31.41,62.0,2025-10-08,1125,1125,2025-10-08 18:45:00-04:00,PM,18:45
110-04178,2025-10-08 18:50:00,36.92,62.0,2025-10-08,1130,1130,2025-10-08 18:50:00-04:00,PM,18:50
110-04178,2025-10-08 18:55:00,52.88,62.0,2025-10-08,1135,1135,2025-10-08 18:55:00-04:00,PM,18:55
110-04178,2025-10-08 19:00:00,55.93,62.0,2025-10-08,1140,1140,2025-10-08 19:00:00-04:00,NT,19:00
110-04178,2025-10-08 19:05:00,59.93,62.0,2025-10-08,1145,1145,2025-10-08 19:05:00-04:00,NT,19:05
110-04178,2025-10-08 19:10:00,60.38,62.0,2025-10-08,1150,1150,2025-10-08 19:10:00-04:00,NT,19:10
110-04178,2025-10-08 19:15:00,58.19,62.0,2025-10-08,1155,1155,2025-10-08 19:15:00-04:00,NT,19:15
110-04178,2025-10-08 19:20:00,59.19,62.0,2025-10-08,1160,1160,2025-10-08 19:20:00-04:00,NT,19:20
110-04178,2025-10-08 19:25:00,57.75,62.0,2025-10-08,1165,1165,2025-10-08 19:25:00-04:00,NT,19:25
110-04178,2025-10-08 19:30:00,59.5,62.0,2025-10-08,1170,1170,2025-10-08 19:30:00-04:00,NT,19:30
110-04178,2025-10-08 19:35:00,59.15,62.0,2025-10-08,1175,1175,2025-10-08 19:35:00-04:00,NT,19:35
110-04178,2025-10-08 19:40:00,59.95,62.0,2025-10-08,1180,1180,2025-10-08 19:40:00-04:00,NT,19:40
110-04178,2025-10-08 19:45:00,59.72,62.0,2025-10-08,1185,1185,2025-10-08 19:45:00-04:00,NT,19:45
110-04178,2025-10-08 19:50:00,60.34,62.0,2025-10-08,1190,1190,2025-10-08 19:50:00-04:00,NT,19:50
110-04178,2025-10-08 19:55:00,57.18,62.0,2025-10-08,1195,1195,2025-10-08 19:55:00-04:00,NT,19:55
110-04178,2025-10-08 20:00:00,63.95,62.0,2025-10-08,1200,1200,2025-10-08 20:00:00-04:00,NT,20:00
110-04178,2025-10-08 20:05:00,56.99,62.0,2025-10-08,1205,1205,2025-10-08 20:05:00-04:00,NT,20:05
110-04178,2025-10-08 20:10:00,60.36,62.0,2025-10-08,1210,1210,2025-10-08 20:10:00-04:00,NT,20:10
110-04178,2025-10-08 20:15:00,62.19,62.0,2025-10-08,1215,1215,2025-10-08 20:15:00-04:00,NT,20:15
110-04178,2025-10-08 20:20:00,62.0,62.0,2025-10-08,1220,1220,2025-10-08 20:20:00-04:00,NT,20:20
110-04178,2025-10-08 20:25:00,62.18,62.0,2025-10-08,1225,1225,2025-10-08 20:25:00-04:00,NT,20:25
110-04178,2025-10-08 20:30:00,60.75,62.0,2025-10-08,1230,1230,2025-10-08 20:30:00-04:00,NT,20:30
110-04178,2025-10-08 20:35:00,59.14,62.0,2025-10-08,1235,1235,2025-10-08 20:35:00-04:00,NT,20:35
110-04178,2025-10-08 20:40:00,64.19,62.0,2025-10-08,1240,1240,2025-10-08 20:40:00-04:00,NT,20:40
110-04178,2025-10-08 20:45:00,63.18,62.0,2025-10-08,1245,1245,2025-10-08 20:45:00-04:00,NT,20:45
110-04178,2025-10-08 20:50:00,60.0,62.0,2025-10-08,1250,1250,2025-10-08 20:50:00-04:00,NT,20:50
110-04178,2025-10-08 20:55:00,61.18,62.0,2025-10-08,1255,1255,2025-10-08 20:55:00-04:00,NT,20:55
110-04178,2025-10-08 21:00:00,61.6,62.0,2025-10-08,1260,1260,2025-10-08 21:00:00-04:00,NT,21:00
110-04178,2025-10-08 21:05:00,61.59,62.0,2025-10-08,1265,1265,2025-10-08 21:05:00-04:00,NT,21:05
110-04178,2025-10-08 21:10:00,65.98,62.0,2025-10-08,1270,1270,2025-10-08 21:10:00-04:00,NT,21:10
110-04178,2025-10-08 21:15:00,65.57,62.0,2025-10-08,1275,1275,2025-10-08 21:15:00-04:00,NT,21:15
110-04178,2025-10-08 21:20:00,64.6,62.0,2025-10-08,1280,1280,2025-10-08 21:20:00-04:00,NT,21:20
110-04178,2025-10-08 21:25:00,65.2,62.0,2025-10-08,1285,1285,2025-10-08 21:25:00-04:00,NT,21:25
110-04178,2025-10-08 21:30:00,65.0,62.0,2025-10-08,1290,1290,2025-10-08 21:30:00-04:00,NT,21:30
110-04178,2025-10-08 21:35:00,65.2,62.0,2025-10-08,1295,1295,2025-10-08 21:35:00-04:00,NT,21:35
110-04178,2025-10-08 21:40:00,63.6,62.0,2025-10-08,1300,1300,2025-10-08 21:40:00-04:00,NT,21:40
110-04178,2025-10-08 21:45:00,64.79,62.0,2025-10-08,1305,1305,2025-10-08 21:45:00-04:00,NT,21:45
110-04178,2025-10-08 21:50:00,66.0,62.0,2025-10-08,1310,1310,2025-10-08 21:50:00-04:00,NT,21:50
110-04178,2025-10-08 21:55:00,66.39,62.0,2025-10-08,1315,1315,2025-10-08 21:55:00-04:00,NT,21:55
110-04178,2025-10-08 22:00:00,65.96,62.0,2025-10-08,1320,1320,2025-10-08 22:00:00-04:00,NT,22:00
110-04178,2025-10-08 22:05:00,66.59,62.0,2025-10-08,1325,1325,2025-10-08 22:05:00-04:00,NT,22:05
110-04178,2025-10-08 22:10:00,64.19,62.0,2025-10-08,1330,1330,2025-10-08 22:10:00-04:00,NT,22:10
110-04178,2025-10-08 22:15:00,63.38,62.0,2025-10-08,1335,1335,2025-10-08 22:15:00-04:00,NT,22:15
110-04178,2025-10-08 22:20:00,65.6,62.0,2025-10-08,1340,1340,2025-10-08 22:20:00-04:00,NT,22:20
110-04178,2025-10-08 22:25:00,63.78,62.0,2025-10-08,1345,1345,2025-10-08 22:25:00-04:00,NT,22:25
110-04178,2025-10-08 22:30:00,62.98,62.0,2025-10-08,1350,1350,2025-10-08 22:30:00-04:00,NT,22:30
110-04178,2025-10-08 22:35:00,63.99,62.0,2025-10-08,1355,1355,2025-10-08 22:35:00-04:00,NT,22:35
110-04178,2025-10-08 22:40:00,65.4,62.0,2025-10-08,1360,1360,2025-10-08 22:40:00-04:00,NT,22:40
110-04178,2025-10-08 22:45:00,66.4,62.0,2025-10-08,1365,1365,2025-10-08 22:45:00-04:00,NT,22:45
110-04178,2025-10-08 22:50:00,62.96,62.0,2025-10-08,1370,1370,2025-10-08 22:50:00-04:00,NT,22:50
110-04178,2025-10-08 22:55:00,61.4,62.0,2025-10-08,1375,1375,2025-10-08 22:55:00-04:00,NT,22:55
110-04178,2025-10-08 23:00:00,62.52,62.0,2025-10-08,1380,1380,2025-10-08 23:00:00-04:00,NT,23:00
110-04178,2025-10-08 23:05:00,65.79,62.0,2025-10-08,1385,1385,2025-10-08 23:05:00-04:00,NT,23:05
110-04178,2025-10-08 23:10:00,60.2,62.0,2025-10-08,1390,1390,2025-10-08 23:10:00-04:00,NT,23:10
110-04178,2025-10-08 23:15:00,58.4,62.0,2025-10-08,1395,1395,2025-10-08 23:15:00-04:00,NT,23:15
110-04178,2025-10-08 23:20:00,63.53,62.0,2025-10-08,1400,1400,2025-10-08 23:20:00-04:00,NT,23:20
110-04178,2025-10-08 23:25:00,69.79,62.0,2025-10-08,1405,1405,2025-10-08 23:25:00-04:00,NT,23:25
110-04178,2025-10-08 23:30:00,67.79,62.0,2025-10-08,1410,1410,2025-10-08 23:30:00-04:00,NT,23:30
110-04178,2025-10-08 23:35:00,67.0,62.0,2025-10-08,1415,1415,2025-10-08 23:35:00-04:00,NT,23:35
110-04178,2025-10-08 23:40:00,66.4,62.0,2025-10-08,1420,1420,2025-10-08 23:40:00-04:00,NT,23:40
110-04178,2025-10-08 23:45:00,66.0,62.0,2025-10-08,1425,1425,2025-10-08 23:45:00-04:00,NT,23:45
110-04178,2025-10-08 23:50:00,65.18,62.0,2025-10-08,1430,1430,2025-10-08 23:50:00-04:00,NT,23:50
110-04178,2025-10-08 23:55:00,62.0,62.0,2025-10-08,1435,1435,2025-10-08 23:55:00-04:00,NT,23:55
110-04178,2025-10-09 00:00:00,58.16,62.0,2025-10-09,0,1440,2025-10-09 00:00:00-04:00,NT,24:00
110-04178,2025-10-09 00:05:00,62.18,62.0,2025-10-09,5,1445,2025-10-09 00:05:00-04:00,NT,24:05
110-04178,2025-10-09 00:10:00,63.0,62.0,2025-10-09,10,1450,2025-10-09 00:10:00-04:00,NT,24:10
110-04178,2025-10-09 00:15:00,65.2,62.0,2025-10-09,15,1455,2025-10-09 00:15:00-04:00,NT,24:15
110-04178,2025-10-09 00:20:00,66.8,62.0,2025-10-09,20,1460,2025-10-09 00:20:00-04:00,NT,24:20
110-04178,2025-10-09 00:25:00,68.2,62.0,2025-10-09,25,1465,2025-10-09 00:25:00-04:00,NT,24:25
110-04178,2025-10-09 00:30:00,64.17,62.0,2025-10-09,30,1470,2025-10-09 00:30:00-04:00,NT,24:30
110-04178,2025-10-09 00:35:00,64.59,62.0,2025-10-09,35,1475,2025-10-09 00:35:00-04:00,NT,24:35
110-04178,2025-10-09 00:40:00,65.0,62.0,2025-10-09,40,1480,2025-10-09 00:40:00-04:00,NT,24:40
110-04178,2025-10-09 00:45:00,64.8,62.0,2025-10-09,45,1485,2025-10-09 00:45:00-04:00,NT,24:45
110-04178,2025-10-09 00:50:00,64.0,62.0,2025-10-09,50,1490,2025-10-09 00:50:00-04:00,NT,24:50
110-04178,2025-10-09 00:55:00,62.8,62.0,2025-10-09,55,1495,2025-10-09 00:55:00-04:00,NT,24:55
110-04178,2025-10-09 01:00:00,65.2,62.0,2025-10-09,60,1500,2025-10-09 01:00:00-04:00,NT,25:00
110-04178,2025-10-09 01:05:00,59.28,62.0,2025-10-09,65,1505,2025-10-09 01:05:00-04:00,NT,25:05
110-04178,2025-10-09 01:10:00,59.59,62.0,2025-10-09,70,1510,2025-10-09 01:10:00-04:00,NT,25:10
110-04178,2025-10-09 01:15:00,57.99,62.0,2025-10-09,75,1515,2025-10-09 01:15:00-04:00,NT,25:15
110-04178,2025-10-09 01:20:00,58.8,62.0,2025-10-09,80,1520,2025-10-09 01:20:00-04:00,NT,25:20
110-04178,2025-10-09 01:25:00,58.2,62.0,2025-10-09,85,1525,2025-10-09 01:25:00-04:00,NT,25:25
110-04178,2025-10-09 01:30:00,61.78,62.0,2025-10-09,90,1530,2025-10-09 01:30:00-04:00,NT,25:30
110-04178,2025-10-09 01:35:00,66.0,62.0,2025-10-09,95,1535,2025-10-09 01:35:00-04:00,NT,25:35
110-04178,2025-10-09 01:40:00,63.98,62.0,2025-10-09,100,1540,2025-10-09 01:40:00-04:00,NT,25:40
110-04178,2025-10-09 01:45:00,62.6,62.0,2025-10-09,105,1545,2025-10-09 01:45:00-04:00,NT,25:45
110-04178,2025-10-09 01:50:00,61.99,62.0,2025-10-09,110,1550,2025-10-09 01:50:00-04:00,NT,25:50
110-04178,2025-10-09 01:55:00,60.79,62.0,2025-10-09,115,1555,2025-10-09 01:55:00-04:00,NT,25:55
110-04178,2025-10-09 02:00:00,59.38,62.0,2025-10-09,120,1560,2025-10-09 02:00:00-04:00,NT,26:00
110-04178,2025-10-09 02:05:00,60.8,62.0,2025-10-09,125,1565,2025-10-09 02:05:00-04:00,NT,26:05
110-04178,2025-10-09 02:10:00,63.36,62.0,2025-10-09,130,1570,2025-10-09 02:10:00-04:00,NT,26:10
110-04178,2025-10-09 02:15:00,65.0,62.0,2025-10-09,135,1575,2025-10-09 02:15:00-04:00,NT,26:15
110-04178,2025-10-09 02:20:00,61.14,62.0,2025-10-09,140,1580,2025-10-09 02:20:00-04:00,NT,26:20
110-04178,2025-10-09 02:25:00,60.0,62.0,2025-10-09,145,1585,2025-10-09 02:25:00-04:00,NT,26:25
110-04178,2025-10-09 02:30:00,58.6,62.0,2025-10-09,150,1590,2025-10-09 02:30:00-04:00,NT,26:30
110-04178,2025-10-09 02:35:00,49.92,62.0,2025-10-09,155,1595,2025-10-09 02:35:00-04:00,NT,26:35
110-04178,2025-10-09 02:40:00,51.29,62.0,2025-10-09,160,1600,2025-10-09 02:40:00-04:00,NT,26:40
110-04178,2025-10-09 02:45:00,60.39,62.0,2025-10-09,165,1605,2025-10-09 02:45:00-04:00,NT,26:45
110-04178,2025-10-09 02:50:00,63.0,62.0,2025-10-09,170,1610,2025-10-09 02:50:00-04:00,NT,26:50
110-04178,2025-10-09 02:55:00,62.18,62.0,2025-10-09,175,1615,2025-10-09 02:55:00-04:00,NT,26:55
110-04178,2025-10-09 03:00:00,61.4,62.0,2025-10-09,180,1620,2025-10-09 03:00:00-04:00,NT,27:00
110-04178,2025-10-09 03:05:00,62.0,62.0,2025-10-09,185,1625,2025-10-09 03:05:00-04:00,NT,27:05
110-04178,2025-10-09 03:10:00,59.57,62.0,2025-10-09,190,1630,2025-10-09 03:10:00-04:00,NT,27:10
110-04178,2025-10-09 03:15:00,57.2,62.0,2025-10-09,195,1635,2025-10-09 03:15:00-04:00,NT,27:15
110-04178,2025-10-09 03:20:00,59.52,62.0,2025-10-09,200,1640,2025-10-09 03:20:00-04:00,NT,27:20
110-04178,2025-10-09 03:25:00,62.8,62.0,2025-10-09,205,1645,2025-10-09 03:25:00-04:00,NT,27:25
110-04178,2025-10-09 03:30:00,63.2,62.0,2025-10-09,210,1650,2025-10-09 03:30:00-04:00,NT,27:30
110-04178,2025-10-09 03:35:00,64.19,62.0,2025-10-09,215,1655,2025-10-09 03:35:00-04:00,NT,27:35
110-04178,2025-10-09 03:40:00,62.39,62.0,2025-10-09,220,1660,2025-10-09 03:40:00-04:00,NT,27:40
110-04178,2025-10-09 03:45:00,65.0,62.0,2025-10-09,225,1665,2025-10-09 03:45:00-04:00,NT,27:45
110-04178,2025-10-09 03:50:00,65.0,62.0,2025-10-09,230,1670,2025-10-09 03:50:00-04:00,NT,27:50
110-04178,2025-10-09 03:55:00,66.18,62.0,2025-10-09,235,1675,2025-10-09 03:55:00-04:00,NT,27:55
110-04178,2025-10-09 04:00:00,66.6,62.0,2025-10-09,240,1680,2025-10-09 04:00:00-04:00,NT,28:00
110-04178,2025-10-09 04:05:00,68.76,62.0,2025-10-09,245,1685,2025-10-09 04:05:00-04:00,NT,28:05
110-04178,2025-10-09 04:10:00,66.19,62.0,2025-10-09,250,1690,2025-10-09 04:10:00-04:00,NT,28:10
110-04178,2025-10-09 04:15:00,67.0,62.0,2025-10-09,255,1695,2025-10-09 04:15:00-04:00,NT,28:15
110-04178,2025-10-09 04:20:00,65.19,62.0,2025-10-09,260,1700,2025-10-09 04:20:00-04:00,NT,28:20
110-04178,2025-10-09 04:25:00,64.99,62.0,2025-10-09,265,1705,2025-10-09 04:25:00-04:00,NT,28:25
110-04178,2025-10-09 04:30:00,65.0,62.0,2025-10-09,270,1710,2025-10-09 04:30:00-04:00,NT,28:30
110-04178,2025-10-09 04:35:00,68.55,62.0,2025-10-09,275,1715,2025-10-09 04:35:00-04:00,NT,28:35
110-04178,2025-10-09 04:40:00,68.98,62.0,2025-10-09,280,1720,2025-10-09 04:40:00-04:00,NT,28:40
110-04178,2025-10-09 04:45:00,68.8,62.0,2025-10-09,285,1725,2025-10-09 04:45:00-04:00,NT,28:45
110-04178,2025-10-09 04:50:00,68.4,62.0,2025-10-09,290,1730,2025-10-09 04:50:00-04:00,NT,28:50
110-04178,2025-10-09 04:55:00,68.99,62.0,2025-10-09,295,1735,2025-10-09 04:55:00-04:00,NT,28:55
110-04178,2025-10-09 05:00:00,65.03,62.0,2025-10-09,300,1740,2025-10-09 05:00:00-04:00,NT,29:00
110-04178,2025-10-09 05:05:00,63.4,62.0,2025-10-09,305,1745,2025-10-09 05:05:00-04:00,NT,29:05
110-04178,2025-10-09 05:10:00,64.76,62.0,2025-10-09,310,1750,2025-10-09 05:10:00-04:00,NT,29:10
110-04178,2025-10-09 05:15:00,69.12,62.0,2025-10-09,315,1755,2025-10-09 05:15:00-04:00,NT,29:15
110-04178,2025-10-09 05:20:00,66.79,62.0,2025-10-09,320,1760,2025-10-09 05:20:00-04:00,NT,29:20
110-04178,2025-10-09 05:25:00,65.6,62.0,2025-10-09,325,1765,2025-10-09 05:25:00-04:00,NT,29:25
110-04178,2025-10-09 05:30:00,66.11,62.0,2025-10-09,330,1770,2025-10-09 05:30:00-04:00,NT,29:30
110-04178,2025-10-09 05:35:00,64.18,62.0,2025-10-09,335,1775,2025-10-09 05:35:00-04:00,NT,29:35
110-04178,2025-10-09 05:40:00,64.95,62.0,2025-10-09,340,1780,2025-10-09 05:40:00-04:00,NT,29:40
110-04178,2025-10-09 05:45:00,64.78,62.0,2025-10-09,345,1785,2025-10-09 05:45:00-04:00,NT,29:45
110-04178,2025-10-09 05:50:00,59.76,62.0,2025-10-09,350,1790,2025-10-09 05:50:00-04:00,NT,29:50
110-04178,2025-10-09 05:55:00,62.18,62.0,2025-10-09,355,1795,2025-10-09 05:55:00-04:00,NT,29:55
