corridor,net_link_id,tmc_code,lanes,miles,C_vphpl,C_veh_per_h,free_speed_mph,cutoff_mph,D_assign_vphpl,D_obs_vphpl,D_ratio,P_h_obs,T2_clock_obs,vT2_mph_obs,P_h_model,T2_clock_model,vT2_mph_model,P_h_err,T2_min_err,vT2_mph_err,speed_mae_episode_mph,speed_mae_pm_mph,mae_episode_assignment_only_mph,note
I395_NB,26297,110P04128,3,0.17,1900.0,5700.0,58.12,40.68,311.0,1605.6,0.194,5.79,17:30,17.96,9.58,17:30,18.6,,0.0,0.64,1.62,1.62,35.32,model episode still open at 19:00; P not comparable; V_assign below the observed discharge
I395_NB,26469,110P04130,6,0.2,1900.0,11400.0,52.15,36.5,760.9,1215.4,0.626,15.85,16:00,9.67,17.82,15:45,9.59,,-15.0,-0.08,0.46,0.46,41.15,model episode still open at 19:00; P not comparable; V_assign below the observed discharge
I395_NB,26501,110+04130,3,0.15,1900.0,5700.0,52.7,36.89,391.2,1198.8,0.326,14.4,17:30,9.43,17.54,17:15,9.61,,-15.0,0.18,0.62,0.62,41.91,model episode still open at 19:00; P not comparable; V_assign below the observed discharge
I395_NB,26825,110+04129,3,0.23,1900.0,5700.0,55.65,38.96,311.0,1422.0,0.219,6.27,17:30,13.04,9.84,17:30,13.41,,0.0,0.37,1.09,1.09,39.16,model episode still open at 19:00; P not comparable; V_assign below the observed discharge
I395_NB,27878,110+04124,4,0.27,1900.0,7600.0,67.19,47.03,1206.6,701.3,1.72,1.51,17:45,39.45,0.6,17:45,42.87,-0.91,0.0,3.42,10.94,12.59,24.48,
I395_NB,28294,110+04124,4,0.07,1900.0,7600.0,67.19,47.03,1206.6,701.3,1.72,1.51,17:45,39.45,1.05,17:45,37.62,-0.46,0.0,-1.83,4.09,10.02,24.48,
I395_NB,29007,110+04121,4,0.43,2000.0,8000.0,65.33,45.73,1143.7,1672.9,0.684,13.13,17:30,20.55,17.28,17:15,20.49,,-15.0,-0.06,0.49,0.49,40.19,model episode still open at 19:00; P not comparable; V_assign below the observed discharge
I395_NB,29361,110P04120,4,0.23,1900.0,7600.0,65.65,45.95,2214.8,1637.7,1.352,4.19,17:30,18.11,8.78,17:15,17.6,,-15.0,-0.51,2.05,2.05,28.58,model episode still open at 19:00; P not comparable; V_assign above what free-flow bins can absorb
I395_NB,32581,110P04120,3,0.68,1900.0,5700.0,65.65,45.95,1290.1,1637.7,0.788,4.19,17:30,18.11,8.78,17:15,17.6,,-15.0,-0.51,2.05,2.05,36.95,model episode still open at 19:00; P not comparable; V_assign below the observed discharge
I395_SB,26699,110N04127,3,0.1,1900.0,5700.0,60.87,42.61,1585.0,1657.2,0.956,3.92,16:45,21.19,8.86,17:00,21.64,,15.0,0.45,1.84,1.84,33.99,model episode still open at 19:00; P not comparable; V_assign below the observed discharge
I395_SB,26759,110N04124,4,0.28,1900.0,7600.0,62.23,43.56,1757.9,1587.2,1.107,3.56,15:45,29.33,3.09,16:00,28.01,-0.47,15.0,-1.32,2.55,4.06,27.48,
I395_SB,26764,110-04124,4,0.29,1900.0,7600.0,61.76,43.23,1757.9,1570.6,1.119,3.64,17:30,29.52,3.09,17:30,29.17,-0.55,0.0,-0.35,2.31,3.98,28.55,
I395_SB,26772,110N04125,4,0.23,1900.0,7600.0,63.78,44.65,1512.1,1552.4,0.974,3.57,17:30,29.04,3.06,17:30,28.92,-0.51,0.0,-0.12,2.38,4.06,30.37,V_assign below the observed discharge
I395_SB,26776,110N04125,4,0.25,1900.0,7600.0,63.78,44.65,1582.3,1552.4,1.019,3.57,17:30,29.04,3.06,17:30,28.92,-0.51,0.0,-0.12,2.38,4.06,30.37,
I395_SB,26781,110-04125,4,0.08,1900.0,7600.0,65.36,45.75,1582.3,1663.7,0.951,3.76,16:15,29.64,2.92,16:00,29.27,-0.84,-15.0,-0.36,4.42,5.32,30.83,V_assign below the observed discharge
I395_SB,26788,110N04126,4,0.57,1900.0,7600.0,65.73,46.01,1328.5,1757.8,0.756,4.25,16:00,29.14,9.02,16:00,29.0,,0.0,-0.14,1.2,1.2,32.59,model episode still open at 19:00; P not comparable; V_assign below the observed discharge
I395_SB,26792,110N04126,4,0.05,1900.0,7600.0,65.73,46.01,1359.0,1757.8,0.773,4.25,16:00,29.14,9.03,16:00,28.84,,0.0,-0.3,1.07,1.07,32.59,model episode still open at 19:00; P not comparable; V_assign below the observed discharge
I395_SB,26796,110-04126,4,0.76,1900.0,7600.0,66.12,46.28,1359.0,1591.5,0.854,4.56,15:45,21.26,9.29,15:45,20.98,,0.0,-0.27,0.41,0.41,40.6,model episode still open at 19:00; P not comparable; V_assign below the observed discharge
I395_SB,26799,110N04127,3,0.24,1900.0,5700.0,60.87,42.61,2253.2,1657.2,1.36,3.92,16:45,21.19,8.86,17:00,21.64,,15.0,0.45,1.84,1.84,24.65,model episode still open at 19:00; P not comparable; V_assign above what free-flow bins can absorb
I395_SB,26810,110N04127,4,0.25,1900.0,7600.0,60.87,42.61,1693.4,1657.2,1.022,3.92,16:45,21.19,8.86,17:00,21.64,,15.0,0.45,1.84,1.84,21.53,model episode still open at 19:00; P not comparable; V_assign above what free-flow bins can absorb
I395_SB,26814,110N04127,4,0.12,1900.0,7600.0,60.87,42.61,1693.4,1657.2,1.022,3.92,16:45,21.19,8.86,17:00,21.64,,15.0,0.45,1.84,1.84,23.29,model episode still open at 19:00; P not comparable; V_assign above what free-flow bins can absorb
I395_SB,26821,110N04127,3,0.08,1900.0,5700.0,60.87,42.61,1585.0,1657.2,0.956,3.92,16:45,21.19,8.86,17:00,21.64,,15.0,0.45,1.84,1.84,33.99,model episode still open at 19:00; P not comparable; V_assign below the observed discharge
I395_SB,28289,110-04122,4,1.11,1900.0,7600.0,65.71,45.99,1813.1,1715.1,1.057,3.66,15:45,33.31,2.57,15:45,39.28,-1.08,0.0,5.97,9.26,9.48,22.21,
I395_SB,28298,110N04123,4,0.41,1900.0,7600.0,64.61,45.22,1660.7,1542.3,1.077,3.39,15:45,25.78,3.01,15:45,25.43,-0.38,0.0,-0.35,2.14,3.28,30.48,
I395_SB,28302,110N04123,4,0.29,1900.0,7600.0,64.61,45.22,1749.2,1542.3,1.134,3.39,15:45,25.78,3.01,15:45,25.42,-0.38,0.0,-0.36,2.1,3.26,30.48,
I395_SB,28307,110-04123,4,0.25,1900.0,7600.0,62.59,43.81,1749.2,1485.1,1.178,3.4,15:45,29.73,2.84,16:00,28.1,-0.56,15.0,-1.63,3.2,5.09,26.62,
I395_SB,28312,110N04124,4,0.31,1900.0,7600.0,62.23,43.56,1697.6,1587.2,1.07,3.56,15:45,29.33,3.09,16:00,27.91,-0.48,15.0,-1.41,2.59,4.09,27.48,
I66_EB,31804,110N04179,4,1.1,1900.0,7600.0,68.35,47.85,806.7,1800.1,0.448,5.18,17:30,29.39,2.11,17:30,29.92,-3.07,0.0,0.53,3.32,3.32,30.2,V_assign below the observed discharge
I66_WB,31354,110+04178,4,0.1,1900.0,7600.0,67.72,47.4,937.2,1647.4,0.569,6.39,17:45,24.7,10.33,17:45,24.55,,0.0,-0.16,0.55,0.55,39.67,model episode still open at 19:00; P not comparable; V_assign below the observed discharge
I66_WB,31358,110+04178,4,0.92,1900.0,7600.0,67.72,47.4,937.2,1647.4,0.569,6.39,17:45,24.7,10.31,17:45,24.46,,0.0,-0.25,0.57,0.57,39.67,model episode still open at 19:00; P not comparable; V_assign below the observed discharge
I66_WB,31388,110P04182,5,0.33,1900.0,9500.0,68.56,47.99,911.1,1597.4,0.57,4.61,16:45,22.92,9.1,17:00,22.66,,15.0,-0.26,0.33,0.33,41.94,model episode still open at 19:00; P not comparable; V_assign below the observed discharge
I66_WB,31404,110+04183,2,0.14,2000.0,4000.0,67.77,47.44,480.5,1434.8,0.335,5.35,17:15,15.38,9.61,17:15,15.29,,0.0,-0.09,0.54,0.54,49.45,model episode still open at 19:00; P not comparable; V_assign below the observed discharge
I66_WB,31406,110+04183,2,0.29,2000.0,4000.0,67.77,47.44,480.5,1434.8,0.335,5.35,17:15,15.38,9.61,17:15,15.29,,0.0,-0.09,0.54,0.54,49.45,model episode still open at 19:00; P not comparable; V_assign below the observed discharge
I66_WB,31411,110+04183,2,0.15,2000.0,4000.0,67.77,47.44,480.5,1434.8,0.335,5.35,17:15,15.38,9.61,17:15,15.29,,0.0,-0.09,0.54,0.54,49.45,model episode still open at 19:00; P not comparable; V_assign below the observed discharge
I66_WB,31414,110P04183,2,0.49,2000.0,4000.0,68.91,48.24,480.5,1533.2,0.313,5.36,17:45,17.42,9.59,17:45,17.5,,0.0,0.08,0.52,0.52,47.37,model episode still open at 19:00; P not comparable; V_assign below the observed discharge
I66_WB,31416,110+04184,2,0.25,2000.0,4000.0,68.98,48.29,480.5,1769.4,0.272,4.26,18:00,28.85,8.53,18:00,29.02,,0.0,0.16,2.16,3.27,31.72,model episode still open at 19:00; P not comparable; V_assign below the observed discharge
I66_WB,31418,110+04184,2,0.78,2000.0,4000.0,68.98,48.29,480.5,1769.4,0.272,4.26,18:00,28.85,8.49,18:00,28.96,,0.0,0.11,2.43,3.53,31.72,model episode still open at 19:00; P not comparable; V_assign below the observed discharge
I66_WB,31423,110+04184,2,1.07,2000.0,4000.0,68.98,48.29,480.5,1769.4,0.272,4.26,18:00,28.85,8.38,18:00,31.16,,0.0,2.31,4.71,5.66,31.72,model episode still open at 19:00; P not comparable; V_assign below the observed discharge
I66_WB,31426,110+04184,2,0.67,2000.0,4000.0,68.98,48.29,480.5,1769.4,0.272,4.26,18:00,28.85,8.5,18:00,28.98,,0.0,0.12,2.4,3.5,31.72,model episode still open at 19:00; P not comparable; V_assign below the observed discharge
I66_WB,32029,110+04178,4,0.14,1900.0,7600.0,67.72,47.4,937.2,1647.4,0.569,6.39,17:45,24.7,10.33,17:45,24.55,,0.0,-0.16,0.55,0.55,39.67,model episode still open at 19:00; P not comparable; V_assign below the observed discharge
I66_WB,32031,110P04178,4,0.86,1900.0,7600.0,67.38,47.17,895.6,1825.7,0.491,6.02,18:00,33.49,8.72,17:45,38.48,,-15.0,4.99,6.4,6.4,29.7,model episode still open at 19:00; P not comparable; V_assign below the observed discharge
I66_WB,32037,110P04181,4,1.15,1900.0,7600.0,68.33,47.83,1019.8,1406.8,0.725,2.97,17:15,40.33,,,,,,,11.29,12.06,25.03,model found no PM episode; V_assign below the observed discharge
I66_WB,32038,110P04181,5,0.23,1900.0,9500.0,68.33,47.83,919.6,1406.8,0.654,2.97,17:15,40.33,2.42,17:15,39.81,-0.54,0.0,-0.52,2.83,5.67,25.03,V_assign below the observed discharge
I66_WB,32867,110P04182,2,0.45,2000.0,4000.0,68.56,47.99,361.8,1681.5,0.215,4.61,16:45,22.92,9.09,17:00,22.65,,15.0,-0.26,0.34,0.34,41.94,model episode still open at 19:00; P not comparable; V_assign below the observed discharge
I66_WB,32868,110+04182,5,0.39,2000.0,10000.0,67.62,47.33,919.6,1806.4,0.509,3.64,17:30,33.92,3.3,17:15,33.68,-0.34,-15.0,-0.23,2.38,3.13,28.7,V_assign below the observed discharge
I66_WB,38954,110+04184,2,1.13,2000.0,4000.0,68.98,48.29,480.5,1769.4,0.272,4.26,18:00,28.85,8.37,18:00,31.29,,0.0,2.44,4.9,5.85,31.72,model episode still open at 19:00; P not comparable; V_assign below the observed discharge
I66_WB,39141,110+04184,2,0.41,2000.0,4000.0,68.98,48.29,426.7,1769.4,0.241,4.26,18:00,28.85,8.52,18:00,29.0,,0.0,0.14,2.25,3.36,31.72,model episode still open at 19:00; P not comparable; V_assign below the observed discharge
