episode_id,link_id,t0_la,T2_la,t3_la,P_h,quality_status,deterministic_match_rate,deterministic_median_iou,deterministic_median_abs_t0_min,deterministic_median_abs_T2_min,deterministic_median_abs_t3_min,deterministic_median_abs_P_min,sampling_pass_rate,noise_match_rate,noise_median_iou,noise_median_abs_P_min,stable_speed_only_v1
L405S-012-2025-06-02-E1,L405S-012,2025-06-02T06:54:49.354838-07:00,2025-06-02T08:25:00-07:00,2025-06-02T09:13:23.804347-07:00,2.3095693080555555,accepted,1.0,0.9283535045273116,5.746493683333333,0.0,3.63444405,10.694582150000027,1.0,1.0,0.9258014501312697,7.606108750000007,True
L405S-012-2025-06-03-E1,L405S-012,2025-06-03T06:41:15.762711-07:00,2025-06-03T08:25:00-07:00,2025-06-03T09:58:31.874999-07:00,3.287808968888889,accepted,1.0,0.9627553747148093,2.8940678,0.0,4.453124983333334,7.347192783333361,1.0,1.0,0.9851442578721409,1.6191524666666535,True
L405S-012-2025-06-03-E2,L405S-012,2025-06-03T17:23:17.294117-07:00,2025-06-03T17:30:00-07:00,2025-06-03T17:48:57.828947-07:00,0.4279263416666667,accepted,0.9,0.8319986407399235,1.87572575,0.0,3.1757191000000002,4.122436283333336,1.0,1.0,0.9073039231257192,1.7412297750000016,True
L405S-012-2025-06-04-E1,L405S-012,2025-06-04T07:05:16.027397-07:00,2025-06-04T08:20:00-07:00,2025-06-04T09:33:32.234042-07:00,2.4711685125,accepted_with_flags,1.0,0.9589225311885727,2.3390411,0.0,3.75151975,6.090560849999971,1.0,1.0,0.9719376535856687,3.7631811833333284,False
L405S-012-2025-06-05-E1,L405S-012,2025-06-05T06:56:38.571428-07:00,2025-06-05T08:40:00-07:00,2025-06-05T09:42:11.249999-07:00,2.7590773808333333,accepted_with_flags,1.0,0.9366470513850651,6.341133,0.0,3.3515625,11.197111266666653,1.0,1.0,0.9735828482729854,2.351050408333335,False
L405S-018-2025-06-02-E1,L405S-018,2025-06-02T17:16:03-07:00,2025-06-02T17:25:00-07:00,2025-06-02T17:37:31.315789-07:00,0.3578654969444444,accepted,0.5,0.5552503411809478,3.8116279166666667,0.0,13.387161083333332,17.198789,0.5,0.6666666666666666,0.9106252408425684,1.0796527166666636,False
L405S-018-2025-06-03-E1,L405S-018,2025-06-03T07:55:57.352941-07:00,2025-06-03T08:10:00-07:00,2025-06-03T09:24:49.285714-07:00,1.4810924369444445,accepted,0.7,0.8443162910971292,6.651905083333333,0.0,4.773166016666667,2.602704199999999,1.0,1.0,0.9193420816194069,5.21713732500001,False
L405S-018-2025-06-03-E2,L405S-018,2025-06-03T16:18:03.802816-07:00,2025-06-03T17:15:00-07:00,2025-06-03T18:33:39.736842-07:00,2.259981673888889,accepted,1.0,0.9560555704768354,3.541852116666667,0.0,3.004385966666667,5.416357783333323,1.0,1.0,0.9857515902302902,1.1588149499999956,True
L405S-018-2025-06-04-E1,L405S-018,2025-06-04T17:14:24.473684-07:00,2025-06-04T17:30:00-07:00,2025-06-04T17:47:01.874999-07:00,0.5437225875,accepted,1.0,0.8028382868821574,4.133771933333334,0.0,3.1343469583333334,7.139598200000002,1.0,1.0,0.9061002427105841,2.562420075000001,True
L405S-018-2025-06-05-E1,L405S-018,2025-06-05T07:32:33.750000-07:00,2025-06-05T08:40:00-07:00,2025-06-05T09:40:26.162790-07:00,2.131225775,accepted_with_flags,1.0,0.8921289597833355,6.125,0.0,3.98255815,15.461724816666695,1.0,1.0,0.9446865272814841,2.76023332499999,False
L405S-018-2025-06-05-E2,L405S-018,2025-06-05T17:25:09.375000-07:00,2025-06-05T17:40:00-07:00,2025-06-05T17:54:32.794117-07:00,0.489838643611111,accepted,1.0,0.8139754078059929,3.5677083333333335,0.0,1.7844483916666665,5.246629899999995,1.0,0.9666666666666667,0.9108785113067143,2.158508599999994,True
L405S-028-2025-06-03-E1,L405S-028,2025-06-03T06:56:12.711864-07:00,2025-06-03T07:10:00-07:00,2025-06-03T07:57:54.999999-07:00,1.0284133708333332,accepted,0.7,0.897909862864023,3.3212394,0.0,3.6944444499999998,0.7863308999999941,1.0,1.0,0.957945600330012,1.8802804166666665,False
L405S-028-2025-06-03-E2,L405S-028,2025-06-03T15:58:23.653846-07:00,2025-06-03T16:50:00-07:00,2025-06-03T18:24:48.157894-07:00,2.440140013333333,accepted,1.0,0.893153980933768,3.595152241666667,0.0,7.005334283333334,15.6431547833333,1.0,1.0,0.9607351202041265,4.21222890000001,True
L405S-028-2025-06-04-E1,L405S-028,2025-06-04T06:42:27.931034-07:00,2025-06-04T07:10:00-07:00,2025-06-04T08:22:56.562499-07:00,1.674619851388889,accepted_with_flags,1.0,0.9210423396880643,3.8155172333333334,0.0,3.5370479500000003,8.61354965,1.0,1.0,0.9714144016769957,1.8440229916666673,False
L405S-028-2025-06-04-E2,L405S-028,2025-06-04T18:05:14.375000-07:00,2025-06-04T18:30:00-07:00,2025-06-04T19:41:30.234374-07:00,1.6044053816666666,accepted,1.0,0.9305706817699061,3.5989583166666668,0.0,2.6992187666666667,7.182223166666675,1.0,1.0,0.9669338038234339,1.6494077500000093,True
L405S-028-2025-06-05-E1,L405S-028,2025-06-05T06:45:43.043478-07:00,2025-06-05T07:45:00-07:00,2025-06-05T08:08:22.777777-07:00,1.3777039719444444,accepted,1.0,0.9223049581499629,2.800724633333333,0.0,4.054332633333334,6.855057266666673,1.0,1.0,0.9608164491030984,2.4406111499999983,True
L405S-030-2025-06-02-E1,L405S-030,2025-06-02T07:37:18.883928-07:00,2025-06-02T08:00:00-07:00,2025-06-02T08:21:06.240875-07:00,0.7298213741666667,accepted,1.0,0.812896239768918,2.9329631833333334,0.0,5.999469133333333,9.613684366666677,1.0,1.0,0.9211490329082985,2.794007825000003,True
L405S-030-2025-06-03-E1,L405S-030,2025-06-03T06:58:35.720338-07:00,2025-06-03T07:20:00-07:00,2025-06-03T07:47:55.540540-07:00,0.8221722783333333,accepted,1.0,0.8860428906600611,3.2356077,0.0,3.1993243333333337,6.1219938166666665,1.0,1.0,0.9500866283029117,1.578289883333337,True
L405S-030-2025-06-04-E1,L405S-030,2025-06-04T06:49:56.166666-07:00,2025-06-04T07:25:00-07:00,2025-06-04T07:46:31.889312-07:00,0.9432562905555556,accepted,0.7,0.897485210931516,3.8319444333333332,0.0,2.6326335999999997,6.464578033333332,1.0,0.9666666666666667,0.8157257879302762,9.322149099999999,False
L405S-058-2025-06-03-E1,L405S-058,2025-06-03T06:57:27.692307-07:00,2025-06-03T08:10:00-07:00,2025-06-03T09:46:09.230769-07:00,2.8115384616666668,accepted_with_flags,0.7,0.9060327063305077,4.9160839166666666,0.0,4.4983277500000005,10.440133800000009,1.0,1.0,0.9022824378277718,12.504143116666672,False
L405S-058-2025-06-04-E1,L405S-058,2025-06-04T06:59:13.043478-07:00,2025-06-04T08:20:00-07:00,2025-06-04T09:33:03.333333-07:00,2.563969404166667,accepted_with_flags,1.0,0.9411857592319479,5.845298283333333,0.0,3.1388888833333337,9.613272133333295,1.0,1.0,0.9651263541495794,3.2093446916666357,False
L405S-058-2025-06-04-E2,L405S-058,2025-06-04T22:58:23.142857-07:00,2025-06-04T23:50:00-07:00,2025-06-04T23:57:30.485436-07:00,0.9853729386111112,accepted,1.0,0.9412835673110458,2.638376383333333,0.0,0.540453075,2.92616736666667,1.0,1.0,0.9805229415300509,1.0194955249999937,True
L405S-058-2025-06-05-E1,L405S-058,2025-06-05T07:05:38.181818-07:00,2025-06-05T08:35:00-07:00,2025-06-05T09:37:14.782608-07:00,2.526833552777778,accepted_with_flags,1.0,0.9207085820769949,10.636363633333334,0.0,2.42028985,13.056653483333314,1.0,1.0,0.957314358528115,6.1631518333333535,False
L405S-115-2025-06-02-E1,L405S-115,2025-06-02T06:36:11.033333-07:00,2025-06-02T07:30:00-07:00,2025-06-02T07:55:04.243421-07:00,1.31478058,accepted,1.0,0.9421193341507399,1.3149073999999998,0.0,3.1925987,4.507506100000005,1.0,1.0,0.9755029232054193,1.2060791583333286,True
L405S-115-2025-06-02-E2,L405S-115,2025-06-02T08:17:39.150000-07:00,2025-06-02T08:50:00-07:00,2025-06-02T09:11:52.755681-07:00,0.9037793558333332,accepted,0.9,0.9140638216755069,1.3654807666666666,0.0,3.294559866666667,4.660040633333331,1.0,0.9666666666666667,0.9639088358135234,1.1066234833333266,True
L405S-115-2025-06-03-E1,L405S-115,2025-06-03T06:23:34.847014-07:00,2025-06-03T08:00:00-07:00,2025-06-03T09:58:38.154069-07:00,3.584251959722222,accepted_with_flags,1.0,0.9830588975496279,1.32472015,0.0,2.1173207333333335,3.388818983333337,1.0,1.0,0.9944095709451888,0.7762292000000004,False
L405S-115-2025-06-04-E1,L405S-115,2025-06-04T06:31:34.500000-07:00,2025-06-04T08:00:00-07:00,2025-06-04T09:26:11.249999-07:00,2.9102083330555555,accepted,1.0,0.97600892471576,1.60110325,0.0,2.1859090833333337,3.7851207833333245,1.0,1.0,0.9904989130685088,0.6502767666666598,True
L405S-115-2025-06-05-E1,L405S-115,2025-06-05T06:32:49.586065-07:00,2025-06-05T07:55:00-07:00,2025-06-05T09:11:19.295454-07:00,2.6415859413888887,accepted,1.0,0.9741370497557276,1.4550204916666667,0.0,2.1951325666666666,3.8215264000000015,1.0,1.0,0.9877509943146537,0.8529161166666599,True
