source,link_id,unit,period,bins,bins_below_cutoff,cutoff_mph,capacity_vph,D_counts,D_speed,V_counts,V_speed,V_err
daily,L405S-001,2025-06-16,AM,72,0,49.49,7622.52,0.0,0.0,35473.0,34552.12922110682,-2.5959765988024097
daily,L405S-001,2025-06-16,MD,144,0,49.49,7622.52,0.0,0.0,60603.0,63037.657430473795,4.017387638357499
daily,L405S-001,2025-06-16,NT,264,0,49.49,7622.52,0.0,0.0,90532.0,106236.97461087667,17.34742920832045
daily,L405S-001,2025-06-16,PM,96,0,49.49,7622.52,0.0,0.0,11959.0,30549.686033441303,155.45351645991556
daily,L405S-001,2025-06-17,AM,72,0,49.49,7622.52,0.0,0.0,36808.0,32840.61621878328,-10.778591016128882
daily,L405S-001,2025-06-17,MD,144,0,49.49,7622.52,0.0,0.0,62730.0,52646.97052594917,-16.073695957358254
daily,L405S-001,2025-06-17,NT,264,0,49.49,7622.52,0.0,0.0,92018.0,101057.50103744103,9.823622592798186
daily,L405S-001,2025-06-17,PM,96,0,49.49,7622.52,0.0,0.0,13916.0,25188.15000212568,81.00136535014141
daily,L405S-001,2025-06-18,AM,72,0,49.49,7622.52,0.0,0.0,36497.0,32850.730778650126,-9.990599833821614
daily,L405S-001,2025-06-18,MD,144,0,49.49,7622.52,0.0,0.0,66781.0,59263.5520380904,-11.256866416959317
daily,L405S-001,2025-06-18,NT,264,0,49.49,7622.52,0.0,0.0,90374.0,97866.10766936594,8.29011404758663
daily,L405S-001,2025-06-18,PM,96,0,49.49,7622.52,0.0,0.0,14965.0,34796.49175736969,132.5191564140975
daily,L405S-001,2025-06-19,AM,72,0,49.49,7622.52,0.0,0.0,37508.0,33359.99498173637,-11.05898746471055
daily,L405S-001,2025-06-19,MD,144,0,49.49,7622.52,0.0,0.0,60327.0,51359.868458728466,-14.864209294795918
daily,L405S-001,2025-06-19,NT,264,0,49.49,7622.52,0.0,0.0,91256.0,99555.2382556335,9.09445763087743
daily,L405S-001,2025-06-19,PM,96,0,49.49,7622.52,0.0,0.0,19622.0,28792.101778330732,46.733777282288926
daily,L405S-001,2025-06-20,AM,72,0,49.49,7622.52,0.0,0.0,37119.0,33300.48491352245,-10.287225104333494
daily,L405S-001,2025-06-20,MD,144,0,49.49,7622.52,0.0,0.0,66703.0,52629.65819095881,-21.098514023419018
daily,L405S-001,2025-06-20,NT,264,0,49.49,7622.52,0.0,0.0,81815.0,95701.33084054326,16.972842193415953
daily,L405S-001,2025-06-20,PM,96,0,49.49,7622.52,0.0,0.0,16864.0,24092.64746076568,42.864370616494774
daily,L405S-004,2025-06-16,AM,36,0,49.349999999999994,10956.0,0.0,0.0,23066.0,25390.82165994921,10.078997918794814
daily,L405S-004,2025-06-16,MD,72,0,49.349999999999994,10956.0,0.0,0.0,35696.0,44620.70992828467,25.001988817471616
daily,L405S-004,2025-06-16,NT,132,20,49.349999999999994,10956.0,15274.0,13278.718221231866,70949.0,77580.9783386358,9.347528983686596
daily,L405S-004,2025-06-16,PM,48,0,49.349999999999994,10956.0,0.0,0.0,5991.0,24070.87396298976,301.78390857936506
daily,L405S-004,2025-06-17,AM,36,0,49.349999999999994,10956.0,0.0,0.0,23663.0,23325.159374374027,-1.4277167967965736
daily,L405S-004,2025-06-17,MD,72,0,49.349999999999994,10956.0,0.0,0.0,37242.0,33492.10926398434,-10.068983234025184
daily,L405S-004,2025-06-17,NT,132,27,49.349999999999994,10956.0,20606.0,17974.81176394609,71198.0,74202.04684918563,4.2192854422675214
daily,L405S-004,2025-06-17,PM,48,0,49.349999999999994,10956.0,0.0,0.0,6140.0,18349.21775192103,198.8471946566943
daily,L405S-004,2025-06-18,AM,36,0,49.349999999999994,10956.0,0.0,0.0,23892.0,23757.50543492823,-0.562927193503143
daily,L405S-004,2025-06-18,MD,72,0,49.349999999999994,10956.0,0.0,0.0,39335.0,39517.681340985044,0.4644244082497618
daily,L405S-004,2025-06-18,NT,132,25,49.349999999999994,10956.0,18881.0,15831.73011128186,70223.0,71942.61890720882,2.4487972704225345
daily,L405S-004,2025-06-18,PM,48,0,49.349999999999994,10956.0,0.0,0.0,6974.0,18966.906123036446,171.96596104153207
daily,L405S-004,2025-06-19,AM,36,6,49.349999999999994,10956.0,3713.0,3949.525480804806,25380.0,24162.001998828368,-4.799046497918174
daily,L405S-004,2025-06-19,MD,72,0,49.349999999999994,10956.0,0.0,0.0,38954.0,37116.05378634266,-4.718247711807111
daily,L405S-004,2025-06-19,NT,132,0,49.349999999999994,10956.0,0.0,0.0,71524.0,78149.55273792992,9.263397933462777
daily,L405S-004,2025-06-19,PM,48,0,49.349999999999994,10956.0,0.0,0.0,8687.0,14290.332225377868,64.50250057992251
daily,L405S-004,2025-06-20,AM,36,0,49.349999999999994,10956.0,0.0,0.0,23070.0,24860.01927663978,7.75907792214903
daily,L405S-004,2025-06-20,MD,72,0,49.349999999999994,10956.0,0.0,0.0,41621.0,33320.12982960687,-19.943946974827924
daily,L405S-004,2025-06-20,NT,132,6,49.349999999999994,10956.0,4354.0,4229.147961801236,63026.0,78574.8949186909,24.670604066085268
daily,L405S-004,2025-06-20,PM,48,0,49.349999999999994,10956.0,0.0,0.0,9215.0,21109.013799680768,129.07231470082223
daily,L405S-005,2025-06-16,AM,36,0,49.91,10334.640000000003,0.0,0.0,21891.0,24253.505371363914,10.79213088193282
daily,L405S-005,2025-06-16,MD,72,0,49.91,10334.640000000003,0.0,0.0,33813.0,41873.07068713329,23.837194827827428
daily,L405S-005,2025-06-16,NT,132,18,49.91,10334.640000000003,12738.0,12287.136227897148,67521.0,78944.43439742626,16.918343030207282
daily,L405S-005,2025-06-16,PM,48,0,49.91,10334.640000000003,0.0,0.0,5969.0,24302.26713496632,307.1413492204108
daily,L405S-005,2025-06-17,AM,36,0,49.91,10334.640000000003,0.0,0.0,22519.0,22076.734839002038,-1.9639644788754476
daily,L405S-005,2025-06-17,MD,72,0,49.91,10334.640000000003,0.0,0.0,35083.0,32304.662397409375,-7.919327316907407
daily,L405S-005,2025-06-17,NT,132,23,49.91,10334.640000000003,15584.0,14438.766758199261,67505.0,73630.27654782336,9.07381164035755
daily,L405S-005,2025-06-17,PM,48,0,49.91,10334.640000000003,0.0,0.0,6026.0,18366.246790260768,204.78338516861547
daily,L405S-005,2025-06-18,AM,36,0,49.91,10334.640000000003,0.0,0.0,22820.0,22531.326687004654,-1.2650013715834634
daily,L405S-005,2025-06-18,MD,72,0,49.91,10334.640000000003,0.0,0.0,37209.0,37111.21850820446,-0.26278989436840605
daily,L405S-005,2025-06-18,NT,132,22,49.91,10334.640000000003,14989.0,13964.021341209562,66698.0,73696.7874206027,10.493249303731304
daily,L405S-005,2025-06-18,PM,48,0,49.91,10334.640000000003,0.0,0.0,7029.0,20525.374613298485,192.0098821069638
daily,L405S-005,2025-06-19,AM,36,0,49.91,10334.640000000003,0.0,0.0,24186.0,23001.170729383826,-4.89882275124524
daily,L405S-005,2025-06-19,MD,72,0,49.91,10334.640000000003,0.0,0.0,36694.0,28224.0369477341,-23.08269213567858
daily,L405S-005,2025-06-19,NT,132,6,49.91,10334.640000000003,2017.0,3854.4233538788067,67720.0,79484.15297921916,17.37175572832126
daily,L405S-005,2025-06-19,PM,48,0,49.91,10334.640000000003,0.0,0.0,8704.0,12463.085596028952,43.18802385143557
daily,L405S-005,2025-06-20,AM,36,12,49.91,10334.640000000003,5659.0,6492.798637122154,21653.0,22155.05893817951,2.3186576371842733
daily,L405S-005,2025-06-20,MD,72,0,49.91,10334.640000000003,0.0,0.0,39804.0,32232.581086516017,-19.021753877710744
daily,L405S-005,2025-06-20,NT,132,0,49.91,10334.640000000003,0.0,0.0,60405.0,77344.2110988142,28.042730070050816
daily,L405S-005,2025-06-20,PM,48,0,49.91,10334.640000000003,0.0,0.0,8894.0,20527.172125469187,130.79797757442307
daily,L405S-012,2025-06-16,AM,36,0,47.74,7898.640000000003,0.0,0.0,15516.0,18886.548719330636,21.72305181316471
daily,L405S-012,2025-06-16,MD,72,0,47.74,7898.640000000003,0.0,0.0,24715.0,33273.25379589859,34.62777178190812
daily,L405S-012,2025-06-16,NT,132,23,47.74,7898.640000000003,12894.0,12604.767618071044,49603.0,67081.17798393786,35.2361308467993
daily,L405S-012,2025-06-16,PM,48,0,47.74,7898.640000000003,0.0,0.0,4605.0,20199.08310933579,338.63372658709636
daily,L405S-012,2025-06-17,AM,36,0,47.74,7898.640000000003,0.0,0.0,16048.0,17971.752430112403,11.987490217549869
daily,L405S-012,2025-06-17,MD,72,0,47.74,7898.640000000003,0.0,0.0,25200.0,28622.768069811093,13.582412975440844
daily,L405S-012,2025-06-17,NT,132,31,47.74,7898.640000000003,18249.0,17209.37633680996,50950.0,65129.626308962324,27.830473619160596
daily,L405S-012,2025-06-17,PM,48,0,47.74,7898.640000000003,0.0,0.0,4529.0,15085.88992967285,233.09538374194858
daily,L405S-012,2025-06-18,AM,36,0,47.74,7898.640000000003,0.0,0.0,15664.0,17565.88154109874,12.14173608975192
daily,L405S-012,2025-06-18,MD,72,0,47.74,7898.640000000003,0.0,0.0,26810.0,26758.043538092978,-0.19379508357710726
daily,L405S-012,2025-06-18,NT,132,25,47.74,7898.640000000003,14375.0,13742.333975113288,49279.0,59859.83457905273,21.47128508909014
daily,L405S-012,2025-06-18,PM,48,0,47.74,7898.640000000003,0.0,0.0,5068.0,15715.209506975345,210.0870068463959
daily,L405S-012,2025-06-19,AM,36,0,47.74,7898.640000000003,0.0,0.0,16444.0,17973.857175900834,9.303436973369216
daily,L405S-012,2025-06-19,MD,72,0,47.74,7898.640000000003,0.0,0.0,26177.0,23602.434199946445,-9.835220995735016
daily,L405S-012,2025-06-19,NT,132,0,47.74,7898.640000000003,0.0,0.0,49175.0,62235.619239564636,26.559469729668805
daily,L405S-012,2025-06-19,PM,48,0,47.74,7898.640000000003,0.0,0.0,6380.0,11549.67487929028,81.02938682273167
daily,L405S-012,2025-06-20,AM,36,0,47.74,7898.640000000003,0.0,0.0,15926.0,16712.40529217272,4.937870728197412
daily,L405S-012,2025-06-20,MD,72,0,47.74,7898.640000000003,0.0,0.0,28356.0,29107.60797018231,2.6506135215908837
daily,L405S-012,2025-06-20,NT,132,12,47.74,7898.640000000003,5568.0,5789.67239952992,42562.0,63381.8203693427,48.91645216235773
daily,L405S-012,2025-06-20,PM,48,0,47.74,7898.640000000003,0.0,0.0,6600.0,15338.249274023916,132.39771627308963
daily,L405S-014,2025-06-16,NT,60,0,49.349999999999994,8255.46,0.0,0.0,10467.0,22087.823225188866,111.02343771079455
daily,L405S-014,2025-06-16,PM,24,0,49.349999999999994,8255.46,0.0,0.0,1073.0,8685.077016696187,709.4200388346866
daily,L405S-014,2025-06-17,AM,36,0,49.349999999999994,8255.46,0.0,0.0,21004.0,16452.27716687599,-21.670742873376554
daily,L405S-014,2025-06-17,MD,72,18,49.349999999999994,8255.46,9581.0,6376.016546717672,33730.0,26124.007504903017,-22.54963680728427
daily,L405S-014,2025-06-17,NT,72,0,49.349999999999994,8255.46,0.0,0.0,38152.0,34692.25150726913,-9.068327984721297
daily,L405S-014,2025-06-17,PM,24,0,49.349999999999994,8255.46,0.0,0.0,4461.0,9207.309652008531,106.39564339853243
daily,L405S-020,2025-06-16,AM,36,0,50.33,9184.980000000003,0.0,0.0,21433.0,22193.486487005877,3.548203643941013
daily,L405S-020,2025-06-16,MD,72,0,50.33,9184.980000000003,0.0,0.0,34439.0,41205.64486814777,19.648203688108744
daily,L405S-020,2025-06-16,NT,132,25,50.33,9184.980000000003,17264.0,15486.163026671089,57742.0,66459.82407262328,15.097890742654005
daily,L405S-020,2025-06-16,PM,48,0,50.33,9184.980000000003,0.0,0.0,4887.0,21188.619315205506,333.5710930060468
daily,L405S-020,2025-06-17,AM,36,0,50.33,9184.980000000003,0.0,0.0,22029.0,20536.24273595525,-6.776327858934817
daily,L405S-020,2025-06-17,MD,72,0,50.33,9184.980000000003,0.0,0.0,35186.0,35132.21222437865,-0.15286698010955857
daily,L405S-020,2025-06-17,NT,132,23,50.33,9184.980000000003,16436.0,14255.566066828593,59739.0,66332.04521908196,11.036417112911103
daily,L405S-020,2025-06-17,PM,48,0,50.33,9184.980000000003,0.0,0.0,5643.0,16669.848722255243,195.4075619751062
daily,L405S-020,2025-06-18,AM,36,0,50.33,9184.980000000003,0.0,0.0,22003.0,21047.377581730827,-4.343146017675649
daily,L405S-020,2025-06-18,MD,72,0,50.33,9184.980000000003,0.0,0.0,37254.0,36789.212270052914,-1.247618322722622
daily,L405S-020,2025-06-18,NT,132,26,50.33,9184.980000000003,17966.0,16140.752801226789,58264.0,62331.635519354255,6.981387339273402
daily,L405S-020,2025-06-18,PM,48,0,50.33,9184.980000000003,0.0,0.0,6170.0,18601.723587250854,201.48660595220184
daily,L405S-020,2025-06-19,AM,36,0,50.33,9184.980000000003,0.0,0.0,23267.0,21504.538760366882,-7.574939784386116
daily,L405S-020,2025-06-19,MD,72,0,50.33,9184.980000000003,0.0,0.0,36707.0,35926.20240510335,-2.1271081670979615
daily,L405S-020,2025-06-19,NT,132,0,50.33,9184.980000000003,0.0,0.0,56744.0,62849.73751083785,10.760146466301014
daily,L405S-020,2025-06-19,PM,48,0,50.33,9184.980000000003,0.0,0.0,7554.0,9999.544560893875,32.37416681088
daily,L405S-020,2025-06-20,AM,36,6,50.33,9184.980000000003,3482.0,3684.4248870670735,21963.0,21217.376633861633,-3.394906734682724
daily,L405S-020,2025-06-20,MD,72,0,50.33,9184.980000000003,0.0,0.0,39215.0,34590.70375349288,-11.792161791424501
daily,L405S-020,2025-06-20,NT,132,0,50.33,9184.980000000003,0.0,0.0,50143.0,66291.38299524094,32.20466066099145
daily,L405S-020,2025-06-20,PM,48,0,50.33,9184.980000000003,0.0,0.0,8612.0,20072.302773279698,133.07365040965743
daily,L405S-023,2025-06-19,NT,60,0,50.0255,8491.8,0.0,0.0,13732.0,19830.790167068306,44.412978204692
daily,L405S-023,2025-06-19,PM,24,0,50.0255,8491.8,0.0,0.0,3106.0,9964.97029161649,220.82969387046006
daily,L405S-023,2025-06-20,AM,36,0,50.0255,8491.8,0.0,0.0,21751.0,18659.589343917418,-14.21272886801794
daily,L405S-023,2025-06-20,MD,72,0,50.0255,8491.8,0.0,0.0,34594.0,34594.98242294458,0.002839865134359488
daily,L405S-023,2025-06-20,NT,72,0,50.0255,8491.8,0.0,0.0,44738.0,37607.104260577704,-15.939236754933827
daily,L405S-023,2025-06-20,PM,24,0,50.0255,8491.8,0.0,0.0,4813.0,6803.315529046922,41.35290939220698
daily,L405S-024,2025-06-16,AM,36,0,50.19,8817.66,0.0,0.0,19989.0,19693.07296014092,-1.4804494464909779
daily,L405S-024,2025-06-16,MD,72,0,50.19,8817.66,0.0,0.0,31958.0,34061.40832967515,6.5817896291230635
daily,L405S-024,2025-06-16,NT,132,0,50.19,8817.66,0.0,0.0,57012.0,62297.52448575216,9.27089820696022
daily,L405S-024,2025-06-16,PM,48,0,50.19,8817.66,0.0,0.0,5926.0,19130.776809231025,222.82782330798221
daily,L405S-024,2025-06-17,AM,36,0,50.19,8817.66,0.0,0.0,20472.0,18031.04088855345,-11.92340324075103
daily,L405S-024,2025-06-17,MD,72,0,50.19,8817.66,0.0,0.0,33285.0,26952.019628572743,-19.026529582175925
daily,L405S-024,2025-06-17,NT,132,0,50.19,8817.66,0.0,0.0,57181.0,59539.93159408793,4.1253766007728645
daily,L405S-024,2025-06-17,PM,48,0,50.19,8817.66,0.0,0.0,6028.0,14476.441205469584,140.15330466936936
daily,L405S-024,2025-06-18,AM,36,0,50.19,8817.66,0.0,0.0,20783.0,18296.88163710634,-11.962268983754317
daily,L405S-024,2025-06-18,MD,72,0,50.19,8817.66,0.0,0.0,35745.0,30630.714442798828,-14.307694942512722
daily,L405S-024,2025-06-18,NT,132,0,50.19,8817.66,0.0,0.0,57193.0,57994.972554251755,1.4022215205562838
daily,L405S-024,2025-06-18,PM,48,0,50.19,8817.66,0.0,0.0,7059.0,16996.098742852686,140.77204622259083
daily,L405S-024,2025-06-19,AM,36,0,50.19,8817.66,0.0,0.0,21887.0,18431.865228655686,-15.786241930572093
daily,L405S-024,2025-06-19,MD,72,0,50.19,8817.66,0.0,0.0,33324.0,24188.734272811747,-27.413472953991874
daily,L405S-024,2025-06-19,NT,132,0,50.19,8817.66,0.0,0.0,58215.0,58428.8929418432,0.3674189501729824
daily,L405S-024,2025-06-19,PM,48,0,50.19,8817.66,0.0,0.0,9027.0,14704.680101430113,62.89664452675432
daily,L405S-024,2025-06-20,AM,36,0,50.19,8817.66,0.0,0.0,21258.0,18669.285862198707,-12.177599669777463
daily,L405S-024,2025-06-20,MD,72,0,50.19,8817.66,0.0,0.0,36458.0,29216.593203463064,-19.862325954624325
daily,L405S-024,2025-06-20,NT,132,0,50.19,8817.66,0.0,0.0,51441.0,58662.94523245789,14.039278459707022
daily,L405S-024,2025-06-20,PM,48,0,50.19,8817.66,0.0,0.0,8457.0,13618.815049751605,61.0360062640606
daily,L405S-055,2025-06-16,AM,36,0,49.699999999999996,9892.980000000003,0.0,0.0,20255.0,22002.029173715688,8.625174888746916
daily,L405S-055,2025-06-16,MD,72,0,49.699999999999996,9892.980000000003,0.0,0.0,34226.0,42261.18838938275,23.4768549914765
daily,L405S-055,2025-06-16,NT,132,23,49.699999999999996,9892.980000000003,16320.0,14278.16105739238,62484.0,71249.28960582626,14.02805455128714
daily,L405S-055,2025-06-16,PM,48,0,49.699999999999996,9892.980000000003,0.0,0.0,6178.0,24159.45032998072,291.0561723855733
daily,L405S-055,2025-06-17,AM,36,0,49.699999999999996,9892.980000000003,0.0,0.0,20990.0,19991.89257851628,-4.755156843657555
daily,L405S-055,2025-06-17,MD,72,0,49.699999999999996,9892.980000000003,0.0,0.0,34734.0,35128.35160341456,1.1353475079592266
daily,L405S-055,2025-06-17,NT,132,18,49.699999999999996,9892.980000000003,13263.0,11194.131392655549,64163.0,72144.11467099126,12.438811575193268
daily,L405S-055,2025-06-17,PM,48,0,49.699999999999996,9892.980000000003,0.0,0.0,5939.0,16775.586330859755,182.4648312992045
daily,L405S-055,2025-06-18,AM,36,0,49.699999999999996,9892.980000000003,0.0,0.0,20367.0,20904.105247333715,2.637134812852727
daily,L405S-055,2025-06-18,MD,72,0,49.699999999999996,9892.980000000003,0.0,0.0,36445.0,35866.94474563947,-1.5861030439306625
daily,L405S-055,2025-06-18,NT,132,21,49.699999999999996,9892.980000000003,15122.0,12842.05447052739,61819.0,67246.19953820205,8.77917717562894
daily,L405S-055,2025-06-18,PM,48,0,49.699999999999996,9892.980000000003,0.0,0.0,6653.0,18041.43053461637,171.1773716310893
daily,L405S-055,2025-06-19,AM,36,0,49.699999999999996,9892.980000000003,0.0,0.0,21589.0,21697.125442781173,0.5008358088895861
daily,L405S-055,2025-06-19,MD,72,0,49.699999999999996,9892.980000000003,0.0,0.0,36370.0,37995.566912097725,4.469526841071557
daily,L405S-055,2025-06-19,NT,132,0,49.699999999999996,9892.980000000003,0.0,0.0,61115.0,69747.49927636722,14.125009042570923
daily,L405S-055,2025-06-19,PM,48,0,49.699999999999996,9892.980000000003,0.0,0.0,8177.0,13822.900141490438,69.04610665880443
daily,L405S-055,2025-06-20,AM,36,6,49.699999999999996,9892.980000000003,3367.0,3472.5647529087346,20697.0,21434.819654680163,3.5648628046584663
daily,L405S-055,2025-06-20,MD,72,0,49.699999999999996,9892.980000000003,0.0,0.0,38742.0,39048.272079019356,0.7905427675890666
daily,L405S-055,2025-06-20,NT,132,12,49.699999999999996,9892.980000000003,7268.0,6423.005050189498,52937.0,70493.96169474814,33.165766278308446
daily,L405S-055,2025-06-20,PM,48,0,49.699999999999996,9892.980000000003,0.0,0.0,9064.0,21320.589433400994,135.2227430869483
daily,L405S-061,2025-06-16,AM,36,0,51.169999999999995,7104.0,0.0,0.0,17316.0,21312.0,23.076923076923077
daily,L405S-061,2025-06-16,MD,72,6,51.169999999999995,7104.0,2972.0,3552.0,29221.0,42624.0,45.86769788850484
daily,L405S-061,2025-06-16,NT,132,0,51.169999999999995,7104.0,0.0,0.0,43294.0,72565.89592036098,67.61189984838774
daily,L405S-061,2025-06-16,PM,48,0,51.169999999999995,7104.0,0.0,0.0,4491.0,26712.447882060384,494.79955203875267
daily,L405S-061,2025-06-17,AM,36,0,51.169999999999995,7104.0,0.0,0.0,17539.0,21312.0,21.51205884029876
daily,L405S-061,2025-06-17,MD,72,15,51.169999999999995,7104.0,7192.0,8880.0,28677.0,39778.12664881846,38.7109064714526
daily,L405S-061,2025-06-17,NT,132,0,51.169999999999995,7104.0,0.0,0.0,44330.0,66631.26534207062,50.30738854516269
daily,L405S-061,2025-06-17,PM,48,0,51.169999999999995,7104.0,0.0,0.0,5067.0,19797.897960778857,290.7222806548028
daily,L405S-061,2025-06-18,AM,36,0,51.169999999999995,7104.0,0.0,0.0,17346.0,21312.0,22.864060878588724
daily,L405S-061,2025-06-18,MD,72,13,51.169999999999995,7104.0,6426.0,7690.427931777842,30515.0,41746.37032898994,36.80606367029311
daily,L405S-061,2025-06-18,NT,132,0,51.169999999999995,7104.0,0.0,0.0,42721.0,64941.37156626004,52.01276085826652
daily,L405S-061,2025-06-18,PM,48,0,51.169999999999995,7104.0,0.0,0.0,5504.0,21732.02481494868,294.8405671320617
daily,L405S-061,2025-06-19,AM,36,0,51.169999999999995,7104.0,0.0,0.0,18672.0,21277.96343047113,13.956530797296107
daily,L405S-061,2025-06-19,MD,72,0,51.169999999999995,7104.0,0.0,0.0,30473.0,40520.54760489618,32.97196733139559
daily,L405S-061,2025-06-19,NT,132,0,51.169999999999995,7104.0,0.0,0.0,43007.0,66960.14776275965,55.69592801813577
daily,L405S-061,2025-06-19,PM,48,0,51.169999999999995,7104.0,0.0,0.0,6382.0,20897.355865142363,227.44211634506993
daily,L405S-061,2025-06-20,AM,36,6,51.169999999999995,7104.0,3334.0,3552.0,17966.0,21312.0,18.624067683401982
daily,L405S-061,2025-06-20,MD,72,0,51.169999999999995,7104.0,0.0,0.0,31375.0,40851.91762293592,30.205315132863497
daily,L405S-061,2025-06-20,NT,132,0,51.169999999999995,7104.0,0.0,0.0,39074.0,70902.39508188659,81.45671055404254
daily,L405S-061,2025-06-20,PM,48,0,51.169999999999995,7104.0,0.0,0.0,7424.0,26768.469011523448,260.566662331943
daily,L405S-108,2025-06-16,AM,180,0,49.980000000000004,9998.640000000003,0.0,0.0,101457.0,101104.52495314427,-0.3474132360071086
daily,L405S-108,2025-06-16,MD,334,0,49.980000000000004,9998.640000000003,0.0,0.0,149163.0,174134.02058214025,16.740760498340908
daily,L405S-108,2025-06-16,NT,658,0,49.980000000000004,9998.640000000003,0.0,0.0,279262.0,318882.8318422121,14.187691788432414
daily,L405S-108,2025-06-16,PM,237,0,49.980000000000004,9998.640000000003,0.0,0.0,26344.0,98940.83576966927,275.5725621381311
daily,L405S-108,2025-06-17,AM,167,0,49.980000000000004,9998.640000000003,0.0,0.0,96259.0,88471.79658440527,-8.089844498275209
daily,L405S-108,2025-06-17,MD,321,0,49.980000000000004,9998.640000000003,0.0,0.0,144856.0,146012.7057711248,0.7985211321069237
daily,L405S-108,2025-06-17,NT,660,0,49.980000000000004,9998.640000000003,0.0,0.0,278723.0,298932.351491133,7.250693875687684
daily,L405S-108,2025-06-17,PM,239,0,49.980000000000004,9998.640000000003,0.0,0.0,27563.0,89786.0893413805,225.74860988056633
daily,L405S-108,2025-06-18,AM,178,0,49.980000000000004,9998.640000000003,0.0,0.0,103264.0,91276.88794922443,-11.608219757878418
daily,L405S-108,2025-06-18,MD,328,0,49.980000000000004,9998.640000000003,0.0,0.0,156742.0,152279.33111060923,-2.8471430053149573
daily,L405S-108,2025-06-18,NT,660,0,49.980000000000004,9998.640000000003,0.0,0.0,277291.0,290255.50504075456,4.675415011938564
daily,L405S-108,2025-06-18,PM,237,0,49.980000000000004,9998.640000000003,0.0,0.0,30769.0,86546.44807784123,181.27806583847777
daily,L405S-108,2025-06-19,AM,180,0,49.980000000000004,9998.640000000003,0.0,0.0,109894.0,94047.76509438995,-14.419563311563916
daily,L405S-108,2025-06-19,MD,329,0,49.980000000000004,9998.640000000003,0.0,0.0,155329.0,140663.97064669657,-9.441269404492031
daily,L405S-108,2025-06-19,NT,654,0,49.980000000000004,9998.640000000003,0.0,0.0,278370.0,302215.3093341008,8.566048544778821
daily,L405S-108,2025-06-19,PM,225,0,49.980000000000004,9998.640000000003,0.0,0.0,37567.0,82521.83882060046,119.66576735060148
daily,L405S-108,2025-06-20,AM,178,0,49.980000000000004,9998.640000000003,0.0,0.0,101205.0,94920.80295560828,-6.20937408664762
daily,L405S-108,2025-06-20,MD,319,0,49.980000000000004,9998.640000000003,0.0,0.0,159314.0,146188.2068488673,-8.238945196990034
daily,L405S-108,2025-06-20,NT,660,0,49.980000000000004,9998.640000000003,0.0,0.0,253920.0,305180.0742659631,20.18748986529738
daily,L405S-108,2025-06-20,PM,213,0,49.980000000000004,9998.640000000003,0.0,0.0,37394.0,83375.03407104744,122.96366815812011
daily,L405S-109,2025-06-16,AM,36,0,48.58,10560.0,0.0,0.0,27196.0,26622.78243199279,-2.1077274893631803
daily,L405S-109,2025-06-16,MD,72,0,48.58,10560.0,0.0,0.0,45804.0,48430.4738572906,5.7341582772041715
daily,L405S-109,2025-06-16,NT,132,0,48.58,10560.0,0.0,0.0,72234.0,84886.1712305932,17.515534555186203
daily,L405S-109,2025-06-16,PM,48,0,48.58,10560.0,0.0,0.0,8871.0,23670.17529224757,166.82646028911702
daily,L405S-109,2025-06-17,AM,36,0,48.58,10560.0,0.0,0.0,28174.0,25204.67220633137,-10.539248220588599
daily,L405S-109,2025-06-17,MD,72,0,48.58,10560.0,0.0,0.0,47350.0,37643.81490387,-20.4988069612038
daily,L405S-109,2025-06-17,NT,132,0,48.58,10560.0,0.0,0.0,73456.0,80531.39615499231,9.632155514855576
daily,L405S-109,2025-06-17,PM,48,0,48.58,10560.0,0.0,0.0,9644.0,18683.975109913445,93.73678048437831
daily,L405S-109,2025-06-18,AM,36,0,48.58,10560.0,0.0,0.0,28372.0,25439.161751376796,-10.33708673559567
daily,L405S-109,2025-06-18,MD,72,0,48.58,10560.0,0.0,0.0,50365.0,45009.74334103668,-10.632893197584275
daily,L405S-109,2025-06-18,NT,132,0,48.58,10560.0,0.0,0.0,72071.0,75850.54195876012,5.244192475142735
daily,L405S-109,2025-06-18,PM,48,0,48.58,10560.0,0.0,0.0,10925.0,26337.280505026825,141.07350576683592
daily,L405S-109,2025-06-19,AM,36,0,48.58,10560.0,0.0,0.0,28960.0,26003.474259213257,-10.208997723711128
daily,L405S-109,2025-06-19,MD,72,0,48.58,10560.0,0.0,0.0,47228.0,37155.41809366467,-21.32756395853165
daily,L405S-109,2025-06-19,NT,132,0,48.58,10560.0,0.0,0.0,73302.0,79484.46965004166,8.434244154377318
daily,L405S-109,2025-06-19,PM,48,0,48.58,10560.0,0.0,0.0,13736.0,20684.827361618685,50.58843449052625
daily,L405S-109,2025-06-20,AM,36,0,48.58,10560.0,0.0,0.0,28795.0,25802.629899623185,-10.39197812251021
daily,L405S-109,2025-06-20,MD,72,0,48.58,10560.0,0.0,0.0,50986.0,41262.73572281707,-19.07045910089618
daily,L405S-109,2025-06-20,NT,132,0,48.58,10560.0,0.0,0.0,65511.0,76641.07984010896,16.989635084350653
daily,L405S-109,2025-06-20,PM,48,0,48.58,10560.0,0.0,0.0,12851.0,18397.97323444289,43.16374783629981
daily,L405S-110,2025-06-16,AM,72,0,50.19,10068.0,0.0,0.0,44195.0,48833.00923554871,10.49442071625457
daily,L405S-110,2025-06-16,MD,144,0,50.19,10068.0,0.0,0.0,73360.0,91233.63654170421,24.364281000142054
daily,L405S-110,2025-06-16,NT,264,0,50.19,10068.0,0.0,0.0,120887.0,167330.87418278807,38.419246223984445
daily,L405S-110,2025-06-16,PM,96,0,50.19,10068.0,0.0,0.0,14245.0,54501.206752128186,282.59885399879386
daily,L405S-110,2025-06-17,AM,72,0,50.19,10068.0,0.0,0.0,45387.0,45826.35885745751,0.9680279759788298
daily,L405S-110,2025-06-17,MD,144,0,50.19,10068.0,0.0,0.0,76106.0,75957.63569661781,-0.19494429267362146
daily,L405S-110,2025-06-17,NT,204,0,50.19,10068.0,0.0,0.0,104289.0,122544.34022248123,17.504569247457766
daily,L405S-110,2025-06-17,PM,72,0,50.19,10068.0,0.0,0.0,12597.0,25745.255482429948,104.37608543645271
daily,L405S-110,2025-06-18,AM,36,0,50.19,10068.0,0.0,0.0,20074.0,21350.121561492866,6.357086587092089
daily,L405S-110,2025-06-18,MD,72,0,50.19,10068.0,0.0,0.0,34773.0,38266.367173158374,10.046205887206668
daily,L405S-110,2025-06-18,NT,132,0,50.19,10068.0,0.0,0.0,54409.0,70585.3448325287,29.73100926782095
daily,L405S-110,2025-06-18,PM,48,0,50.19,10068.0,0.0,0.0,7080.0,21794.317171727227,207.8293385837179
daily,L405S-110,2025-06-19,AM,36,0,50.19,10068.0,0.0,0.0,21095.0,21695.94862080033,2.848772793554535
daily,L405S-110,2025-06-19,MD,72,0,50.19,10068.0,0.0,0.0,32121.0,28143.60714896198,-12.382531213343363
daily,L405S-110,2025-06-19,NT,192,0,50.19,10068.0,0.0,0.0,72735.0,104064.38393257631,43.073326366366
daily,L405S-110,2025-06-19,PM,72,0,50.19,10068.0,0.0,0.0,13469.0,23629.13652704288,75.43348821028198
daily,L405S-110,2025-06-20,AM,71,0,50.19,10068.0,0.0,0.0,46306.0,46226.82694843024,-0.1709779544114448
daily,L405S-110,2025-06-20,MD,144,0,50.19,10068.0,0.0,0.0,81858.0,82849.14242626089,1.2108070393375021
daily,L405S-110,2025-06-20,NT,202,0,50.19,10068.0,0.0,0.0,98384.0,117571.32114843599,19.50248124536103
daily,L405S-110,2025-06-20,PM,72,0,50.19,10068.0,0.0,0.0,17009.0,25562.099967320817,50.285730891415234
daily,L405S-114,2025-06-19,NT,60,0,51.320499999999996,6758.52,0.0,0.0,10929.0,26255.0794941989,140.233136555942
daily,L405S-114,2025-06-19,PM,24,0,51.320499999999996,6758.52,0.0,0.0,2477.0,10255.221423459296,314.017820890565
daily,L405S-114,2025-06-20,AM,36,0,51.320499999999996,6758.52,0.0,0.0,16402.0,17295.3311595777,5.446477012423493
daily,L405S-114,2025-06-20,MD,70,0,51.320499999999996,6758.52,0.0,0.0,28566.0,30903.25561499313,8.181949222828292
daily,L405S-114,2025-06-20,NT,72,0,51.320499999999996,6758.52,0.0,0.0,33894.0,34925.7188862544,3.043957297027199
daily,L405S-114,2025-06-20,PM,18,0,51.320499999999996,6758.52,0.0,0.0,6603.0,4506.070151837064,-31.757229261895137
daily,L405S-117,2025-06-16,AM,36,0,49.839999999999996,9400.980000000003,0.0,0.0,19982.0,21963.37300020088,9.915789211294571
daily,L405S-117,2025-06-16,MD,72,0,49.839999999999996,9400.980000000003,0.0,0.0,30574.0,37442.08120199383,22.463796696519367
daily,L405S-117,2025-06-16,NT,132,19,49.839999999999996,9400.980000000003,11976.0,10986.857904486105,61253.0,67558.32003064193,10.29389585921005
daily,L405S-117,2025-06-16,PM,48,0,49.839999999999996,9400.980000000003,0.0,0.0,5323.0,21924.165299424043,311.87610932601996
daily,L405S-117,2025-06-17,AM,36,0,49.839999999999996,9400.980000000003,0.0,0.0,20461.0,20057.888598000238,-1.9701451639693182
daily,L405S-117,2025-06-17,MD,72,0,49.839999999999996,9400.980000000003,0.0,0.0,31716.0,26811.19935637583,-15.464751682507789
daily,L405S-117,2025-06-17,NT,132,27,49.839999999999996,9400.980000000003,17001.0,15696.382491787715,61114.0,65895.42546716523,7.823780912990855
daily,L405S-117,2025-06-17,PM,48,0,49.839999999999996,9400.980000000003,0.0,0.0,5430.0,16459.071633450236,203.11365807458998
daily,L405S-117,2025-06-18,AM,36,0,49.839999999999996,9400.980000000003,0.0,0.0,20570.0,20382.333162856565,-0.9123327036627868
daily,L405S-117,2025-06-18,MD,72,0,49.839999999999996,9400.980000000003,0.0,0.0,33767.0,32838.484955263906,-2.74977061846209
daily,L405S-117,2025-06-18,NT,132,25,49.839999999999996,9400.980000000003,15648.0,14376.387617143726,60320.0,64857.992481997004,7.523197085538799
daily,L405S-117,2025-06-18,PM,48,0,49.839999999999996,9400.980000000003,0.0,0.0,6218.0,16500.325507060043,165.36387113316246
daily,L405S-117,2025-06-19,AM,36,0,49.839999999999996,9400.980000000003,0.0,0.0,21898.0,21047.665119797035,-3.8831622988536165
daily,L405S-117,2025-06-19,MD,72,0,49.839999999999996,9400.980000000003,0.0,0.0,33509.0,31413.81956298369,-6.252590160900986
daily,L405S-117,2025-06-19,NT,132,0,49.839999999999996,9400.980000000003,0.0,0.0,61902.0,69293.95880396357,11.941389299156038
daily,L405S-117,2025-06-19,PM,48,0,49.839999999999996,9400.980000000003,0.0,0.0,7851.0,14349.706834530567,82.77552967176878
daily,L405S-117,2025-06-20,AM,36,0,49.839999999999996,9400.980000000003,0.0,0.0,19717.0,21789.70141058447,10.512255467791592
daily,L405S-117,2025-06-20,MD,72,0,49.839999999999996,9400.980000000003,0.0,0.0,36046.0,28062.661273715952,-22.147641142662287
daily,L405S-117,2025-06-20,NT,132,0,49.839999999999996,9400.980000000003,0.0,0.0,54809.0,69686.99346169694,27.14516495775683
daily,L405S-117,2025-06-20,PM,48,0,49.839999999999996,9400.980000000003,0.0,0.0,8109.0,18592.960644654835,129.28795960851934
daily,L405S-123,2025-06-16,AM,36,0,50.05,9036.0,0.0,0.0,17179.0,21500.738051244854,25.157099081697737
daily,L405S-123,2025-06-16,MD,72,0,50.05,9036.0,0.0,0.0,27525.0,38244.90754550377,38.946076459595886
daily,L405S-123,2025-06-16,NT,132,23,50.05,9036.0,14586.0,14530.566242255678,56455.0,71729.0455283119,27.05525733471241
daily,L405S-123,2025-06-16,PM,48,0,50.05,9036.0,0.0,0.0,5229.0,22328.111652004485,327.0053863454673
daily,L405S-123,2025-06-17,AM,36,0,50.05,9036.0,0.0,0.0,17603.0,19509.227668199434,10.828993172751426
daily,L405S-123,2025-06-17,MD,72,0,50.05,9036.0,0.0,0.0,28004.0,27340.16676254569,-2.370494348858412
daily,L405S-123,2025-06-17,NT,132,18,50.05,9036.0,11737.0,11470.589003563695,57766.0,70352.50936025873,21.788784683479435
daily,L405S-123,2025-06-17,PM,48,0,50.05,9036.0,0.0,0.0,5121.0,16219.72053143107,216.72955538822634
daily,L405S-123,2025-06-18,AM,36,0,50.05,9036.0,0.0,0.0,17139.0,19443.930895065892,13.44845612384557
daily,L405S-123,2025-06-18,MD,72,0,50.05,9036.0,0.0,0.0,29446.0,30787.189490968358,4.554742548965421
daily,L405S-123,2025-06-18,NT,132,21,50.05,9036.0,13452.0,13372.036799725933,55570.0,66554.95926940185,19.767787060287656
daily,L405S-123,2025-06-18,PM,48,0,50.05,9036.0,0.0,0.0,5702.0,18053.17320156855,216.6112452046396
daily,L405S-123,2025-06-19,AM,36,0,50.05,9036.0,0.0,0.0,17777.0,20473.948916930072,15.171001389042427
daily,L405S-123,2025-06-19,MD,72,0,50.05,9036.0,0.0,0.0,29127.0,29297.21943241232,0.5844042723669424
daily,L405S-123,2025-06-19,NT,132,0,50.05,9036.0,0.0,0.0,55009.0,68211.46803708814,24.000559975800577
daily,L405S-123,2025-06-19,PM,48,0,50.05,9036.0,0.0,0.0,7129.0,11800.040208907863,65.52167497415996
daily,L405S-123,2025-06-20,AM,36,0,50.05,9036.0,0.0,0.0,17408.0,19782.77261200581,13.641846346540731
daily,L405S-123,2025-06-20,MD,72,0,50.05,9036.0,0.0,0.0,31435.0,30931.378889878055,-1.602103102026229
daily,L405S-123,2025-06-20,NT,132,7,50.05,9036.0,3360.0,4186.412465523051,47696.0,68940.33665786641,44.54112851783465
daily,L405S-123,2025-06-20,PM,48,0,50.05,9036.0,0.0,0.0,7469.0,18857.506181432815,152.47698729994397
daily,L405S-132,2025-06-16,AM,36,0,50.12349999999999,9040.980000000003,0.0,0.0,21166.0,22738.53114539511,7.429515002339179
daily,L405S-132,2025-06-16,MD,72,0,50.12349999999999,9040.980000000003,0.0,0.0,33347.0,40601.51018744603,21.75461117175767
daily,L405S-132,2025-06-16,NT,132,23,50.12349999999999,9040.980000000003,13659.0,13312.813203989199,58343.0,69854.04861828056,19.729956667090416
daily,L405S-132,2025-06-16,PM,48,0,50.12349999999999,9040.980000000003,0.0,0.0,5756.0,22787.998225711195,295.8998996822654
daily,L405S-132,2025-06-17,AM,36,0,50.12349999999999,9040.980000000003,0.0,0.0,21819.0,20729.232969700493,-4.994578258854698
daily,L405S-132,2025-06-17,MD,72,0,50.12349999999999,9040.980000000003,0.0,0.0,34823.0,30992.49019324679,-10.999942011754326
daily,L405S-132,2025-06-17,NT,132,33,50.12349999999999,9040.980000000003,18303.0,18082.1392559712,57912.0,65734.15914513159,13.506974625520773
daily,L405S-132,2025-06-17,PM,48,0,50.12349999999999,9040.980000000003,0.0,0.0,5930.0,17820.728331322443,200.51818433933292
daily,L405S-132,2025-06-18,AM,36,0,50.12349999999999,9040.980000000003,0.0,0.0,22226.0,21281.65857242036,-4.248814125707003
daily,L405S-132,2025-06-18,MD,72,0,50.12349999999999,9040.980000000003,0.0,0.0,37084.0,36756.61156642067,-0.8828293430571846
daily,L405S-132,2025-06-18,NT,132,28,50.12349999999999,9040.980000000003,15767.0,15611.921981379406,58394.0,65552.78022163153,12.259444843017317
daily,L405S-132,2025-06-18,PM,48,0,50.12349999999999,9040.980000000003,0.0,0.0,6839.0,18890.175327431563,176.21253585950524
daily,L405S-132,2025-06-19,AM,36,0,50.12349999999999,9040.980000000003,0.0,0.0,23672.0,21690.661285502894,-8.369967533360533
daily,L405S-132,2025-06-19,MD,72,0,50.12349999999999,9040.980000000003,0.0,0.0,35197.0,27990.81628494413,-20.473857757922183
daily,L405S-132,2025-06-19,NT,132,0,50.12349999999999,9040.980000000003,0.0,0.0,60849.0,70464.94252725661,15.802959008786694
daily,L405S-132,2025-06-19,PM,48,0,50.12349999999999,9040.980000000003,0.0,0.0,8553.0,16153.05823785397,88.85839165034454
daily,L405S-132,2025-06-20,AM,36,0,50.12349999999999,9040.980000000003,0.0,0.0,22546.0,21867.35741502979,-3.0100354163497296
daily,L405S-132,2025-06-20,MD,72,0,50.12349999999999,9040.980000000003,0.0,0.0,38196.0,32701.28265081789,-14.385583174107522
daily,L405S-132,2025-06-20,NT,132,0,50.12349999999999,9040.980000000003,0.0,0.0,53384.0,71291.57092928694,33.544827905902416
daily,L405S-132,2025-06-20,PM,48,0,50.12349999999999,9040.980000000003,0.0,0.0,8364.0,18690.482611585772,123.46344585827083
multiweek,L405S-012,wk 2025-06-02,AM,36,23,47.01549999999999,7593.119999999998,13225.8,12767.314470960417,20504.199999999997,19855.37374758872,-3.164357801871208
multiweek,L405S-012,wk 2025-06-02,MD,72,0,47.01549999999999,7593.119999999998,0.0,0.0,33588.399999999994,38105.39562537662,13.44808215150656
multiweek,L405S-012,wk 2025-06-02,NT,132,0,47.01549999999999,7593.119999999998,0.0,0.0,22672.6,46321.482871976776,104.30600315789447
multiweek,L405S-012,wk 2025-06-02,PM,48,0,47.01549999999999,7593.119999999998,0.0,0.0,20974.599999999995,23852.091499729024,13.718933852035459
multiweek,L405S-012,wk 2025-06-09,AM,36,16,47.01549999999999,7593.119999999998,9614.0,9260.9650366989,21111.999999999993,19954.59460844042,-5.482215761460651
multiweek,L405S-012,wk 2025-06-09,MD,72,0,47.01549999999999,7593.119999999998,0.0,0.0,33653.799999999996,37861.47898951297,12.502834715583313
multiweek,L405S-012,wk 2025-06-09,NT,132,0,47.01549999999999,7593.119999999998,0.0,0.0,23048.6,44073.21663396744,91.21862774297546
multiweek,L405S-012,wk 2025-06-09,PM,48,0,47.01549999999999,7593.119999999998,0.0,0.0,21288.8,22507.586590947263,5.725013109932283
multiweek,L405S-012,wk 2025-06-16,AM,36,18,47.01549999999999,7593.119999999998,10069.0,10171.971376601321,20217.399999999998,20213.931487368383,-0.017156076605371762
multiweek,L405S-012,wk 2025-06-16,MD,72,0,47.01549999999999,7593.119999999998,0.0,0.0,33415.200000000004,38160.49190434505,14.200998061795367
multiweek,L405S-012,wk 2025-06-16,NT,132,0,47.01549999999999,7593.119999999998,0.0,0.0,22757.999999999993,38511.20687281345,69.2205240918071
multiweek,L405S-012,wk 2025-06-16,PM,48,0,47.01549999999999,7593.119999999998,0.0,0.0,20776.4,21062.324089669528,1.3761965002094994
multiweek,L405S-012,wk 2025-06-23,AM,36,16,47.01549999999999,7593.119999999998,8300.0,9190.144157802944,18341.8,20159.764747707854,9.91159399681522
multiweek,L405S-012,wk 2025-06-23,MD,72,0,47.01549999999999,7593.119999999998,0.0,0.0,28203.799999999996,35037.05383929351,24.228131809520413
multiweek,L405S-012,wk 2025-06-23,NT,132,0,47.01549999999999,7593.119999999998,0.0,0.0,20224.399999999998,39186.639709666604,93.75922009882423
multiweek,L405S-012,wk 2025-06-23,PM,48,0,47.01549999999999,7593.119999999998,0.0,0.0,17636.6,18429.994710999083,4.4985695145270865
multiweek,L405S-012,wk 2025-07-07,AM,36,16,47.01549999999999,7593.119999999998,8851.2,9264.074054621686,19673.399999999998,20545.177751444553,4.431251087481347
multiweek,L405S-012,wk 2025-07-07,MD,72,0,47.01549999999999,7593.119999999998,0.0,0.0,32033.199999999997,39113.86589019576,22.104147853463793
multiweek,L405S-012,wk 2025-07-07,NT,132,0,47.01549999999999,7593.119999999998,0.0,0.0,21042.199999999997,59872.87668904204,184.53715243197976
multiweek,L405S-012,wk 2025-07-07,PM,48,0,47.01549999999999,7593.119999999998,0.0,0.0,20262.4,23801.637483470273,17.467020113462723
multiweek,L405S-012,wk 2025-07-14,AM,36,16,47.01549999999999,7593.119999999998,8769.4,9189.96903644767,19655.399999999998,20391.448330561598,3.744763935415204
multiweek,L405S-012,wk 2025-07-14,MD,72,0,47.01549999999999,7593.119999999998,0.0,0.0,32803.2,39577.04553393334,20.649953461654185
multiweek,L405S-012,wk 2025-07-14,NT,132,0,47.01549999999999,7593.119999999998,0.0,0.0,22090.2,61022.93610429441,176.24438033288249
multiweek,L405S-012,wk 2025-07-14,PM,48,0,47.01549999999999,7593.119999999998,0.0,0.0,20588.0,24233.371704505626,17.70629349381011
multiweek,L405S-012,wk 2025-07-21,AM,36,17,47.01549999999999,7593.119999999998,9522.599999999999,9816.6536388589,19854.999999999996,20293.26512478355,2.20732875740898
multiweek,L405S-012,wk 2025-07-21,MD,72,0,47.01549999999999,7593.119999999998,0.0,0.0,33406.2,39456.81014253123,18.112237077342623
multiweek,L405S-012,wk 2025-07-21,NT,132,0,47.01549999999999,7593.119999999998,0.0,0.0,24086.199999999997,63417.48798070767,163.29386943854857
multiweek,L405S-012,wk 2025-07-21,PM,48,0,47.01549999999999,7593.119999999998,0.0,0.0,20532.8,23872.12291394578,16.263358694117606
multiweek,L405S-012,wk 2025-07-28,AM,36,6,47.01549999999999,7593.119999999998,3440.2,3484.3511578826437,19875.199999999997,20551.988093589407,3.405188846348264
multiweek,L405S-012,wk 2025-07-28,MD,72,0,47.01549999999999,7593.119999999998,0.0,0.0,32341.799999999996,38819.70641442644,20.02951726380858
multiweek,L405S-012,wk 2025-07-28,NT,132,0,47.01549999999999,7593.119999999998,0.0,0.0,22616.4,59868.998096986885,164.7149771713751
multiweek,L405S-012,wk 2025-07-28,PM,48,0,47.01549999999999,7593.119999999998,0.0,0.0,20847.799999999996,23120.445274708578,10.901127575612692
multiweek,L405S-012,wk 2025-08-04,AM,36,17,47.01549999999999,7593.119999999998,9118.0,9695.353726477777,19264.000000000004,20017.690478168734,3.9124298077695694
multiweek,L405S-012,wk 2025-08-04,MD,72,0,47.01549999999999,7593.119999999998,0.0,0.0,31957.0,37301.08672150489,16.722742189519956
multiweek,L405S-012,wk 2025-08-04,NT,132,0,47.01549999999999,7593.119999999998,0.0,0.0,21896.4,53183.66621347195,142.88771767720698
multiweek,L405S-012,wk 2025-08-04,PM,48,0,47.01549999999999,7593.119999999998,0.0,0.0,19923.6,23267.502168151266,16.78362428552705
multiweek,L405S-012,wk 2025-08-11,AM,36,12,47.01549999999999,7593.119999999998,6626.199999999999,6952.182600854727,19765.800000000003,20421.29334167966,3.3163005882871204
multiweek,L405S-012,wk 2025-08-11,MD,72,0,47.01549999999999,7593.119999999998,0.0,0.0,32122.199999999997,38162.02228423873,18.802642048921722
multiweek,L405S-012,wk 2025-08-11,NT,132,0,47.01549999999999,7593.119999999998,0.0,0.0,21732.4,60714.96678869196,179.37534183381476
multiweek,L405S-012,wk 2025-08-11,PM,48,0,47.01549999999999,7593.119999999998,0.0,0.0,20486.399999999998,23088.357797316465,12.700903025013996
multiweek,L405S-012,wk 2025-08-18,AM,36,18,47.01549999999999,7593.119999999998,9149.0,10371.675623609053,17293.4,20195.269396333366,16.780213239347752
multiweek,L405S-012,wk 2025-08-18,MD,72,0,47.01549999999999,7593.119999999998,0.0,0.0,28950.0,35020.2914942422,20.968191689955784
multiweek,L405S-012,wk 2025-08-18,NT,132,0,47.01549999999999,7593.119999999998,0.0,0.0,18913.4,47396.413052757314,150.59700028951596
multiweek,L405S-012,wk 2025-08-18,PM,48,0,47.01549999999999,7593.119999999998,0.0,0.0,17302.399999999998,20331.67979944231,17.50785902211435
multiweek,L405S-012,wk 2025-08-25,AM,36,17,47.01549999999999,7593.119999999998,8907.6,9814.668919652746,18546.8,17854.254425605144,-3.7340434705440027
multiweek,L405S-012,wk 2025-08-25,MD,72,0,47.01549999999999,7593.119999999998,0.0,0.0,28950.6,30150.05692087747,4.143115931543631
multiweek,L405S-012,wk 2025-08-25,NT,132,0,47.01549999999999,7593.119999999998,0.0,0.0,22081.199999999997,10952.514350561947,-50.398916949432326
multiweek,L405S-012,wk 2025-08-25,PM,48,0,47.01549999999999,7593.119999999998,0.0,0.0,18087.4,14660.665230543174,-18.945424823119
multiweek,L405S-018,wk 2025-06-02,AM,36,0,47.799499999999995,14948.219999999998,0.0,0.0,30067.599999999995,33012.75042518053,9.795096466563793
multiweek,L405S-018,wk 2025-06-02,MD,72,0,47.799499999999995,14948.219999999998,0.0,0.0,42241.399999999994,61859.94969979934,46.44389082700703
multiweek,L405S-018,wk 2025-06-02,NT,132,0,47.799499999999995,14948.219999999998,0.0,0.0,29093.399999999998,77037.70355672068,164.79443295290577
multiweek,L405S-018,wk 2025-06-02,PM,48,0,47.799499999999995,14948.219999999998,0.0,0.0,31096.999999999996,44216.242181132955,42.1881280545807
multiweek,L405S-018,wk 2025-06-09,AM,36,0,47.799499999999995,14948.219999999998,0.0,0.0,29364.0,32724.33622215757,11.443727769232973
multiweek,L405S-018,wk 2025-06-09,MD,72,0,47.799499999999995,14948.219999999998,0.0,0.0,41435.6,61017.25424638305,47.25804440235703
multiweek,L405S-018,wk 2025-06-09,NT,132,0,47.799499999999995,14948.219999999998,0.0,0.0,29511.200000000004,75091.78733480637,154.4518262043101
multiweek,L405S-018,wk 2025-06-09,PM,48,0,47.799499999999995,14948.219999999998,0.0,0.0,31472.999999999993,43691.08993487129,38.82086211950339
multiweek,L405S-018,wk 2025-06-16,AM,36,0,47.799499999999995,14948.219999999998,0.0,0.0,28362.999999999996,32403.740856210567,14.246521370132111
multiweek,L405S-018,wk 2025-06-16,MD,72,0,47.799499999999995,14948.219999999998,0.0,0.0,41826.0,61802.46559498746,47.76087982352474
multiweek,L405S-018,wk 2025-06-16,NT,132,0,47.799499999999995,14948.219999999998,0.0,0.0,28513.6,72424.44942057863,153.99966830066577
multiweek,L405S-018,wk 2025-06-16,PM,48,0,47.799499999999995,14948.219999999998,0.0,0.0,30875.799999999996,42989.77507881941,39.234530210778075
multiweek,L405S-018,wk 2025-06-23,AM,36,0,47.799499999999995,14948.219999999998,0.0,0.0,28615.59999999999,32517.09665421402,13.634159878576824
multiweek,L405S-018,wk 2025-06-23,MD,72,0,47.799499999999995,14948.219999999998,0.0,0.0,39142.200000000004,65829.49106782259,68.18035539091461
multiweek,L405S-018,wk 2025-06-23,NT,132,0,47.799499999999995,14948.219999999998,0.0,0.0,28009.0,101395.05489386551,262.0088360664983
multiweek,L405S-018,wk 2025-06-23,PM,48,0,47.799499999999995,14948.219999999998,0.0,0.0,26587.6,45513.425817532865,71.18290412648327
multiweek,L405S-018,wk 2025-07-07,AM,36,7,47.799499999999995,14948.219999999998,5535.799999999999,6748.976399696903,26338.800000000003,34761.26192461559,31.977394279980803
multiweek,L405S-018,wk 2025-07-07,MD,72,15,47.799499999999995,14948.219999999998,8507.8,14481.167350505943,49052.399999999994,69543.9221184414,41.774759478519734
multiweek,L405S-018,wk 2025-07-07,NT,132,94,47.799499999999995,14948.219999999998,31455.600000000002,88985.15227110834,48365.399999999994,125723.93418014953,159.94602376936723
multiweek,L405S-018,wk 2025-07-07,PM,48,36,47.799499999999995,14948.219999999998,22931.999999999996,34553.255796467005,30955.999999999996,46164.806357563786,49.13039913930673
multiweek,L405S-018,wk 2025-07-14,AM,36,20,47.799499999999995,14948.219999999998,17003.2,19295.933395312444,28431.0,34650.369521815985,21.87531047735213
multiweek,L405S-018,wk 2025-07-14,MD,72,0,47.799499999999995,14948.219999999998,0.0,0.0,58069.0,68181.4789726786,17.414591215069308
multiweek,L405S-018,wk 2025-07-14,NT,132,0,47.799499999999995,14948.219999999998,0.0,0.0,57414.200000000004,120913.58660822368,110.59874840757804
multiweek,L405S-018,wk 2025-07-14,PM,48,0,47.799499999999995,14948.219999999998,0.0,0.0,34953.2,44365.70208291794,26.928870841347692
multiweek,L405S-018,wk 2025-07-21,AM,36,0,47.799499999999995,14948.219999999998,0.0,0.0,35464.600000000006,34480.62022989127,-2.7745407254240484
multiweek,L405S-018,wk 2025-07-21,MD,72,0,47.799499999999995,14948.219999999998,0.0,0.0,62910.0,67991.70567526881,8.077739111856316
multiweek,L405S-018,wk 2025-07-21,NT,132,0,47.799499999999995,14948.219999999998,0.0,0.0,80481.2,54423.74809356447,-32.3770668260855
multiweek,L405S-018,wk 2025-07-21,PM,48,18,47.799499999999995,14948.219999999998,13084.999999999998,17312.545167244996,35429.8,46078.80542326835,30.056634311422435
multiweek,L405S-018,wk 2025-07-28,AM,36,27,47.799499999999995,14948.219999999998,20526.6,25753.8040739732,27258.0,34444.1511438291,26.363457127555574
multiweek,L405S-018,wk 2025-07-28,MD,72,6,47.799499999999995,14948.219999999998,4506.4,5774.341648214941,62779.399999999994,67918.92226943074,8.186638084197597
multiweek,L405S-018,wk 2025-07-28,NT,132,0,47.799499999999995,14948.219999999998,0.0,0.0,61886.0,83615.68168859775,35.11243526580769
multiweek,L405S-018,wk 2025-07-28,PM,48,23,47.799499999999995,14948.219999999998,15550.600000000002,21963.063401711875,34091.399999999994,46001.3035098315,34.93521389509234
multiweek,L405S-018,wk 2025-08-04,AM,36,23,47.799499999999995,14948.219999999998,21952.0,22123.08706293068,33184.799999999996,34512.70870424448,4.001557050952488
multiweek,L405S-018,wk 2025-08-04,MD,72,0,47.799499999999995,14948.219999999998,0.0,0.0,58688.0,68757.26050565086,17.15727321709866
multiweek,L405S-018,wk 2025-08-04,NT,132,0,47.799499999999995,14948.219999999998,0.0,0.0,80663.2,68259.67592888844,-15.37693033640069
multiweek,L405S-018,wk 2025-08-04,PM,48,44,47.799499999999995,14948.219999999998,27461.6,41712.14301804634,30276.6,45566.07807686603,50.499323163320966
multiweek,L405S-018,wk 2025-08-11,AM,36,0,47.799499999999995,14948.219999999998,0.0,0.0,35786.8,34433.290287238815,-3.782147922589301
multiweek,L405S-018,wk 2025-08-11,MD,72,0,47.799499999999995,14948.219999999998,0.0,0.0,59423.399999999994,68677.61583672531,15.573352983379133
multiweek,L405S-018,wk 2025-08-11,NT,132,0,47.799499999999995,14948.219999999998,0.0,0.0,97756.4,71088.1609624386,-27.280299844881146
multiweek,L405S-018,wk 2025-08-11,PM,48,24,47.799499999999995,14948.219999999998,18085.6,23022.838690149067,37120.59999999999,46154.21018619466,24.33584097831034
multiweek,L405S-018,wk 2025-08-18,AM,36,8,47.799499999999995,14948.219999999998,7798.8,7686.959786098845,37536.0,34484.82784107415,-8.128655581111072
multiweek,L405S-018,wk 2025-08-18,MD,72,0,47.799499999999995,14948.219999999998,0.0,0.0,50409.399999999994,69287.24795495358,37.449062982208844
multiweek,L405S-018,wk 2025-08-18,NT,132,0,47.799499999999995,14948.219999999998,0.0,0.0,91043.59999999998,94756.5965094546,4.078261963998152
multiweek,L405S-018,wk 2025-08-18,PM,48,10,47.799499999999995,14948.219999999998,8281.0,9608.486788168015,35146.600000000006,46273.10233524239,31.657407360149715
multiweek,L405S-018,wk 2025-08-25,AM,36,0,47.799499999999995,14948.219999999998,0.0,0.0,32271.8,33602.69247210446,4.124010659784902
multiweek,L405S-018,wk 2025-08-25,MD,72,0,47.799499999999995,14948.219999999998,0.0,0.0,46665.0,66585.29997827121,42.68788166349773
multiweek,L405S-018,wk 2025-08-25,NT,132,0,47.799499999999995,14948.219999999998,0.0,0.0,60002.0,89338.5850021575,48.89267858097647
multiweek,L405S-018,wk 2025-08-25,PM,48,0,47.799499999999995,14948.219999999998,0.0,0.0,31380.999999999996,44820.401922298275,42.82655722347369
multiweek,L405S-028,wk 2025-06-02,AM,36,0,48.31400000000001,7910.4,0.0,0.0,16565.2,18038.189658485164,8.892072890669374
multiweek,L405S-028,wk 2025-06-02,MD,72,0,48.31400000000001,7910.4,0.0,0.0,33180.6,32741.67609882587,-1.3228329239800671
multiweek,L405S-028,wk 2025-06-02,NT,132,0,48.31400000000001,7910.4,0.0,0.0,26109.800000000003,47819.99034516753,83.14958500320769
multiweek,L405S-028,wk 2025-06-02,PM,48,0,48.31400000000001,7910.4,0.0,0.0,22739.8,23612.525718524543,3.837877723306905
multiweek,L405S-028,wk 2025-06-09,AM,36,0,48.31400000000001,7910.4,0.0,0.0,18611.6,17457.987758605945,-6.198350713501547
multiweek,L405S-028,wk 2025-06-09,MD,72,0,48.31400000000001,7910.4,0.0,0.0,35138.399999999994,32261.183034503698,-8.188241255994287
multiweek,L405S-028,wk 2025-06-09,NT,132,0,48.31400000000001,7910.4,0.0,0.0,25767.2,44472.49245820286,72.59342287172397
multiweek,L405S-028,wk 2025-06-09,PM,48,0,48.31400000000001,7910.4,0.0,0.0,23596.4,23671.018058700673,0.316226452766825
multiweek,L405S-028,wk 2025-06-16,AM,36,0,48.31400000000001,7910.4,0.0,0.0,17629.8,17206.19198052931,-2.4027953775464743
multiweek,L405S-028,wk 2025-06-16,MD,72,0,48.31400000000001,7910.4,0.0,0.0,34582.0,33194.27411010315,-4.012856080900035
multiweek,L405S-028,wk 2025-06-16,NT,132,0,48.31400000000001,7910.4,0.0,0.0,25352.399999999998,43792.19891074698,72.73393805220407
multiweek,L405S-028,wk 2025-06-16,PM,48,0,48.31400000000001,7910.4,0.0,0.0,23061.4,23549.323401810845,2.115757941021983
multiweek,L405S-028,wk 2025-06-23,AM,36,0,48.31400000000001,7910.4,0.0,0.0,21290.399999999998,17214.735838903496,-19.14320144805406
multiweek,L405S-028,wk 2025-06-23,MD,72,0,48.31400000000001,7910.4,0.0,0.0,38054.0,32362.154929827724,-14.957284569748976
multiweek,L405S-028,wk 2025-06-23,NT,132,0,48.31400000000001,7910.4,0.0,0.0,27360.199999999993,35121.044133177726,28.36545103170932
multiweek,L405S-028,wk 2025-06-23,PM,48,0,48.31400000000001,7910.4,0.0,0.0,26330.0,23017.21717658642,-12.581780567465179
multiweek,L405S-028,wk 2025-07-07,AM,36,0,48.31400000000001,7910.4,0.0,0.0,17632.399999999998,18307.721294147974,3.8300021219344846
multiweek,L405S-028,wk 2025-07-07,MD,72,0,48.31400000000001,7910.4,0.0,0.0,33046.0,35037.71569712194,6.027100699394594
multiweek,L405S-028,wk 2025-07-07,NT,132,0,48.31400000000001,7910.4,0.0,0.0,24988.199999999997,45031.97489044204,80.21296007892545
multiweek,L405S-028,wk 2025-07-07,PM,48,0,48.31400000000001,7910.4,0.0,0.0,23264.199999999997,23529.321298166175,1.1396106385183136
multiweek,L405S-028,wk 2025-07-14,AM,36,0,48.31400000000001,7910.4,0.0,0.0,18929.0,18318.582399837105,-3.2247746852073265
multiweek,L405S-028,wk 2025-07-14,MD,72,0,48.31400000000001,7910.4,0.0,0.0,35701.6,34348.33321847368,-3.790493371519258
multiweek,L405S-028,wk 2025-07-14,NT,132,0,48.31400000000001,7910.4,0.0,0.0,26819.4,41162.512125528796,53.48036169910137
multiweek,L405S-028,wk 2025-07-14,PM,48,0,48.31400000000001,7910.4,0.0,0.0,25005.999999999996,23226.053950605143,-7.118075859373166
multiweek,L405S-028,wk 2025-07-21,AM,36,0,48.31400000000001,7910.4,0.0,0.0,18362.199999999997,18138.083165169846,-1.2205336769567416
multiweek,L405S-028,wk 2025-07-21,MD,72,0,48.31400000000001,7910.4,0.0,0.0,35807.799999999996,34120.49578275815,-4.712113610000735
multiweek,L405S-028,wk 2025-07-21,NT,132,0,48.31400000000001,7910.4,0.0,0.0,26672.6,41072.91564711376,53.989171086109955
multiweek,L405S-028,wk 2025-07-21,PM,48,0,48.31400000000001,7910.4,0.0,0.0,24600.0,23762.840020937016,-3.4030893457844895
multiweek,L405S-028,wk 2025-07-28,AM,36,0,48.31400000000001,7910.4,0.0,0.0,19090.599999999995,17339.903345224262,-9.170464284913693
multiweek,L405S-028,wk 2025-07-28,MD,72,0,48.31400000000001,7910.4,0.0,0.0,36662.399999999994,33189.78718453618,-9.471864404577481
multiweek,L405S-028,wk 2025-07-28,NT,132,0,48.31400000000001,7910.4,0.0,0.0,26932.4,40736.74009374938,51.255514153025274
multiweek,L405S-028,wk 2025-07-28,PM,48,0,48.31400000000001,7910.4,0.0,0.0,24446.399999999994,24127.41053829832,-1.3048525005795235
multiweek,L405S-028,wk 2025-08-04,AM,36,0,48.31400000000001,7910.4,0.0,0.0,17948.800000000003,17842.167223702825,-0.594094180653736
multiweek,L405S-028,wk 2025-08-04,MD,72,0,48.31400000000001,7910.4,0.0,0.0,33634.4,34186.76719785968,1.6422686233727248
multiweek,L405S-028,wk 2025-08-04,NT,132,0,48.31400000000001,7910.4,0.0,0.0,25903.0,46578.71651789888,79.81977577075583
multiweek,L405S-028,wk 2025-08-04,PM,48,0,48.31400000000001,7910.4,0.0,0.0,23051.4,23984.344587488737,4.047236122269082
multiweek,L405S-028,wk 2025-08-11,AM,36,0,48.31400000000001,7910.4,0.0,0.0,17888.399999999998,17981.431586344574,0.5200665590247076
multiweek,L405S-028,wk 2025-08-11,MD,72,0,48.31400000000001,7910.4,0.0,0.0,35320.0,33720.346229431045,-4.529031060501006
multiweek,L405S-028,wk 2025-08-11,NT,132,0,48.31400000000001,7910.4,0.0,0.0,26913.199999999997,40938.46475713425,52.11295853757358
multiweek,L405S-028,wk 2025-08-11,PM,48,0,48.31400000000001,7910.4,0.0,0.0,24960.799999999996,23362.917305349794,-6.401568437911452
multiweek,L405S-028,wk 2025-08-18,AM,36,0,48.31400000000001,7910.4,0.0,0.0,18527.8,17885.91229865283,-3.4644572013254047
multiweek,L405S-028,wk 2025-08-18,MD,72,0,48.31400000000001,7910.4,0.0,0.0,34413.6,32751.805350663362,-4.828889303463272
multiweek,L405S-028,wk 2025-08-18,NT,132,0,48.31400000000001,7910.4,0.0,0.0,26658.999999999996,41548.771198488146,55.852699645478644
multiweek,L405S-028,wk 2025-08-18,PM,48,0,48.31400000000001,7910.4,0.0,0.0,23140.0,24118.188783550864,4.227263541706414
multiweek,L405S-028,wk 2025-08-25,AM,36,0,48.31400000000001,7910.4,0.0,0.0,23243.199999999997,17500.77019576426,-24.705848610500006
multiweek,L405S-028,wk 2025-08-25,MD,72,0,48.31400000000001,7910.4,0.0,0.0,44313.2,32544.269184983157,-26.558521648215073
multiweek,L405S-028,wk 2025-08-25,NT,132,0,48.31400000000001,7910.4,0.0,0.0,32654.199999999997,30871.073947376255,-5.460633096580967
multiweek,L405S-028,wk 2025-08-25,PM,48,0,48.31400000000001,7910.4,0.0,0.0,28822.199999999997,24048.18413090462,-16.563676156210754
multiweek,L405S-030,wk 2025-06-02,AM,36,0,47.628874999999994,6966.1050000000005,0.0,0.0,18542.549999999996,15184.404245369995,-18.110485098489697
multiweek,L405S-030,wk 2025-06-02,MD,72,0,47.628874999999994,6966.1050000000005,0.0,0.0,33677.55,29284.730594579014,-13.043761809932697
multiweek,L405S-030,wk 2025-06-02,NT,132,0,47.628874999999994,6966.1050000000005,0.0,0.0,25343.300000000003,36127.25235769051,42.55149233797692
multiweek,L405S-030,wk 2025-06-02,PM,48,0,47.628874999999994,6966.1050000000005,0.0,0.0,21918.549999999996,20603.65961331735,-5.998984361112593
multiweek,L405S-030,wk 2025-06-09,AM,36,0,47.628874999999994,6966.1050000000005,0.0,0.0,18899.999999999993,14518.38893029037,-23.183127352960973
multiweek,L405S-030,wk 2025-06-09,MD,72,0,47.628874999999994,6966.1050000000005,0.0,0.0,36009.95,27808.931392416387,-22.774312676311993
multiweek,L405S-030,wk 2025-06-09,NT,132,0,47.628874999999994,6966.1050000000005,0.0,0.0,26230.9,34924.627009852025,33.14307557061337
multiweek,L405S-030,wk 2025-06-09,PM,48,0,47.628874999999994,6966.1050000000005,0.0,0.0,24465.15,20056.725860383274,-18.019199308472366
multiweek,L405S-030,wk 2025-06-16,AM,36,0,47.628874999999994,6966.1050000000005,0.0,0.0,17960.799999999996,14910.891739498948,-16.980915440854798
multiweek,L405S-030,wk 2025-06-16,MD,72,0,47.628874999999994,6966.1050000000005,0.0,0.0,34628.2,29959.50249561313,-13.482356877882381
multiweek,L405S-030,wk 2025-06-16,NT,132,0,47.628874999999994,6966.1050000000005,0.0,0.0,25484.899999999998,39710.12811402595,55.81826145688606
multiweek,L405S-030,wk 2025-06-16,PM,48,0,47.628874999999994,6966.1050000000005,0.0,0.0,22416.8,19764.16567684295,-11.833242582157355
multiweek,L405S-030,wk 2025-06-23,AM,36,0,47.628874999999994,6966.1050000000005,0.0,0.0,19261.499999999993,14624.039633935023,-24.076319944266913
multiweek,L405S-030,wk 2025-06-23,MD,72,0,47.628874999999994,6966.1050000000005,0.0,0.0,34871.35,28550.58683109681,-18.125949149956018
multiweek,L405S-030,wk 2025-06-23,NT,132,0,47.628874999999994,6966.1050000000005,0.0,0.0,27195.95,33641.722194518996,23.701220933701507
multiweek,L405S-030,wk 2025-06-23,PM,48,0,47.628874999999994,6966.1050000000005,0.0,0.0,23520.899999999998,19548.405755943593,-16.88921020903284
multiweek,L405S-030,wk 2025-07-07,AM,36,0,47.628874999999994,6966.1050000000005,0.0,0.0,18749.95,15569.429361688868,-16.962821971851298
multiweek,L405S-030,wk 2025-07-07,MD,72,0,47.628874999999994,6966.1050000000005,0.0,0.0,34595.75,30385.756377716374,-12.169106385274567
multiweek,L405S-030,wk 2025-07-07,NT,132,0,47.628874999999994,6966.1050000000005,0.0,0.0,25746.75,31574.41918396468,22.634581778145517
multiweek,L405S-030,wk 2025-07-07,PM,48,0,47.628874999999994,6966.1050000000005,0.0,0.0,23750.25,19892.033553237652,-16.24495088162166
multiweek,L405S-030,wk 2025-07-14,AM,36,0,47.628874999999994,6966.1050000000005,0.0,0.0,19050.5,14748.82249131658,-22.58039163635296
multiweek,L405S-030,wk 2025-07-14,MD,72,0,47.628874999999994,6966.1050000000005,0.0,0.0,35653.59999999999,29624.81387160164,-16.909333498996883
multiweek,L405S-030,wk 2025-07-14,NT,132,0,47.628874999999994,6966.1050000000005,0.0,0.0,26737.750000000004,35401.73283802773,32.40355990323691
multiweek,L405S-030,wk 2025-07-14,PM,48,0,47.628874999999994,6966.1050000000005,0.0,0.0,24150.699999999997,21104.68173615564,-12.612546484550588
multiweek,L405S-030,wk 2025-07-21,AM,36,0,47.628874999999994,6966.1050000000005,0.0,0.0,18349.399999999998,15842.14263327986,-13.663974662496528
multiweek,L405S-030,wk 2025-07-21,MD,72,0,47.628874999999994,6966.1050000000005,0.0,0.0,36540.899999999994,30169.737669666752,-17.43570172144978
multiweek,L405S-030,wk 2025-07-21,NT,132,0,47.628874999999994,6966.1050000000005,0.0,0.0,26407.300000000003,46030.702036235845,74.31052033428574
multiweek,L405S-030,wk 2025-07-21,PM,48,0,47.628874999999994,6966.1050000000005,0.0,0.0,23825.7,21095.843757014838,-11.457611918999914
multiweek,L405S-030,wk 2025-07-28,AM,36,0,47.628874999999994,6966.1050000000005,0.0,0.0,18786.85,14627.948620148887,-22.137300185241866
multiweek,L405S-030,wk 2025-07-28,MD,72,0,47.628874999999994,6966.1050000000005,0.0,0.0,36171.05,29914.04268857224,-17.298384513105816
multiweek,L405S-030,wk 2025-07-28,NT,132,0,47.628874999999994,6966.1050000000005,0.0,0.0,26828.15,29183.24138882872,8.778433804897906
multiweek,L405S-030,wk 2025-07-28,PM,48,0,47.628874999999994,6966.1050000000005,0.0,0.0,25072.0,20815.15179215772,-16.978494766441763
multiweek,L405S-030,wk 2025-08-04,AM,36,0,47.628874999999994,6966.1050000000005,0.0,0.0,18237.55,14740.582506938707,-19.174546433382186
multiweek,L405S-030,wk 2025-08-04,MD,72,0,47.628874999999994,6966.1050000000005,0.0,0.0,33816.85,30454.908916271997,-9.941615152588136
multiweek,L405S-030,wk 2025-08-04,NT,132,0,47.628874999999994,6966.1050000000005,0.0,0.0,26558.399999999994,33755.78957496735,27.100237871887444
multiweek,L405S-030,wk 2025-08-04,PM,48,0,47.628874999999994,6966.1050000000005,0.0,0.0,23805.0,20526.74859867498,-13.77127242732627
multiweek,L405S-030,wk 2025-08-11,AM,36,0,47.628874999999994,6966.1050000000005,0.0,0.0,18447.0,15396.461853945613,-16.53677099828908
multiweek,L405S-030,wk 2025-08-11,MD,72,0,47.628874999999994,6966.1050000000005,0.0,0.0,34948.100000000006,30205.52538925381,-13.570336043293329
multiweek,L405S-030,wk 2025-08-11,NT,132,0,47.628874999999994,6966.1050000000005,0.0,0.0,26705.999999999996,38020.15047672411,42.36557506449532
multiweek,L405S-030,wk 2025-08-11,PM,48,0,47.628874999999994,6966.1050000000005,0.0,0.0,24418.199999999997,20600.334680141845,-15.635326600069426
multiweek,L405S-030,wk 2025-08-18,AM,36,0,47.628874999999994,6966.1050000000005,0.0,0.0,17835.95,15356.902142731496,-13.899163527978628
multiweek,L405S-030,wk 2025-08-18,MD,72,0,47.628874999999994,6966.1050000000005,0.0,0.0,32272.9,30447.022578198237,-5.65761806903552
multiweek,L405S-030,wk 2025-08-18,NT,132,0,47.628874999999994,6966.1050000000005,0.0,0.0,26247.84999999999,32676.09377750898,24.490553616806675
multiweek,L405S-030,wk 2025-08-18,PM,48,0,47.628874999999994,6966.1050000000005,0.0,0.0,23078.550000000003,20477.002497078513,-11.272577795925178
multiweek,L405S-030,wk 2025-08-25,AM,36,0,47.628874999999994,6966.1050000000005,0.0,0.0,18367.749999999996,15264.516502804472,-16.895011621976153
multiweek,L405S-030,wk 2025-08-25,MD,72,0,47.628874999999994,6966.1050000000005,0.0,0.0,31140.3,31032.088877021997,-0.347495441527545
multiweek,L405S-030,wk 2025-08-25,NT,132,0,47.628874999999994,6966.1050000000005,0.0,0.0,24999.0,41968.10442176746,67.87913285238393
multiweek,L405S-030,wk 2025-08-25,PM,48,0,47.628874999999994,6966.1050000000005,0.0,0.0,20980.399999999998,21350.822636761135,1.7655651787436717
multiweek,L405S-058,wk 2025-06-02,AM,36,16,46.913999999999994,8943.24,10600.599999999999,10181.761319890706,24178.199999999997,21560.179202101823,-10.828021928423848
multiweek,L405S-058,wk 2025-06-02,MD,72,0,46.913999999999994,8943.24,0.0,0.0,42685.99999999999,38785.92051893366,-9.136671229598313
multiweek,L405S-058,wk 2025-06-02,NT,132,0,46.913999999999994,8943.24,0.0,0.0,34613.8,59088.25828883258,70.70722743192765
multiweek,L405S-058,wk 2025-06-02,PM,48,0,46.913999999999994,8943.24,0.0,0.0,26579.8,27010.503415173862,1.6204163130417182
multiweek,L405S-058,wk 2025-06-09,AM,36,0,46.913999999999994,8943.24,0.0,0.0,25275.599999999995,21262.51151782121,-15.877322327378124
multiweek,L405S-058,wk 2025-06-09,MD,72,0,46.913999999999994,8943.24,0.0,0.0,43339.6,38289.99826499694,-11.651242131914138
multiweek,L405S-058,wk 2025-06-09,NT,132,0,46.913999999999994,8943.24,0.0,0.0,34875.200000000004,41962.26211328118,20.321208518606838
multiweek,L405S-058,wk 2025-06-09,PM,48,0,46.913999999999994,8943.24,0.0,0.0,26787.199999999997,27607.597393387026,3.0626470604879543
multiweek,L405S-058,wk 2025-06-16,AM,36,0,46.913999999999994,8943.24,0.0,0.0,24003.999999999996,21156.693123181878,-11.861801686461085
multiweek,L405S-058,wk 2025-06-16,MD,72,0,46.913999999999994,8943.24,0.0,0.0,41109.399999999994,39068.894068552356,-4.963599399280064
multiweek,L405S-058,wk 2025-06-16,NT,132,0,46.913999999999994,8943.24,0.0,0.0,32473.799999999996,63321.51832759819,94.9926350707284
multiweek,L405S-058,wk 2025-06-16,PM,48,0,46.913999999999994,8943.24,0.0,0.0,24276.399999999994,25464.846228499886,4.8954796777936265
multiweek,L405S-058,wk 2025-06-23,AM,36,0,46.913999999999994,8943.24,0.0,0.0,24549.399999999994,20872.417577339103,-14.977891201662327
multiweek,L405S-058,wk 2025-06-23,MD,72,0,46.913999999999994,8943.24,0.0,0.0,39761.6,38416.42512112847,-3.383100476015872
multiweek,L405S-058,wk 2025-06-23,NT,132,0,46.913999999999994,8943.24,0.0,0.0,32106.4,54118.069998025196,68.55851169245133
multiweek,L405S-058,wk 2025-06-23,PM,48,0,46.913999999999994,8943.24,0.0,0.0,24443.6,25201.161988517673,3.099224289865956
multiweek,L405S-058,wk 2025-07-07,AM,36,0,46.913999999999994,8943.24,0.0,0.0,22993.799999999992,17292.519889150954,-24.7948582263438
multiweek,L405S-058,wk 2025-07-07,MD,72,0,46.913999999999994,8943.24,0.0,0.0,38249.2,29448.84613596478,-23.00794229430999
multiweek,L405S-058,wk 2025-07-07,NT,132,0,46.913999999999994,8943.24,0.0,0.0,29182.800000000003,54037.22254278505,85.16805290371398
multiweek,L405S-058,wk 2025-07-07,PM,48,0,46.913999999999994,8943.24,0.0,0.0,24039.800000000003,20148.654467357253,-16.186264164605152
multiweek,L405S-058,wk 2025-07-14,AM,36,0,46.913999999999994,8943.24,0.0,0.0,23281.799999999996,15132.045416048712,-35.00483031359811
multiweek,L405S-058,wk 2025-07-14,MD,72,0,46.913999999999994,8943.24,0.0,0.0,40523.6,27159.56701431323,-32.9783952701309
multiweek,L405S-058,wk 2025-07-14,NT,132,0,46.913999999999994,8943.24,0.0,0.0,31037.0,47789.06211035732,53.97448886927641
multiweek,L405S-058,wk 2025-07-14,PM,48,0,46.913999999999994,8943.24,0.0,0.0,24926.399999999998,16274.657498311026,-34.709153755411826
multiweek,L405S-058,wk 2025-07-21,AM,36,0,46.913999999999994,8943.24,0.0,0.0,23607.399999999998,17028.792234630127,-27.866718763480396
multiweek,L405S-058,wk 2025-07-21,MD,72,0,46.913999999999994,8943.24,0.0,0.0,40628.59999999999,28895.901712091843,-28.877929064521425
multiweek,L405S-058,wk 2025-07-21,NT,132,0,46.913999999999994,8943.24,0.0,0.0,33432.2,51564.07151296985,54.23475425778099
multiweek,L405S-058,wk 2025-07-21,PM,48,0,46.913999999999994,8943.24,0.0,0.0,24749.199999999997,16818.120450237635,-32.04580168151844
multiweek,L405S-058,wk 2025-07-28,AM,36,0,46.913999999999994,8943.24,0.0,0.0,23299.4,19153.87757007525,-17.792399932722528
multiweek,L405S-058,wk 2025-07-28,MD,72,0,46.913999999999994,8943.24,0.0,0.0,36144.799999999996,29235.13833007087,-19.116613371575237
multiweek,L405S-058,wk 2025-07-28,NT,132,0,46.913999999999994,8943.24,0.0,0.0,27429.6,45286.185822171276,65.09969457145303
multiweek,L405S-058,wk 2025-07-28,PM,48,0,46.913999999999994,8943.24,0.0,0.0,23292.399999999998,16284.36877264933,-30.087201092848602
multiweek,L405S-058,wk 2025-08-04,AM,36,0,46.913999999999994,8943.24,0.0,0.0,23617.0,18599.1010288855,-21.246978748844057
multiweek,L405S-058,wk 2025-08-04,MD,72,0,46.913999999999994,8943.24,0.0,0.0,37100.6,27400.42881051937,-26.14559114806938
multiweek,L405S-058,wk 2025-08-04,NT,132,0,46.913999999999994,8943.24,0.0,0.0,27458.6,21400.231732176784,-22.06364588079223
multiweek,L405S-058,wk 2025-08-04,PM,48,0,46.913999999999994,8943.24,0.0,0.0,23214.799999999996,19648.98957931351,-15.360073835167587
multiweek,L405S-058,wk 2025-08-11,AM,36,0,46.913999999999994,8943.24,0.0,0.0,23754.0,18833.603413945217,-20.713970640964817
multiweek,L405S-058,wk 2025-08-11,MD,72,0,46.913999999999994,8943.24,0.0,0.0,36304.0,28716.76856429744,-20.89916107234068
multiweek,L405S-058,wk 2025-08-11,NT,132,0,46.913999999999994,8943.24,0.0,0.0,26358.199999999997,38262.55307519858,45.16375577694449
multiweek,L405S-058,wk 2025-08-11,PM,48,0,46.913999999999994,8943.24,0.0,0.0,22838.8,15587.00263063262,-31.752094546856135
multiweek,L405S-058,wk 2025-08-18,AM,36,0,46.913999999999994,8943.24,0.0,0.0,23458.0,19034.29283544824,-18.857989447317593
multiweek,L405S-058,wk 2025-08-18,MD,72,0,46.913999999999994,8943.24,0.0,0.0,37652.6,28749.856879493047,-23.64443124912211
multiweek,L405S-058,wk 2025-08-18,NT,132,0,46.913999999999994,8943.24,0.0,0.0,28658.599999999995,28834.77859635312,0.6147494865524681
multiweek,L405S-058,wk 2025-08-18,PM,48,0,46.913999999999994,8943.24,0.0,0.0,23854.799999999996,18452.828593723632,-22.645217760267805
multiweek,L405S-058,wk 2025-08-25,AM,36,0,46.913999999999994,8943.24,0.0,0.0,23630.199999999997,19347.33882364675,-18.12452360264935
multiweek,L405S-058,wk 2025-08-25,MD,72,0,46.913999999999994,8943.24,0.0,0.0,37030.399999999994,29199.803489296086,-21.146400013783026
multiweek,L405S-058,wk 2025-08-25,NT,132,0,46.913999999999994,8943.24,0.0,0.0,28989.199999999997,47280.08275355128,63.09550713214329
multiweek,L405S-058,wk 2025-08-25,PM,48,0,46.913999999999994,8943.24,0.0,0.0,23274.8,18709.8183447303,-19.613408730771898
multiweek,L405S-098,wk 2025-06-02,AM,36,0,49.39199999999999,6552.0,0.0,0.0,15383.400000000001,12014.951928869532,-21.89664229708952
multiweek,L405S-098,wk 2025-06-02,MD,72,0,49.39199999999999,6552.0,0.0,0.0,31033.0,26470.17379572516,-14.703142475026066
multiweek,L405S-098,wk 2025-06-02,NT,132,0,49.39199999999999,6552.0,0.0,0.0,20965.4,12203.549428215829,-41.79195518227256
multiweek,L405S-098,wk 2025-06-02,PM,48,0,49.39199999999999,6552.0,0.0,0.0,24153.999999999996,16451.911195097542,-31.88742570548338
multiweek,L405S-098,wk 2025-06-09,AM,36,0,49.39199999999999,6552.0,0.0,0.0,15371.0,12343.373477226225,-19.697004246787944
multiweek,L405S-098,wk 2025-06-09,MD,72,0,49.39199999999999,6552.0,0.0,0.0,31089.6,26518.565204742546,-14.702777762523327
multiweek,L405S-098,wk 2025-06-09,NT,132,0,49.39199999999999,6552.0,0.0,0.0,21028.399999999998,16319.035136738772,-22.39526004480239
multiweek,L405S-098,wk 2025-06-09,PM,48,0,49.39199999999999,6552.0,0.0,0.0,23903.799999999996,16496.865225895715,-30.986432174400232
multiweek,L405S-098,wk 2025-06-16,AM,36,0,49.39199999999999,6552.0,0.0,0.0,16525.0,13026.720622310457,-21.16961801930132
multiweek,L405S-098,wk 2025-06-16,MD,72,0,49.39199999999999,6552.0,0.0,0.0,32665.4,27881.770292154528,-14.644332253226574
multiweek,L405S-098,wk 2025-06-16,NT,132,0,49.39199999999999,6552.0,0.0,0.0,24184.199999999997,28568.96360413931,18.130695264426002
multiweek,L405S-098,wk 2025-06-16,PM,48,0,49.39199999999999,6552.0,0.0,0.0,24479.4,17992.723991033254,-26.498508987012535
multiweek,L405S-098,wk 2025-06-23,AM,36,0,49.39199999999999,6552.0,0.0,0.0,18358.999999999996,13632.857723911271,-25.742917784676322
multiweek,L405S-098,wk 2025-06-23,MD,72,0,49.39199999999999,6552.0,0.0,0.0,35766.8,29073.642371952592,-18.713325285033637
multiweek,L405S-098,wk 2025-06-23,NT,132,0,49.39199999999999,6552.0,0.0,0.0,28298.6,33292.83433799767,17.648344221967427
multiweek,L405S-098,wk 2025-06-23,PM,48,0,49.39199999999999,6552.0,0.0,0.0,25096.4,19250.65768123974,-23.293150885227607
multiweek,L405S-098,wk 2025-07-07,AM,36,0,49.39199999999999,6552.0,0.0,0.0,18358.999999999996,13632.857723911271,-25.742917784676322
multiweek,L405S-098,wk 2025-07-07,MD,72,0,49.39199999999999,6552.0,0.0,0.0,35766.8,29073.642371952592,-18.713325285033637
multiweek,L405S-098,wk 2025-07-07,NT,132,0,49.39199999999999,6552.0,0.0,0.0,28298.6,33292.83433799767,17.648344221967427
multiweek,L405S-098,wk 2025-07-07,PM,48,0,49.39199999999999,6552.0,0.0,0.0,25096.4,19250.65768123974,-23.293150885227607
multiweek,L405S-098,wk 2025-07-14,AM,36,0,49.39199999999999,6552.0,0.0,0.0,18358.999999999996,13632.857723911271,-25.742917784676322
multiweek,L405S-098,wk 2025-07-14,MD,72,0,49.39199999999999,6552.0,0.0,0.0,35766.8,29073.642371952592,-18.713325285033637
multiweek,L405S-098,wk 2025-07-14,NT,132,0,49.39199999999999,6552.0,0.0,0.0,28298.6,33292.83433799767,17.648344221967427
multiweek,L405S-098,wk 2025-07-14,PM,48,0,49.39199999999999,6552.0,0.0,0.0,25096.4,19250.65768123974,-23.293150885227607
multiweek,L405S-098,wk 2025-07-21,AM,36,0,49.39199999999999,6552.0,0.0,0.0,18358.999999999996,13632.857723911271,-25.742917784676322
multiweek,L405S-098,wk 2025-07-21,MD,72,0,49.39199999999999,6552.0,0.0,0.0,35766.8,29073.642371952592,-18.713325285033637
multiweek,L405S-098,wk 2025-07-21,NT,132,0,49.39199999999999,6552.0,0.0,0.0,28298.6,33292.83433799767,17.648344221967427
multiweek,L405S-098,wk 2025-07-21,PM,48,0,49.39199999999999,6552.0,0.0,0.0,25096.4,19250.65768123974,-23.293150885227607
multiweek,L405S-098,wk 2025-07-28,AM,36,0,49.39199999999999,6552.0,0.0,0.0,18358.999999999996,13632.857723911271,-25.742917784676322
multiweek,L405S-098,wk 2025-07-28,MD,72,0,49.39199999999999,6552.0,0.0,0.0,35766.8,29073.642371952592,-18.713325285033637
multiweek,L405S-098,wk 2025-07-28,NT,132,0,49.39199999999999,6552.0,0.0,0.0,28298.6,33292.83433799767,17.648344221967427
multiweek,L405S-098,wk 2025-07-28,PM,48,0,49.39199999999999,6552.0,0.0,0.0,25096.4,19250.65768123974,-23.293150885227607
multiweek,L405S-098,wk 2025-08-04,AM,36,0,49.39199999999999,6552.0,0.0,0.0,18358.999999999996,13632.857723911271,-25.742917784676322
multiweek,L405S-098,wk 2025-08-04,MD,72,0,49.39199999999999,6552.0,0.0,0.0,35766.8,29073.642371952592,-18.713325285033637
multiweek,L405S-098,wk 2025-08-04,NT,132,0,49.39199999999999,6552.0,0.0,0.0,28298.6,33292.83433799767,17.648344221967427
multiweek,L405S-098,wk 2025-08-04,PM,48,0,49.39199999999999,6552.0,0.0,0.0,25096.4,19250.65768123974,-23.293150885227607
multiweek,L405S-098,wk 2025-08-11,AM,36,0,49.39199999999999,6552.0,0.0,0.0,18358.999999999996,13632.857723911271,-25.742917784676322
multiweek,L405S-098,wk 2025-08-11,MD,72,0,49.39199999999999,6552.0,0.0,0.0,35766.8,29073.642371952592,-18.713325285033637
multiweek,L405S-098,wk 2025-08-11,NT,132,0,49.39199999999999,6552.0,0.0,0.0,28298.6,33292.83433799767,17.648344221967427
multiweek,L405S-098,wk 2025-08-11,PM,48,0,49.39199999999999,6552.0,0.0,0.0,25096.4,19250.65768123974,-23.293150885227607
multiweek,L405S-098,wk 2025-08-18,AM,36,0,49.39199999999999,6552.0,0.0,0.0,18358.999999999996,13632.857723911271,-25.742917784676322
multiweek,L405S-098,wk 2025-08-18,MD,72,0,49.39199999999999,6552.0,0.0,0.0,35766.8,29073.642371952592,-18.713325285033637
multiweek,L405S-098,wk 2025-08-18,NT,132,0,49.39199999999999,6552.0,0.0,0.0,28298.6,33292.83433799767,17.648344221967427
multiweek,L405S-098,wk 2025-08-18,PM,48,0,49.39199999999999,6552.0,0.0,0.0,25096.4,19250.65768123974,-23.293150885227607
multiweek,L405S-098,wk 2025-08-25,AM,36,0,49.39199999999999,6552.0,0.0,0.0,18358.999999999996,13632.857723911271,-25.742917784676322
multiweek,L405S-098,wk 2025-08-25,MD,72,0,49.39199999999999,6552.0,0.0,0.0,35766.8,29073.642371952592,-18.713325285033637
multiweek,L405S-098,wk 2025-08-25,NT,132,0,49.39199999999999,6552.0,0.0,0.0,28298.6,33292.83433799767,17.648344221967427
multiweek,L405S-098,wk 2025-08-25,PM,48,0,49.39199999999999,6552.0,0.0,0.0,25096.4,19250.65768123974,-23.293150885227607
multiweek,L405S-115,wk 2025-06-02,AM,36,29,49.098,7907.039999999996,13002.4,13637.24454831736,17081.399999999998,16877.81830127773,-1.1918326291888717
multiweek,L405S-115,wk 2025-06-02,MD,72,0,49.098,7907.039999999996,0.0,0.0,37237.99999999999,36633.14449726547,-1.6242964249812586
multiweek,L405S-115,wk 2025-06-02,NT,132,0,49.098,7907.039999999996,0.0,0.0,25784.999999999993,42859.33619347375,66.21809654246174
multiweek,L405S-115,wk 2025-06-02,PM,48,0,49.098,7907.039999999996,0.0,0.0,25775.0,23496.27686551427,-8.84082690392135
multiweek,L405S-115,wk 2025-06-09,AM,36,26,49.098,7907.039999999996,13251.800000000001,12920.295506267048,18736.4,17746.679631564024,-5.282340089003103
multiweek,L405S-115,wk 2025-06-09,MD,72,0,49.098,7907.039999999996,0.0,0.0,38363.8,35369.71737053951,-7.8044474985806715
multiweek,L405S-115,wk 2025-06-09,NT,132,0,49.098,7907.039999999996,0.0,0.0,25948.199999999997,43595.1097562035,68.00822313764925
multiweek,L405S-115,wk 2025-06-09,PM,48,0,49.098,7907.039999999996,0.0,0.0,25947.6,22990.718536134875,-11.395587506609953
multiweek,L405S-115,wk 2025-06-16,AM,36,25,49.098,7907.039999999996,12264.599999999999,12944.105343955194,18139.0,18298.728684694535,0.8805815353356597
multiweek,L405S-115,wk 2025-06-16,MD,72,0,49.098,7907.039999999996,0.0,0.0,37702.2,37578.729247802374,-0.32748951572487384
multiweek,L405S-115,wk 2025-06-16,NT,132,0,49.098,7907.039999999996,0.0,0.0,25532.999999999996,47154.310461833535,84.67986708116375
multiweek,L405S-115,wk 2025-06-16,PM,48,0,49.098,7907.039999999996,0.0,0.0,25172.6,23348.744560427353,-7.245399520004474
multiweek,L405S-115,wk 2025-06-23,AM,36,28,49.098,7907.039999999996,14131.199999999999,13920.273052802713,18810.799999999996,17587.901375588295,-6.501045274053739
multiweek,L405S-115,wk 2025-06-23,MD,72,0,49.098,7907.039999999996,0.0,0.0,37429.6,35988.593423184175,-3.8499117725431846
multiweek,L405S-115,wk 2025-06-23,NT,132,0,49.098,7907.039999999996,0.0,0.0,27191.8,31328.420538951537,15.212749942819299
multiweek,L405S-115,wk 2025-06-23,PM,48,0,49.098,7907.039999999996,0.0,0.0,25616.799999999996,22681.760286914105,-11.457479908052104
multiweek,L405S-115,wk 2025-07-07,AM,36,28,49.098,7907.039999999996,13038.199999999999,13346.686754656897,17582.799999999996,17012.973488455453,-3.240817796622512
multiweek,L405S-115,wk 2025-07-07,MD,72,9,49.098,7907.039999999996,4330.6,4631.830912825668,37242.399999999994,37572.47534089652,0.8862891244831826
multiweek,L405S-115,wk 2025-07-07,NT,132,0,49.098,7907.039999999996,0.0,0.0,25384.4,41885.75360292141,65.0058839402208
multiweek,L405S-115,wk 2025-07-07,PM,48,0,49.098,7907.039999999996,0.0,0.0,25539.0,24206.59687280735,-5.2171311609407205
multiweek,L405S-115,wk 2025-07-14,AM,36,28,49.098,7907.039999999996,12870.4,11743.587040767077,17571.0,15446.077039764525,-12.09335245709109
multiweek,L405S-115,wk 2025-07-14,MD,72,9,49.098,7907.039999999996,4547.6,4659.118519366122,38475.0,36589.837174895525,-4.899708447315074
multiweek,L405S-115,wk 2025-07-14,NT,132,0,49.098,7907.039999999996,0.0,0.0,26735.0,40510.65112149088,51.52665465304239
multiweek,L405S-115,wk 2025-07-14,PM,48,0,49.098,7907.039999999996,0.0,0.0,26448.4,23547.77104083106,-10.967124511006118
multiweek,L405S-115,wk 2025-07-21,AM,36,28,49.098,7907.039999999996,12614.4,11915.035213841093,17314.4,15459.509997560966,-10.712990357384806
multiweek,L405S-115,wk 2025-07-21,MD,72,10,49.098,7907.039999999996,5052.0,5233.176712785935,39491.200000000004,36911.93004549098,-6.53125241701701
multiweek,L405S-115,wk 2025-07-21,NT,132,0,49.098,7907.039999999996,0.0,0.0,29596.200000000004,36713.60160658013,24.04836298774885
multiweek,L405S-115,wk 2025-07-21,PM,48,0,49.098,7907.039999999996,0.0,0.0,27084.399999999998,23649.024399591814,-12.683964202301636
multiweek,L405S-115,wk 2025-07-28,AM,36,28,49.098,7907.039999999996,13762.8,13361.886520460705,18426.6,16925.465582951387,-8.146562127840253
multiweek,L405S-115,wk 2025-07-28,MD,72,0,49.098,7907.039999999996,0.0,0.0,38934.399999999994,35845.35088770374,-7.933984117634421
multiweek,L405S-115,wk 2025-07-28,NT,132,0,49.098,7907.039999999996,0.0,0.0,26521.6,33750.70105932618,27.25740927895067
multiweek,L405S-115,wk 2025-07-28,PM,48,0,49.098,7907.039999999996,0.0,0.0,26705.8,23694.457908359993,-11.275985335170661
multiweek,L405S-115,wk 2025-08-04,AM,36,28,49.098,7907.039999999996,13400.8,13309.621699759162,17866.6,16912.46828923294,-5.340309352462463
multiweek,L405S-115,wk 2025-08-04,MD,72,0,49.098,7907.039999999996,0.0,0.0,37510.2,37433.54937447785,-0.20434608592368636
multiweek,L405S-115,wk 2025-08-04,NT,132,0,49.098,7907.039999999996,0.0,0.0,26848.999999999993,36485.995733592965,35.8933134701217
multiweek,L405S-115,wk 2025-08-04,PM,48,0,49.098,7907.039999999996,0.0,0.0,26496.0,22763.456450466463,-14.08719636750278
multiweek,L405S-115,wk 2025-08-11,AM,36,27,49.098,7907.039999999996,13125.599999999999,12959.100823662302,18322.0,17072.08438534881,-6.821938732950489
multiweek,L405S-115,wk 2025-08-11,MD,72,0,49.098,7907.039999999996,0.0,0.0,38346.2,36222.79784730467,-5.537451305984242
multiweek,L405S-115,wk 2025-08-11,NT,132,0,49.098,7907.039999999996,0.0,0.0,26512.999999999993,34675.65051393358,30.787351540503106
multiweek,L405S-115,wk 2025-08-11,PM,48,0,49.098,7907.039999999996,0.0,0.0,26803.8,22579.691603733474,-15.759363956851363
multiweek,L405S-115,wk 2025-08-18,AM,36,28,49.098,7907.039999999996,11751.599999999999,11162.462006171154,16265.799999999996,14795.786975480629,-9.037446817982314
multiweek,L405S-115,wk 2025-08-18,MD,72,18,49.098,7907.039999999996,8411.8,9365.487349268074,34446.799999999996,38093.946993716454,10.587767205419542
multiweek,L405S-115,wk 2025-08-18,NT,132,0,49.098,7907.039999999996,0.0,0.0,28063.4,43215.66272327388,53.99296850443596
multiweek,L405S-115,wk 2025-08-18,PM,48,0,49.098,7907.039999999996,0.0,0.0,25578.999999999996,22937.080529102317,-10.328470506656554
multiweek,L405S-115,wk 2025-08-25,AM,36,27,49.098,7907.039999999996,11853.199999999999,12356.498768943891,16700.8,16605.648497966573,-0.569742180215477
multiweek,L405S-115,wk 2025-08-25,MD,72,8,49.098,7907.039999999996,3654.2,4145.073817851687,35599.2,37471.138605055035,5.2583726742596415
multiweek,L405S-115,wk 2025-08-25,NT,132,0,49.098,7907.039999999996,0.0,0.0,26028.999999999993,44114.837251082194,69.48341177564335
multiweek,L405S-115,wk 2025-08-25,PM,48,0,49.098,7907.039999999996,0.0,0.0,25599.6,23015.913078647747,-10.092684734731213
