corridor,tmc_code,n,p85,p95,p99,observed_max,inrix_reference,night_median,corridor_p95,assignment_model,p95_over_observed_max,assignment_over_observed_max
I395_NB,110+04121,2208,61.4695,65.333,67.09859999999999,69.32,58.0,61.41,65.89,69.0,0.9424841315637623,0.9953837276399309
I395_NB,110+04122,2208,63.489000000000004,66.5465,68.5879,70.05,60.0,63.06,65.89,63.0,0.9499857244825125,0.8993576017130621
I395_NB,110+04123,2208,64.81949999999999,67.2765,69.3937,70.65,62.0,63.59,65.89,63.0,0.9522505307855625,0.8917197452229298
I395_NB,110+04124,2208,64.59949999999999,67.18950000000001,69.62719999999999,71.3,62.0,63.735,65.89,63.0,0.9423492286115008,0.8835904628330996
I395_NB,110+04125,2208,65.8995,68.08,70.1186,71.99,62.0,64.755,65.89,63.0,0.9456869009584665,0.8751215446589805
I395_NB,110+04126,2208,62.51,65.51950000000001,68.03790000000001,70.35,58.0,61.92,65.89,63.0,0.9313361762615496,0.8955223880597015
I395_NB,110+04127,2208,63.8095,66.15,68.1179,69.86,60.0,62.655,65.89,66.0,0.9468937875751504,0.9447466361294017
I395_NB,110+04129,2207,52.133,55.653999999999996,59.3294,64.0,49.0,51.29,65.89,63.0,0.8695937499999999,0.984375
I395_NB,110+04130,2207,48.79,52.70299999999998,55.9688,60.63,45.0,48.945,65.89,63.0,0.8692561438231895,1.0390895596239484
I395_NB,110+04670,2208,60.009499999999996,62.25,65.1465,67.32,57.0,58.19,65.89,63.0,0.9246880570409983,0.9358288770053477
I395_NB,110P04120,2208,63.0595,65.65,67.4486,69.59,60.0,62.88,65.89,63.0,0.9433826699238397,0.9053024859893662
I395_NB,110P04121,2208,62.368,65.9665,67.96159999999998,68.78,59.0,62.0,65.89,69.0,0.9590942134341378,1.0031986042454202
I395_NB,110P04122,2208,65.32,67.84649999999999,69.6686,71.12,63.0,64.39500000000001,65.89,63.0,0.9539721597300336,0.8858267716535433
I395_NB,110P04123,2208,62.5395,65.6195,68.2865,70.51,60.0,61.715,65.89,63.0,0.930641043823571,0.8934902850659481
I395_NB,110P04124,2208,65.0495,67.23,69.4486,71.16,62.0,64.12,65.89,63.0,0.9447723440134909,0.8853288364249579
I395_NB,110P04125,2208,65.4195,67.81,69.38,71.39,62.0,64.25,65.89,63.0,0.9498529205771117,0.8824765373301583
I395_NB,110P04126,2208,61.57,64.69,67.1893,68.71,58.0,60.86,65.89,63.0,0.9414932324261389,0.916897103769466
I395_NB,110P04127,2208,59.9,62.1865,64.1793,67.36,58.0,58.055,65.89,63.0,0.9231962589073635,0.9352731591448932
I395_NB,110P04128,2208,54.9985,58.1165,61.398599999999995,66.98,52.0,54.19,65.89,63.0,0.8676694535682293,0.9405792773962376
I395_NB,110P04130,2207,48.032,52.147,55.33,60.24,43.0,48.75,65.89,63.0,0.8656540504648074,1.045816733067729
I395_NB,110P04670,2208,57.759499999999996,60.76,63.5193,67.72,55.0,57.0,65.89,63.0,0.8972238629651506,0.9303012404016539
I395_SB,110-04121,2208,65.1895,66.4665,67.8879,70.05,63.0,63.71,64.77,63.0,0.9488436830835117,0.8993576017130621
I395_SB,110-04122,2208,64.29,65.70649999999999,67.1179,70.02,62.0,62.785,64.77,63.0,0.9383961725221365,0.8997429305912596
I395_SB,110-04123,2208,61.13,62.59,64.3586,67.68,59.0,58.655,64.77,63.0,0.9247931442080378,0.9308510638297871
I395_SB,110-04124,2208,59.79,61.763000000000005,63.859499999999976,67.57,58.0,58.235,64.77,63.0,0.9140594938582213,0.932366434808347
I395_SB,110-04125,2208,63.7895,65.3565,67.38929999999999,69.25,61.0,62.035,64.77,63.0,0.9437761732851985,0.9097472924187726
I395_SB,110-04126,2208,64.59,66.12,68.2279,69.8,61.0,63.739999999999995,64.77,63.0,0.9472779369627509,0.9025787965616047
I395_SB,110-04127,2208,58.759499999999996,60.0465,61.663699999999984,64.31,56.0,54.425,64.77,63.0,0.9337039340693516,0.9796299175866895
I395_SB,110-04128,2208,51.24,53.6695,56.035299999999964,61.92,50.0,50.825,64.77,63.0,0.8667554909560723,1.0174418604651163
I395_SB,110N04120,2206,64.3,65.765,67.16749999999999,68.45,62.0,63.185,64.77,63.0,0.9607742878013148,0.9203798392987582
I395_SB,110N04121,2208,64.1,65.8365,67.65159999999997,69.72,62.0,62.86,64.77,69.0,0.9442986230636833,0.9896729776247849
I395_SB,110N04122,2208,63.9895,65.31649999999999,66.7572,69.72,63.0,62.265,64.77,63.0,0.9368402180149167,0.9036144578313253
I395_SB,110N04123,2208,63.3595,64.6065,66.2872,69.57,62.0,60.82,64.77,63.0,0.9286545924967659,0.905562742561449
I395_SB,110N04124,2208,60.5595,62.2265,64.3665,68.54,59.0,58.620000000000005,64.77,63.0,0.9078859060402684,0.9191712868398015
I395_SB,110N04125,2208,62.22,63.78,65.5893,68.62,60.0,60.485,64.77,63.0,0.9294666278053045,0.9180996793937627
I395_SB,110N04126,2208,64.1395,65.73,67.2586,69.68,61.0,62.495000000000005,64.77,63.0,0.9433122847301951,0.9041331802525832
I395_SB,110N04127,2208,59.5695,60.8665,62.44579999999999,65.82,57.0,57.46,64.77,63.0,0.9247417198419935,0.9571558796718324
I395_SB,110N04128,2208,53.4595,55.2965,57.39159999999998,62.75,52.0,52.595,64.77,63.0,0.8812191235059761,1.00398406374502
I395_SB,110N04129,2208,51.449000000000005,53.6565,56.454399999999985,60.24,49.0,51.32,64.77,63.0,0.8907121513944223,1.045816733067729
I395_SB,110N04130,2207,51.031,53.67099999999999,56.627,61.7,49.0,51.015,64.77,63.0,0.8698703403565639,1.0210696920583469
I395_SB,110N04670,2208,57.9695,59.273,60.82299999999998,63.59,56.0,54.635000000000005,64.77,63.0,0.9321119672904544,0.9907218116055984
I66_EB,110+58626,2208,72.0,72.79,74.19,75.59,72.0,72.0,71.0,75.0,0.9629580632358778,0.9921947347532742
I66_EB,110+58627,2208,72.65,73.0,74.26299999999998,75.31,73.0,72.33,71.0,75.0,0.9693267826317886,0.9958836807860841
I66_EB,110+58628,2208,71.72,72.3065,73.7865,75.2,72.0,71.065,71.0,69.0,0.9615226063829787,0.9175531914893617
I66_EB,110+58629,2208,71.23949999999999,72.0,73.38089999999998,75.0,72.0,69.76,71.0,69.0,0.96,0.92
I66_EB,110+58630,2208,70.20949999999999,71.1965,72.59,75.0,70.0,67.715,71.0,66.0,0.9492866666666667,0.88
I66_EB,110+58631,2208,71.72,72.45649999999999,73.96929999999999,75.6,72.0,69.815,71.0,63.0,0.9584193121693121,0.8333333333333334
I66_EB,110+58632,2208,71.77,72.52,74.32929999999999,76.0,72.0,69.815,71.0,63.0,0.9542105263157894,0.8289473684210527
I66_EB,110+58633,2208,69.70949999999999,71.0,73.36459999999995,75.46,69.0,68.205,71.0,69.0,0.9408958388550226,0.9143917307182614
I66_EB,110+58634,2208,70.06,71.31,73.71369999999999,75.46,70.0,69.125,71.0,63.0,0.9450039756162206,0.8348794063079779
I66_EB,110+58635,2208,68.8,70.1265,72.23649999999999,74.73,69.0,67.39,71.0,63.0,0.9383982336411079,0.8430349257326375
I66_EB,110+58636,2208,65.49,67.763,70.1193,75.0,65.0,62.595,71.0,69.0,0.9035066666666668,0.92
I66_EB,110-04163,2208,53.26,55.8765,58.248599999999996,61.34,50.0,50.13,71.0,63.0,0.9109308770785783,1.0270622758395827
I66_EB,110-04164,2208,60.48,62.46,64.2179,67.95,56.0,54.724999999999994,71.0,75.0,0.919205298013245,1.1037527593818983
I66_EB,110-04165,2208,61.869499999999995,63.636500000000005,65.31649999999999,67.16,59.0,57.175,71.0,75.0,0.9475357355568792,1.1167361524717094
I66_EB,110-04166,2208,62.959,64.94,66.4179,67.49,61.0,60.775000000000006,71.0,75.0,0.9622166246851386,1.111275744554749
I66_EB,110-04168,2208,64.23,65.62,66.9093,69.11,62.0,61.894999999999996,71.0,75.0,0.9495007958327305,1.0852264505860223
I66_EB,110-04172,2208,64.54,66.24,67.3679,70.37,62.0,61.879999999999995,71.0,75.0,0.9413102174221968,1.0657950831320164
I66_EB,110-04173,2208,65.609,67.736,69.3686,71.05,62.0,62.224999999999994,71.0,75.0,0.9533567909922591,1.055594651653765
I66_EB,110-04174,2208,66.31949999999999,67.8565,69.29299999999998,71.48,63.0,63.0,71.0,75.0,0.9493074986010072,1.0492445439283715
I66_EB,110-04175,2208,63.4895,65.56649999999999,67.34229999999998,69.78,59.0,62.345,71.0,75.0,0.9396173688736026,1.0748065348237317
I66_EB,110-04176,2208,64.4985,66.8765,69.1137,71.12,61.0,63.28,71.0,75.0,0.9403332395950504,1.0545556805399325
I66_EB,110-04177,2208,66.3,68.083,70.04089999999998,71.59,63.0,65.19,71.0,63.0,0.9510127112725241,0.8800111747450761
I66_EB,110-04178,2208,64.789,66.81649999999999,68.96,70.45,62.0,63.575,71.0,69.0,0.9484244144783532,0.9794180269694819
I66_EB,110-04180,2208,66.32,67.92,69.57719999999999,71.96,64.0,63.599999999999994,71.0,63.0,0.943857698721512,0.8754863813229573
I66_EB,110-04181,2208,63.63,65.59649999999999,67.8086,70.32,61.0,62.6,71.0,63.0,0.9328284982935153,0.8959044368600684
I66_EB,110-04182,2208,62.729499999999994,64.7955,67.08809999999997,69.25,61.0,61.525,71.0,75.0,0.9356750902527077,1.0830324909747293
I66_EB,110-04183,2208,67.5295,69.369,70.79,72.86,65.0,65.82,71.0,75.0,0.9520861926983255,1.0293713972001097
I66_EB,110-04184,2208,68.11,69.71,70.9286,72.59,66.0,66.375,71.0,75.0,0.960325113652018,1.0332001653120264
I66_EB,110-04185,2208,66.8995,68.59,70.23509999999999,72.53,64.0,65.455,71.0,75.0,0.9456776506273267,1.0340548738453055
I66_EB,110-04186,2208,69.36,70.46,71.3765,73.26,67.0,66.78,71.0,75.0,0.9617799617799616,1.0237510237510237
I66_EB,110N04162,2208,51.72,54.3095,56.65369999999998,60.46,52.0,48.455,71.0,63.0,0.89827158451869,1.0420112471055243
I66_EB,110N04164,2208,56.89,59.106500000000004,61.24579999999999,65.99,56.0,52.75,71.0,75.0,0.8956887407182907,1.136535838763449
I66_EB,110N04165,2208,59.22,61.37,63.1093,67.38,56.0,53.724999999999994,71.0,75.0,0.910804392994954,1.1130899376669636
I66_EB,110N04166,2208,62.789,64.6765,66.31859999999999,72.32,59.0,59.365,71.0,75.0,0.8943100110619471,1.0370575221238938
I66_EB,110N04167,2208,62.549499999999995,64.476,65.9093,70.73,61.0,60.0,71.0,75.0,0.911579245016259,1.0603704227343418
I66_EB,110N04168,2208,63.05,64.89,66.18,68.7,61.0,60.45,71.0,75.0,0.9445414847161572,1.0917030567685588
I66_EB,110N04169,2208,65.27,66.7765,67.97,71.04,64.0,62.41,71.0,75.0,0.9399845157657657,1.0557432432432432
I66_EB,110N04170,2208,66.1695,67.56649999999999,68.8993,71.77,64.0,61.870000000000005,71.0,75.0,0.9414309600111467,1.0450048766894247
I66_EB,110N04171,2208,66.1295,67.69,69.09859999999999,71.23,64.0,63.254999999999995,71.0,75.0,0.9503018391127334,1.052927137442089
I66_EB,110N04173,2208,65.12,67.39,68.97579999999999,71.0,62.0,62.015,71.0,75.0,0.9491549295774648,1.056338028169014
I66_EB,110N04174,2208,67.11,68.4795,69.5893,71.24,65.0,63.84,71.0,75.0,0.9612507018528917,1.0527793374508703
I66_EB,110N04175,2208,62.12,64.583,66.3993,69.52,60.0,59.86,71.0,75.0,0.9289844649021864,1.0788262370540853
I66_EB,110N04176,2208,65.31949999999999,67.19,68.8879,71.06,62.0,64.35,71.0,75.0,0.9455389811426963,1.0554461018857304
I66_EB,110N04178,2208,66.89,68.72,70.2379,71.38,64.0,65.255,71.0,63.0,0.9627346595685067,0.8826001681143177
I66_EB,110N04179,2208,66.51,68.35300000000001,69.93719999999999,70.6,63.0,64.32,71.0,63.0,0.9681728045325781,0.8923512747875355
I66_EB,110N04180,2208,66.6195,68.533,69.97579999999999,71.47,65.0,63.775,71.0,63.0,0.9589058346159228,0.881488736532811
I66_EB,110N04181,2208,65.5195,67.0865,68.91439999999999,71.12,63.0,62.91,71.0,63.0,0.9432859955005624,0.8858267716535433
I66_EB,110N04182,2208,64.45,66.45,68.7786,70.59,63.0,62.055,71.0,75.0,0.9413514662133446,1.062473438164046
I66_EB,110N04183,2208,64.77,67.1665,68.98,72.11,62.0,63.345,71.0,75.0,0.9314450145610872,1.0400776591318819
I66_EB,110N04184,2208,68.5295,70.1795,71.6365,74.19,66.0,66.255,71.0,75.0,0.9459428494406255,1.0109179134654267
I66_EB,110N04185,2208,69.4395,70.38,71.52579999999999,72.73,68.0,66.64500000000001,71.0,75.0,0.9676887116733122,1.0312113295751408
I66_EB,110N04186,2208,68.86,69.86,70.70859999999999,72.01,67.0,66.0,71.0,75.0,0.9701430356894875,1.0415220108318288
I66_EB,110N04187,2208,71.19,72.2465,73.37859999999999,75.43,70.0,67.87,71.0,75.0,0.957795306907066,0.994299350391091
I66_EB,110P58625,2208,72.0,72.32,73.52,75.0,72.0,71.44999999999999,71.0,69.0,0.9642666666666666,0.92
I66_EB,110P58626,2208,72.73,74.0,74.13,76.0,74.0,72.935,71.0,75.0,0.9736842105263158,0.9868421052631579
I66_EB,110P58629,2208,71.0,71.79,73.10579999999999,75.46,71.0,70.0,71.0,63.0,0.9513649615690434,0.8348794063079779
I66_EB,110P58636,2208,67.12,68.766,70.59,75.0,66.0,63.935,71.0,69.0,0.91688,0.92
I66_WB,110+04164,2208,51.92,53.4065,55.61719999999999,63.52,47.0,47.54,70.93,63.0,0.8407824307304785,0.9918136020151133
I66_WB,110+04165,2208,56.43,58.0865,60.58509999999999,62.53,53.0,50.855000000000004,70.93,75.0,0.9289381097073405,1.1994242763473533
I66_WB,110+04166,2208,60.3,61.7,63.8593,68.23,59.0,55.11,70.93,75.0,0.9042942986955884,1.0992232155943134
I66_WB,110+04167,2208,61.86,63.6565,65.99719999999999,69.44,61.0,59.995000000000005,70.93,75.0,0.9167122695852535,1.080069124423963
I66_WB,110+04169,2208,63.34,65.173,66.97089999999999,72.06,62.0,60.99,70.93,75.0,0.9044268665001388,1.0407993338884263
I66_WB,110+04173,2208,63.83,65.1795,67.1165,69.44,62.0,61.504999999999995,70.93,75.0,0.9386448732718895,1.080069124423963
I66_WB,110+04174,2208,63.369499999999995,64.99300000000001,66.78439999999999,71.04,63.0,59.365,70.93,75.0,0.9148789414414414,1.0557432432432432
I66_WB,110+04175,2208,64.36,65.6665,67.3972,72.13,63.0,61.215,70.93,75.0,0.9103909607652849,1.0397892693747401
I66_WB,110+04176,2208,66.6895,68.1365,69.32929999999999,70.32,64.0,65.595,70.93,75.0,0.9689490898748578,1.066552901023891
I66_WB,110+04178,2208,66.33,67.7165,69.1565,70.58,63.0,65.32499999999999,70.93,63.0,0.9594290167186171,0.8926041371493341
I66_WB,110+04179,2208,65.2295,66.71,68.15719999999999,70.58,62.0,64.185,70.93,69.0,0.9451686030036837,0.9776140549730802
I66_WB,110+04180,2208,66.16,67.7765,69.1172,71.77,64.0,64.11,70.93,63.0,0.9443569736658771,0.8778040964191167
I66_WB,110+04181,2208,67.44,68.8665,70.1193,71.87,64.0,65.06,70.93,63.0,0.9582092667315987,0.8765827187978293
I66_WB,110+04182,2208,66.25,67.62,69.09719999999999,70.92,64.0,64.745,70.93,69.0,0.9534686971235194,0.9729272419627749
I66_WB,110+04183,2208,66.11,67.77,69.6458,73.33,63.0,63.92,70.93,75.0,0.9241783717441702,1.0227737624437474
I66_WB,110+04184,2208,67.56,68.98,70.19,72.32,65.0,65.68,70.93,75.0,0.9538163716814161,1.0370575221238938
I66_WB,110+04185,2208,67.86,69.4265,70.46,72.16,65.0,65.73,70.93,75.0,0.9621189024390245,1.0393569844789357
I66_WB,110+04186,2208,65.58,67.5165,69.2593,72.05,62.0,63.53,70.93,75.0,0.9370784177654407,1.040943789035392
I66_WB,110+04187,2208,68.65,69.42,70.42790000000001,71.64,67.0,65.1,70.93,75.0,0.9690117252931324,1.0469011725293131
I66_WB,110-58625,2208,71.0,71.6795,73.4486,76.19,71.0,70.78999999999999,70.93,75.0,0.9407993174957344,0.9843811523822025
I66_WB,110-58626,2208,72.0,73.0,73.7579,75.8,73.0,69.82499999999999,70.93,75.0,0.9630606860158312,0.9894459102902375
I66_WB,110-58627,2208,71.13,72.26,73.5993,75.46,71.0,69.0,70.93,69.0,0.9575934269811822,0.9143917307182614
I66_WB,110-58628,2208,71.46,72.5265,73.78089999999999,75.0,72.0,69.64,70.93,69.0,0.96702,0.92
I66_WB,110-58629,2208,70.93,71.46,72.58579999999999,73.46,71.0,69.44999999999999,70.93,69.0,0.9727742989381977,0.9392866866321808
I66_WB,110-58630,2208,71.72,72.53,73.66,75.0,72.0,70.0,70.93,75.0,0.9670666666666666,1.0
I66_WB,110-58631,2208,71.0,71.9165,73.0,75.06,71.0,69.59,70.93,75.0,0.9581201705302425,0.9992006394884092
I66_WB,110-58632,2208,70.45,71.59,72.9479,74.84,70.0,69.265,70.93,75.0,0.956574024585783,1.0021378941742383
I66_WB,110-58633,2208,70.509,71.4,72.9258,75.53,71.0,68.8,70.93,75.0,0.9453197405004634,0.992982920693764
I66_WB,110-58634,2208,70.66,71.39,72.65509999999999,74.19,71.0,68.92500000000001,70.93,75.0,0.9622590645639575,1.0109179134654267
I66_WB,110N58625,2208,71.0,71.79,73.4686,75.66,71.0,70.28999999999999,70.93,72.0,0.9488501189532118,0.9516256938937352
I66_WB,110N58626,2208,71.06,72.0,73.2586,75.73,72.0,68.57,70.93,75.0,0.9507460715700514,0.9903604912188035
I66_WB,110N58629,2208,71.79,72.46,74.1386,76.39,72.0,70.23,70.93,63.0,0.9485534755858096,0.8247152768687
I66_WB,110N58631,2208,70.8,71.59,73.0,75.06,71.0,69.07499999999999,70.93,75.0,0.9537703170796696,0.9992006394884092
I66_WB,110N58636,2208,66.98949999999999,68.73,71.0,75.0,66.0,66.0,70.93,75.0,0.9164000000000001,1.0
I66_WB,110P04162,2208,49.66,51.45,53.90879999999998,57.82,51.0,43.459999999999994,70.93,63.0,0.8898305084745763,1.089588377723971
I66_WB,110P04164,2208,54.48,55.89,57.99649999999999,61.31,53.0,49.105000000000004,70.93,75.0,0.9115968031316262,1.2232914695808188
I66_WB,110P04165,2208,56.9,58.4465,60.7793,64.05,53.0,51.545,70.93,75.0,0.9125136612021858,1.17096018735363
I66_WB,110P04166,2208,62.0695,63.43,65.76,68.55,59.0,58.105000000000004,70.93,75.0,0.925309992706054,1.0940919037199126
I66_WB,110P04167,2208,63.7095,65.4465,67.51019999999997,70.45,63.0,60.97,70.93,75.0,0.9289779985805535,1.0645848119233499
I66_WB,110P04168,2208,63.6695,65.38,67.79019999999997,71.0,63.0,60.65,70.93,75.0,0.9208450704225352,1.056338028169014
I66_WB,110P04170,2208,63.229,65.239,67.43439999999998,69.59,62.0,60.974999999999994,70.93,75.0,0.9374766489438138,1.0777410547492454
I66_WB,110P04171,2208,62.83,65.0,67.0765,70.23,62.0,60.955,70.93,75.0,0.9255304001139114,1.0679196924391285
I66_WB,110P04173,2208,65.56,66.763,68.5486,72.68,63.0,61.724999999999994,70.93,75.0,0.9185883324160704,1.031920748486516
I66_WB,110P04174,2208,62.949000000000005,64.58,67.2393,71.19,62.0,58.815,70.93,75.0,0.907149880601208,1.053518752633797
I66_WB,110P04175,2208,65.5795,66.7965,68.37859999999999,70.13,65.0,62.86,70.93,75.0,0.9524668472836161,1.0694424639954372
I66_WB,110P04177,2208,64.81949999999999,66.616,68.24579999999999,70.31,63.0,63.8,70.93,75.0,0.9474612430664201,1.066704593941118
I66_WB,110P04178,2208,65.73,67.38,68.49719999999999,70.96,63.0,64.815,70.93,63.0,0.9495490417136415,0.8878241262683203
I66_WB,110P04179,2208,66.87,68.25,69.84649999999999,71.95,64.0,64.54499999999999,70.93,63.0,0.9485753995830437,0.8756080611535788
I66_WB,110P04180,2208,66.19,67.7165,69.0272,71.59,64.0,63.885000000000005,70.93,63.0,0.9458932811845229,0.8800111747450761
I66_WB,110P04181,2208,66.86,68.3265,69.76719999999999,72.36,64.0,64.55,70.93,63.0,0.9442578772802653,0.8706467661691543
I66_WB,110P04182,2208,67.1,68.559,70.34719999999999,73.05,65.0,64.375,70.93,63.0,0.9385215605749486,0.8624229979466119
I66_WB,110P04183,2208,67.279,68.91,70.2586,73.2,65.0,65.33500000000001,70.93,75.0,0.9413934426229508,1.0245901639344261
I66_WB,110P04184,2208,68.15,69.52,70.83,74.46,65.0,65.2,70.93,75.0,0.9336556540424389,1.0072522159548751
I66_WB,110P04185,2208,66.31,67.99,69.7893,71.73,65.0,64.06,70.93,75.0,0.9478600306705701,1.0455876202425762
I66_WB,110P04186,2208,68.23,69.013,69.91579999999999,73.59,66.0,64.49,70.93,75.0,0.9378040494632424,1.019160211985324
I66_WB,110P04187,2208,69.97,70.77,71.67790000000001,74.06,68.0,65.42500000000001,70.93,75.0,0.9555765595463137,1.0126924115581961
