link_id,corridor,tmc_code,lanes,has_queue,restarted,identifiable_bins,unidentifiable_bins,queue_peak_meas_veh,queue_peak_fitted_veh,residual_rmse_veh,residual_mae_veh,residual_max_veh,lambda_mean_vph,lambda_peak_vph,lambda_over_mu_peak,end_of_day_queue_veh
25785,I66_WB,110P04171,4,False,False,0,96,0.0,0.0,0.0,0.0,0.0,,,,0.0
25946,I66_WB,110+04164,3,False,False,0,96,0.0,0.0,0.0,0.0,0.0,,,,0.0
25947,I66_EB,110N04162,2,False,False,0,96,0.0,0.0,0.0,0.0,0.0,,,,0.0
25966,I66_WB,110+04166,2,True,True,4,92,11.320885524107307,11.832209944230044,0.406969401484277,0.06508869432739812,3.644244572717963,3946.621607042209,4000.0000099909084,1.0129593211440404,2.19371383991529e-06
25972,I66_WB,110+04165,2,False,False,0,96,0.0,0.0,0.0,0.0,0.0,,,,0.0
26055,I66_WB,110P04167,2,True,False,6,90,60.9481113955299,63.33969491468281,3.710935709174861,0.5176796418324376,35.52691596105858,3651.290081015654,4000.469229564434,1.0587740121302265,0.0
26101,I66_WB,110P04168,3,True,False,8,88,27.05091465059928,27.641865171171276,1.0398050874044822,0.18828115049497215,9.52587373074388,5625.308102743111,6000.09646594709,1.015172986780612,0.0
26177,I66_WB,110P04170,3,False,False,0,96,0.0,0.0,0.0,0.0,0.0,,,,0.0
26269,I395_NB,110P04127,3,False,False,0,96,0.0,0.0,0.0,0.0,0.0,,,,0.0
26271,I395_NB,110P04127,3,False,False,0,96,0.0,0.0,0.0,0.0,0.0,,,,0.0
26274,I395_NB,110+04670,3,False,False,0,96,0.0,0.0,0.0,0.0,0.0,,,,0.0
26297,I395_NB,110P04128,3,True,False,34,62,36.45451211445384,31.100025371577885,1.829867862955356,0.7351079642567928,8.354372513707975,5215.7522796933345,5755.671483232607,1.0115673514506731,0.0
26299,I66_WB,110P04166,3,True,False,10,86,11.521737209631365,4.9723013072512,1.6567939165753218,0.3171356416757722,11.521737209631365,5843.299163277598,6000.022474459593,1.0036594113829365,0.0
26304,I66_WB,110P04164,2,False,False,0,96,0.0,0.0,0.0,0.0,0.0,,,,0.0
26313,I66_WB,110P04162,2,False,False,0,96,0.0,0.0,0.0,0.0,0.0,,,,0.0
26354,I66_WB,110P04165,2,False,False,0,96,0.0,0.0,0.0,0.0,0.0,,,,0.0
26359,I66_WB,110+04167,3,True,False,12,84,112.10518032282442,112.50310736762731,5.226188986826725,1.1763161069149326,35.58825476665803,5409.958955331848,6077.050665412099,1.0344677645104503,0.0
26370,I66_WB,110+04169,3,True,False,19,77,253.89332386847684,272.01246563905534,10.651072210079763,4.124896434742042,58.14050586642555,5480.032896226439,6052.724133679154,1.1127610349023414,0.0
26380,I66_WB,110+04166,2,True,True,4,92,76.6336866247264,78.75514543023576,1.0467442128160136,0.20742882996402412,6.7261922980944995,3687.2811598488975,4057.1611753909174,1.0666054849072808,0.0
26423,I395_NB,110+04126,4,False,False,0,96,0.0,0.0,0.0,0.0,0.0,,,,0.0
26424,I395_NB,110+04127,4,False,False,0,96,0.0,0.0,0.0,0.0,0.0,,,,0.0
26469,I395_NB,110P04130,6,True,False,64,32,178.020759091885,170.05043523180984,5.124619678454603,3.254702909206022,15.923797552080924,10171.333533750372,11674.469257430315,1.024076250651782,0.0
26471,I395_SB,110N04129,3,False,False,0,96,0.0,0.0,0.0,0.0,0.0,,,,0.0
26501,I395_NB,110+04130,3,True,False,58,38,66.80635484539062,62.937625145307265,2.2620249851136167,1.30270357736379,7.588055898699442,4948.020410068294,5702.374039487346,1.006905141035236,0.0
26684,I395_SB,110-04127,3,False,False,0,96,0.0,0.0,0.0,0.0,0.0,,,,0.0
26699,I395_SB,110N04127,3,True,False,16,80,15.051011881748082,14.405512237382709,0.4525300238092059,0.1410849371799894,2.958901014969055,5369.859186691523,5700.000000103342,1.0074412754542088,1.3328644854482263e-09
26708,I395_NB,110+04125,4,False,False,0,96,0.0,0.0,0.0,0.0,0.0,,,,0.0
26712,I395_SB,110N04130,6,False,False,0,96,0.0,0.0,0.0,0.0,0.0,,,,0.0
26756,I395_NB,110P04124,4,True,False,11,85,34.08693663304662,34.118067044099234,2.3064025193668938,0.4276742096097,21.453966773950448,7227.802393002622,7600.0827881928,1.0098870135496207,0.0
26759,I395_SB,110N04124,4,True,False,14,82,41.92455785904589,40.13964005213347,2.191926626025215,0.4584398794772567,19.94993319753803,7179.0535109546945,7602.137329090669,1.0154704439139817,0.0
26761,I395_NB,110P04125,4,False,False,0,96,0.0,0.0,0.0,0.0,0.0,,,,0.0
26764,I395_SB,110-04124,4,True,False,14,82,38.82189623891092,37.287146625717924,1.9460219464554442,0.3980692752185567,17.94917473118093,7155.4411980621635,7600.057706455003,1.0151156717580039,0.0
26768,I395_NB,110P04125,4,False,False,0,96,0.0,0.0,0.0,0.0,0.0,,,,0.0
26772,I395_SB,110N04125,4,True,False,14,82,30.273407760693573,30.29446146944474,1.4184248377820468,0.3166731931487736,12.541880440927788,7403.77744511535,7600.002056570046,1.0111987600762984,2.2737367544323206e-13
26776,I395_SB,110N04125,4,True,False,14,82,32.90587800075388,32.92876238280974,1.5417661280239727,0.34420998964744404,13.6324787401389,7403.554871049741,7600.0,1.012172565312178,0.0
26778,I395_NB,110P04126,4,False,False,0,96,0.0,0.0,0.0,0.0,0.0,,,,0.0
26781,I395_SB,110-04125,4,True,False,15,81,10.684698166357608,10.472577262617506,0.6859461367589734,0.15877346061810468,4.684778580400137,7380.183454972415,7600.0,1.0040211899526172,0.0
26785,I395_NB,110+04127,4,False,False,0,96,0.0,0.0,0.0,0.0,0.0,,,,0.0
26788,I395_SB,110N04126,4,True,False,17,79,79.38946160439944,76.24807325445204,3.4013884583834026,0.9632924994822357,28.73718080800738,7017.40132884528,7600.0598780760665,1.0167378515158436,0.0
26792,I395_SB,110N04126,4,True,False,17,79,6.963987860035042,6.753891463628634,0.290939861060343,0.07947592358146842,2.520805334035736,7055.279187156452,7600.003983282575,1.0015661172819834,0.0
26796,I395_SB,110-04126,4,True,False,19,77,162.2997135557327,154.8186212659616,3.5298390883532966,0.9148160333498225,28.158756279576597,6707.093455580722,7600.417177071486,1.0263137404835254,0.0
26799,I395_SB,110N04127,3,True,False,16,80,36.12242851619538,34.57322926201641,1.0860720571420868,0.33860384677115113,7.101362435925732,5374.074653674804,5700.001980534714,1.0178590608980036,0.0
26810,I395_SB,110N04127,4,True,False,16,80,50.17003960582693,48.018374107298996,1.508433412697335,0.4702831242006947,9.863003383230176,7165.8335181007105,7600.001803932409,1.0186031886354867,0.0
26814,I395_SB,110N04127,4,True,False,16,80,24.081619010796924,23.048819548022266,0.7240480380947142,0.22573590013634637,4.734241623950488,7160.656507321454,7600.189983950602,1.0089295304792107,0.0
26821,I395_SB,110N04127,3,True,False,16,80,12.040809505398462,11.524409740287638,0.3620240190473535,0.11286794815429563,2.367120811975244,5368.70069096994,5699.999999999999,1.0059530202907794,0.0
26824,I395_SB,110N04670,3,False,False,0,96,0.0,0.0,0.0,0.0,0.0,,,,0.0
26825,I395_NB,110+04129,3,True,False,38,58,65.19138903891505,58.58183808188846,2.5837982422559613,1.1650974073851152,10.272826549540227,5007.727360499342,5700.000000000001,1.0154674536548787,0.0
26829,I395_SB,110N04128,3,False,False,0,96,0.0,0.0,0.0,0.0,0.0,,,,0.0
26833,I395_SB,110-04128,3,False,False,0,96,0.0,0.0,0.0,0.0,0.0,,,,0.0
27878,I395_NB,110+04124,4,True,False,17,79,36.701302656956734,35.965445041822704,2.316849468357159,0.670188597360757,17.683297997393435,6494.50389407732,7626.297484090513,1.0088159711956817,0.0
28025,I395_NB,110+04123,4,True,False,12,84,154.2065369479427,137.84471615787493,8.85884825541081,2.424742806065541,69.9949016288146,7352.919559085144,7600.154603897621,1.0457365147836715,0.0
28270,I395_NB,110P04122,4,True,False,9,87,50.53045107041518,47.925484261014844,3.056897658337488,0.44041850254258574,29.39043110129514,7270.836886792659,7600.000022352455,1.0171344253154178,2.268496700708056e-06
28275,I395_NB,110P04122,4,True,False,9,87,23.15979007394029,23.33230149062115,1.3851963885124807,0.18018301960488256,13.470614254760267,7434.536078302954,7600.0,1.0074986397576178,0.0
28279,I395_SB,110N04122,4,False,False,0,96,0.0,0.0,0.0,0.0,0.0,,,,0.0
28283,I395_SB,110N04122,4,False,False,0,96,0.0,0.0,0.0,0.0,0.0,,,,0.0
28285,I395_NB,110P04123,4,True,False,12,84,80.29138077313456,78.93650136930046,4.258593671681107,0.848519671782839,38.605585045760485,7108.9859886737795,7600.053586338346,1.021113098231064,0.0
28289,I395_SB,110-04122,4,True,False,15,81,125.40506476879295,120.87372366641057,5.376817953061465,1.9052967824734992,28.644336538876814,7183.1914182786395,7714.577346155507,1.0304435443749485,0.0
28294,I395_NB,110+04124,4,True,False,17,79,9.515152540692489,9.379868689339219,0.6789223211330394,0.15774716177347894,4.584558740064964,7023.645690975501,7600.016017467969,1.002665260682776,0.0
28298,I395_SB,110N04123,4,True,False,14,82,71.80097102446261,68.70175336326633,1.9104419935750983,0.482130797266648,15.529084879868073,7070.898542379121,7600.001988546011,1.0238767419744792,0.0
28302,I395_SB,110N04123,4,True,False,14,82,50.78605267583941,48.6317684649448,1.338459271992926,0.33511589417426824,10.983986866248156,7117.364063384465,7600.072817752535,1.0168687399688623,0.0
28303,I395_NB,110P04124,4,True,False,11,85,30.191286732127008,30.254496774016843,2.041433916171797,0.3769793316625991,19.002084856927542,7051.797047137675,7600.0724636380155,1.0087760206636378,0.0
28307,I395_SB,110-04123,4,True,False,13,83,36.39833653686567,36.441083216740026,2.0727103946085847,0.4968041507766834,17.573107436895743,7214.30454997072,7603.196425137788,1.0124397669023661,0.0
28312,I395_SB,110N04124,4,True,False,14,82,46.41647477251509,44.71622844961644,2.4493873643136848,0.5224068357384996,22.087426040131383,7172.213247105642,7602.622627531209,1.0168208545100905,0.0
28705,I66_WB,110+04173,4,False,False,0,96,0.0,0.0,0.0,0.0,0.0,,,,0.0
28712,I395_NB,110+04122,4,False,False,0,96,0.0,0.0,0.0,0.0,0.0,,,,0.0
28724,I395_NB,110+04122,3,False,False,0,96,0.0,0.0,0.0,0.0,0.0,,,,0.0
29007,I395_NB,110+04121,4,True,False,52,44,108.85953088491118,107.22008260312396,4.3024483218957155,1.965539492239113,28.21291026705956,6938.085536681433,8000.918991517621,1.0138679249912028,0.0
29361,I395_NB,110P04120,4,True,False,32,64,77.13544635021802,74.5036034404468,2.780874225681247,1.0482181463790916,14.573928963755668,7057.475240727585,7599.999999999251,1.0135780884220191,0.0
30296,I66_WB,110P04174,2,False,False,0,96,0.0,0.0,0.0,0.0,0.0,,,,0.0
30317,I66_WB,110N58636,2,False,False,0,96,0.0,0.0,0.0,0.0,0.0,,,,0.0
30949,I66_EB,110+58629,3,False,False,0,96,0.0,0.0,0.0,0.0,0.0,,,,0.0
31338,I66_EB,110N04175,2,False,False,0,96,0.0,0.0,0.0,0.0,0.0,,,,0.0
31343,I66_EB,110-04175,2,False,False,0,96,0.0,0.0,0.0,0.0,0.0,,,,0.0
31344,I66_EB,110+58635,4,False,False,0,96,0.0,0.0,0.0,0.0,0.0,,,,0.0
31346,I66_WB,110-58634,2,False,False,0,96,0.0,0.0,0.0,0.0,0.0,,,,0.0
31347,I66_EB,110-04175,2,False,False,0,96,0.0,0.0,0.0,0.0,0.0,,,,0.0
31348,I66_EB,110+58635,4,False,False,0,96,0.0,0.0,0.0,0.0,0.0,,,,0.0
31350,I66_WB,110-58634,2,False,False,0,96,0.0,0.0,0.0,0.0,0.0,,,,0.0
31351,I66_EB,110-04175,2,False,False,0,96,0.0,0.0,0.0,0.0,0.0,,,,0.0
31352,I66_WB,110-58633,2,False,False,0,96,0.0,0.0,0.0,0.0,0.0,,,,0.0
31353,I66_EB,110-04176,2,False,False,0,96,0.0,0.0,0.0,0.0,0.0,,,,0.0
31354,I66_WB,110+04178,4,True,False,25,71,17.639549353174537,17.586532725516463,0.6518327737641708,0.1629598699615311,5.726925447248472,6995.4544441683865,7599.926334173374,1.004634237011049,0.0
31355,I66_WB,110-58633,2,False,False,0,96,0.0,0.0,0.0,0.0,0.0,,,,0.0
31357,I66_EB,110-04177,4,False,False,0,96,0.0,0.0,0.0,0.0,0.0,,,,0.0
31358,I66_WB,110+04178,4,True,False,25,71,162.2838540492058,162.74088035279442,6.200031940564373,1.7628495394600148,52.68771411468594,6667.984102657542,7600.691541090239,1.0364182148929266,0.0
31359,I66_WB,110-58633,2,False,False,0,96,0.0,0.0,0.0,0.0,0.0,,,,0.0
31361,I66_EB,110-04177,4,False,False,0,96,0.0,0.0,0.0,0.0,0.0,,,,0.0
31362,I66_WB,110-58633,2,False,False,0,96,0.0,0.0,0.0,0.0,0.0,,,,0.0
31365,I66_WB,110-58632,2,False,False,0,96,0.0,0.0,0.0,0.0,0.0,,,,0.0
31368,I66_WB,110+04179,4,False,False,0,96,0.0,0.0,0.0,0.0,0.0,,,,0.0
31369,I66_WB,110-58632,2,False,False,0,96,0.0,0.0,0.0,0.0,0.0,,,,0.0
31371,I66_EB,110-04178,4,True,False,43,53,103.88568238359817,103.91752781366858,5.624678054918012,2.5425325280800517,30.593569133325893,7140.7759513580195,8000.53950625709,1.0196930050481317,0.0
31372,I66_WB,110+04179,4,False,False,0,96,0.0,0.0,0.0,0.0,0.0,,,,0.0
31373,I66_WB,110-58632,2,False,False,0,96,0.0,0.0,0.0,0.0,0.0,,,,0.0
31375,I66_EB,110+58633,4,False,False,0,96,0.0,0.0,0.0,0.0,0.0,,,,0.0
31376,I66_WB,110-58631,2,False,False,0,96,0.0,0.0,0.0,0.0,0.0,,,,0.0
31379,I66_WB,110N58631,2,False,False,0,96,0.0,0.0,0.0,0.0,0.0,,,,0.0
31381,I66_WB,110P04180,4,False,False,0,96,0.0,0.0,0.0,0.0,0.0,,,,0.0
31382,I66_EB,110+58632,4,False,False,0,96,0.0,0.0,0.0,0.0,0.0,,,,0.0
31383,I66_WB,110-58630,2,False,False,0,96,0.0,0.0,0.0,0.0,0.0,,,,0.0
31386,I66_WB,110-58629,2,False,False,0,96,0.0,0.0,0.0,0.0,0.0,,,,0.0
31388,I66_WB,110P04182,5,True,False,18,78,77.43334534881656,77.08061448069748,2.4184708086709668,0.4559872267001235,22.70453107257207,8544.098061166156,9500.018313293162,1.018098881452557,0.0
31392,I66_EB,110+58630,5,False,False,0,96,0.0,0.0,0.0,0.0,0.0,,,,0.0
31393,I66_EB,110+58631,4,False,False,0,96,0.0,0.0,0.0,0.0,0.0,,,,0.0
31395,I66_EB,110-04180,4,False,False,0,96,0.0,0.0,0.0,0.0,0.0,,,,0.0
31397,I66_WB,110-58630,2,False,False,0,96,0.0,0.0,0.0,0.0,0.0,,,,0.0
31398,I66_WB,110+04181,4,False,False,0,96,0.0,0.0,0.0,0.0,0.0,,,,0.0
31399,I66_EB,110N04182,2,False,False,0,96,0.0,0.0,0.0,0.0,0.0,,,,0.0
31403,I66_EB,110N04182,2,False,False,0,96,0.0,0.0,0.0,0.0,0.0,,,,0.0
31404,I66_WB,110+04183,2,True,False,21,75,21.713615861868263,20.449676345490616,0.4319397797930281,0.14323070911420965,3.1153622009884474,3477.6738644314605,4000.0,1.0089541035494116,0.0
31405,I66_WB,110-58628,4,False,False,0,96,0.0,0.0,0.0,0.0,0.0,,,,0.0
31406,I66_WB,110+04183,2,True,False,21,75,44.97820428529853,42.3600438084095,0.8947324009998376,0.2966921817715773,6.453250273476071,3503.7166510708503,4000.0,1.018547785869188,0.0
31407,I66_EB,110N04182,2,False,False,0,96,0.0,0.0,0.0,0.0,0.0,,,,0.0
31408,I66_EB,110P58629,4,False,False,0,96,0.0,0.0,0.0,0.0,0.0,,,,0.0
31409,I66_EB,110+58629,4,False,False,0,96,0.0,0.0,0.0,0.0,0.0,,,,0.0
31410,I66_EB,110-04182,2,True,False,12,84,11.051318289119036,11.160304863214378,0.806917120072843,0.13288669916472887,7.702111401862287,3879.87046913403,4000.0432540300526,1.005403344611908,0.0
31411,I66_WB,110+04183,2,True,False,21,75,23.26458842343028,21.910367500459643,0.4627926212068163,0.15346147367070379,3.3378880724876225,3479.4103524122634,4000.0,1.0095936823020135,0.0
31412,I66_WB,110-58628,4,False,False,0,96,0.0,0.0,0.0,0.0,0.0,,,,0.0
31413,I66_EB,110-04182,2,True,False,12,84,8.648857791484462,8.35975827177458,0.6484965120764256,0.12215684489186118,6.02773935797918,3992.2276830717115,4000.020853115044,1.0039774524833533,0.0
31414,I66_WB,110P04183,2,True,False,22,74,67.35027279701751,65.59155734833939,1.455665495981263,0.4542839730372525,11.045540908927814,3457.3700337332193,4022.784514005831,1.0241499923411133,0.0
31415,I66_EB,110N04183,2,True,False,12,84,25.93351445999613,25.452027054748328,1.622981275079489,0.3251653612431797,14.787841271195644,3936.6835873209943,4000.067975569293,1.0093185237543796,0.0
31416,I66_WB,110+04184,2,True,False,17,79,19.58445174834584,19.250093098420052,0.6856802977594533,0.1605234664042422,6.249330218807246,3707.1559129686016,4000.037619503156,1.007382363864228,0.0
31417,I66_WB,110-58628,3,False,False,0,96,0.0,0.0,0.0,0.0,0.0,,,,0.0
31418,I66_WB,110+04184,2,True,False,17,79,61.10348945483902,60.24018258993476,2.241928582743056,0.5660936092069223,19.4979102826786,3757.2595603002214,4010.767105469116,1.0191170862632632,0.0
31419,I66_EB,110-04183,2,True,False,12,84,31.53408902266746,28.572349465734305,1.8656168197176355,0.4911518987038624,14.726213148969563,3964.8675960772543,4000.3258475623134,1.0141587505974745,0.0
31420,I66_EB,110+58629,3,False,False,0,96,0.0,0.0,0.0,0.0,0.0,,,,0.0
31421,I66_EB,110+58629,3,False,False,0,96,0.0,0.0,0.0,0.0,0.0,,,,0.0
31422,I66_EB,110-04183,2,True,False,12,84,44.55903883637793,40.85175882052897,2.6647232676119295,0.6779897417427394,20.8087794496309,3968.7472994526483,4001.583079626789,1.0175880121708853,0.0
31423,I66_WB,110+04184,2,True,False,17,79,83.82145348292019,82.87124684659125,2.463491878692122,0.7907835848078494,16.462153290348027,3754.0736696622866,4036.785852416516,1.0222001714248392,0.0
31424,I66_WB,110-58628,3,False,False,0,96,0.0,0.0,0.0,0.0,0.0,,,,0.0
31425,I66_WB,110-58628,3,False,False,0,96,0.0,0.0,0.0,0.0,0.0,,,,0.0
31426,I66_WB,110+04184,2,True,False,17,79,52.486330685566855,51.70803714446481,1.9130753786145005,0.4814652767009006,16.748204986403415,3747.069413993942,4001.486576813348,1.0168009218159524,0.0
31427,I66_EB,110-04183,2,True,False,12,84,73.35103316142212,64.83890911856679,3.5952303286930793,1.155145752078043,21.2317995080277,3798.106852225696,4031.606278530257,1.029005999798648,0.0
31428,I66_EB,110+58629,3,False,False,0,96,0.0,0.0,0.0,0.0,0.0,,,,0.0
31429,I66_EB,110-04183,2,True,False,12,84,45.930086185189566,40.72982449100027,2.6860184883051015,0.6440570050026038,21.449049586542618,3791.9442263224737,4001.0948086324174,1.0196172085542583,0.0
31720,I66_EB,110P58636,3,False,False,0,96,0.0,0.0,0.0,0.0,0.0,,,,0.0
31724,I66_EB,110+58636,3,False,False,0,96,0.0,0.0,0.0,0.0,0.0,,,,0.0
31781,I66_EB,110+58635,4,False,False,0,96,0.0,0.0,0.0,0.0,0.0,,,,0.0
31785,I66_EB,110+58635,4,False,False,0,96,0.0,0.0,0.0,0.0,0.0,,,,0.0
31790,I66_EB,110+58634,4,False,False,0,96,0.0,0.0,0.0,0.0,0.0,,,,0.0
31795,I66_EB,110N04178,4,True,False,14,82,84.86117357417073,79.93751769993196,2.834690014127334,0.9064072036653537,16.214668027961125,7244.451784493886,7693.508415774948,1.0123037389177563,0.0
31800,I66_EB,110+58633,4,False,False,0,96,0.0,0.0,0.0,0.0,0.0,,,,0.0
31804,I66_EB,110N04179,4,True,False,38,58,325.71288128295055,331.3851050062003,12.35150614884876,6.0362741028174725,63.31883026039825,6978.775632543403,7631.026502138184,1.0544331712466066,0.0
31809,I66_EB,110+58631,4,False,False,0,96,0.0,0.0,0.0,0.0,0.0,,,,0.0
31818,I66_EB,110+58630,5,False,False,0,96,0.0,0.0,0.0,0.0,0.0,,,,0.0
31823,I66_EB,110+58630,4,False,False,0,96,0.0,0.0,0.0,0.0,0.0,,,,0.0
31829,I66_EB,110+58629,4,False,False,0,96,0.0,0.0,0.0,0.0,0.0,,,,0.0
31833,I66_EB,110+58629,3,False,False,0,96,0.0,0.0,0.0,0.0,0.0,,,,0.0
32029,I66_WB,110+04178,4,True,False,25,71,24.69536909444436,24.621145820882475,0.9125658832698335,0.22814380657892053,8.017695626147857,6966.478828416366,7600.0,1.0064879318646216,0.0
32031,I66_WB,110P04178,4,True,False,24,72,99.5611401556754,95.4130540018889,4.491410079599861,1.832656755489088,25.437104238663338,7454.637004106237,7670.788040984919,1.0168998208013815,0.0
32032,I66_WB,110+04179,4,False,False,0,96,0.0,0.0,0.0,0.0,0.0,,,,0.0
32034,I66_WB,110P04179,4,False,False,0,96,0.0,0.0,0.0,0.0,0.0,,,,0.0
32035,I66_WB,110+04180,4,False,False,0,96,0.0,0.0,0.0,0.0,0.0,,,,0.0
32037,I66_WB,110P04181,4,True,False,12,84,93.41592179168438,91.33031501837695,3.708746907896319,0.9447121623456725,23.398002147235502,7264.656530473348,7693.592008588942,1.0128365123226117,0.0
32038,I66_WB,110P04181,5,True,False,12,84,23.353980447921103,22.64086755274866,1.6792543177848742,0.29573343679595243,15.47176464812556,9081.62374514695,9501.544649330343,1.0051669422034215,0.0
32041,I66_WB,110-58629,3,False,False,0,96,0.0,0.0,0.0,0.0,0.0,,,,0.0
32042,I66_WB,110N58629,4,False,False,0,96,0.0,0.0,0.0,0.0,0.0,,,,0.0
32044,I66_WB,110-58628,3,False,False,0,96,0.0,0.0,0.0,0.0,0.0,,,,0.0
32045,I66_WB,110-58628,3,False,False,0,96,0.0,0.0,0.0,0.0,0.0,,,,0.0
32130,I66_WB,110+04174,2,False,False,0,96,0.0,0.0,0.0,0.0,0.0,,,,0.0
32133,I66_WB,110+04173,4,False,False,0,96,0.0,0.0,0.0,0.0,0.0,,,,0.0
32134,I66_WB,110P04173,4,False,False,0,96,0.0,0.0,0.0,0.0,0.0,,,,0.0
32136,I66_WB,110+04174,2,False,False,0,96,0.0,0.0,0.0,0.0,0.0,,,,0.0
32140,I66_WB,110+04173,4,False,False,0,96,0.0,0.0,0.0,0.0,0.0,,,,0.0
32141,I395_NB,110+04122,4,False,False,0,96,0.0,0.0,0.0,0.0,0.0,,,,0.0
32367,I66_EB,110+58629,3,False,False,0,96,0.0,0.0,0.0,0.0,0.0,,,,0.0
32368,I66_WB,110-58628,3,False,False,0,96,0.0,0.0,0.0,0.0,0.0,,,,0.0
32369,I66_WB,110-58628,3,False,False,0,96,0.0,0.0,0.0,0.0,0.0,,,,0.0
32370,I66_EB,110+58629,3,False,False,0,96,0.0,0.0,0.0,0.0,0.0,,,,0.0
32551,I66_WB,110P04174,2,False,False,0,96,0.0,0.0,0.0,0.0,0.0,,,,0.0
32552,I66_WB,110+04175,2,False,False,0,96,0.0,0.0,0.0,0.0,0.0,,,,0.0
32573,I66_WB,110P04175,2,False,False,0,96,0.0,0.0,0.0,0.0,0.0,,,,0.0
32581,I395_NB,110P04120,3,True,False,32,64,171.0394679939617,162.82719558895246,5.747700096489126,2.33534491439853,29.289757318595424,5095.000776202116,5700.09892477046,1.0323973035360863,0.0
32590,I395_SB,110N04120,3,False,False,0,96,0.0,0.0,0.0,0.0,0.0,,,,0.0
32611,I395_SB,110N04121,4,False,False,0,96,0.0,0.0,0.0,0.0,0.0,,,,0.0
32616,I395_SB,110-04121,4,False,False,0,96,0.0,0.0,0.0,0.0,0.0,,,,0.0
32619,I395_SB,110-04121,4,False,False,0,96,0.0,0.0,0.0,0.0,0.0,,,,0.0
32622,I395_NB,110+04122,4,False,False,0,96,0.0,0.0,0.0,0.0,0.0,,,,0.0
32624,I395_SB,110N04122,4,False,False,0,96,0.0,0.0,0.0,0.0,0.0,,,,0.0
32627,I395_SB,110-04121,4,False,False,0,96,0.0,0.0,0.0,0.0,0.0,,,,0.0
32843,I66_EB,110+58630,5,False,False,0,96,0.0,0.0,0.0,0.0,0.0,,,,0.0
32847,I66_WB,110-58629,1,False,False,0,96,0.0,0.0,0.0,0.0,0.0,,,,0.0
32848,I66_WB,110-58629,5,False,False,0,96,0.0,0.0,0.0,0.0,0.0,,,,0.0
32854,I66_WB,110N58631,2,False,False,0,96,0.0,0.0,0.0,0.0,0.0,,,,0.0
32866,I66_EB,110N04182,2,False,False,0,96,0.0,0.0,0.0,0.0,0.0,,,,0.0
32867,I66_WB,110P04182,2,True,False,18,78,44.45933704238272,44.26942205002831,1.3899467396254468,0.2628641930684325,13.036094395735155,3608.9860705124374,4000.6775137971563,1.024604280321388,0.0
32868,I66_WB,110+04182,5,True,False,15,81,56.28472273634961,55.68773238755375,2.764378898114163,0.659818439779837,23.793645128526386,9712.209810658218,10000.0,1.0123637045845246,0.0
32869,I66_EB,110N04181,5,False,False,0,96,0.0,0.0,0.0,0.0,0.0,,,,0.0
35757,I66_WB,110-58629,4,False,False,0,96,0.0,0.0,0.0,0.0,0.0,,,,0.0
35760,I66_EB,110-04181,1,False,False,0,96,0.0,0.0,0.0,0.0,0.0,,,,0.0
35765,I66_WB,110N58631,2,False,False,0,96,0.0,0.0,0.0,0.0,0.0,,,,0.0
35779,I66_EB,110N04176,2,False,False,0,96,0.0,0.0,0.0,0.0,0.0,,,,0.0
35786,I66_WB,110+04181,4,False,False,0,96,0.0,0.0,0.0,0.0,0.0,,,,0.0
35787,I66_EB,110N04180,4,True,False,14,82,58.538160750359005,60.190950969416235,2.0118862228047703,0.47199815453363136,17.06644902259695,7461.018058428405,7600.000000005337,1.0155056785338854,1.2298642104724422e-09
38163,I66_EB,110+58628,3,False,False,0,96,0.0,0.0,0.0,0.0,0.0,,,,0.0
38167,I66_EB,110+58628,3,False,False,0,96,0.0,0.0,0.0,0.0,0.0,,,,0.0
38189,I66_EB,110P58625,3,False,False,0,96,0.0,0.0,0.0,0.0,0.0,,,,0.0
38500,I66_EB,110+58626,4,False,False,0,96,0.0,0.0,0.0,0.0,0.0,,,,0.0
38749,I66_WB,110-58627,3,False,False,0,96,0.0,0.0,0.0,0.0,0.0,,,,0.0
38801,I66_WB,110-58627,3,False,False,0,96,0.0,0.0,0.0,0.0,0.0,,,,0.0
38954,I66_WB,110+04184,2,True,False,17,79,88.5217219025232,87.47000318615892,2.5467215182149294,0.8259291119774965,16.854753110727582,3788.5181332589586,4038.5411011756455,1.0228946735952336,0.0
38959,I66_WB,110N58625,3,False,False,0,96,0.0,0.0,0.0,0.0,0.0,,,,0.0
39007,I66_WB,110-58625,4,False,False,0,96,0.0,0.0,0.0,0.0,0.0,,,,0.0
39080,I66_WB,110-58628,3,False,False,0,96,0.0,0.0,0.0,0.0,0.0,,,,0.0
39139,I66_WB,110-58627,3,False,False,0,96,0.0,0.0,0.0,0.0,0.0,,,,0.0
39141,I66_WB,110+04184,2,True,False,17,79,32.118500867287175,31.60302665795632,1.1383701736133536,0.2754277727328493,10.248901558843883,3629.4681469482734,4000.458825194094,1.0113027727104287,0.0
39142,I66_EB,110-04183,2,True,False,12,84,75.40760418463958,66.65249308012358,3.657759485845921,1.1764202822969392,21.49237788326659,3795.4605385058185,4032.7940425077463,1.0294238072560637,0.0
39143,I66_EB,110+58629,3,False,False,0,96,0.0,0.0,0.0,0.0,0.0,,,,0.0
39145,I66_WB,110P04184,2,False,False,0,96,0.0,0.0,0.0,0.0,0.0,,,,0.0
39146,I66_EB,110-04183,2,True,False,12,84,30.848565348261648,27.334436682771866,1.8007658195371705,0.4351202328762774,14.406078080513698,3959.349174091242,4000.3476695865816,1.0133864377801933,0.0
39147,I66_EB,110N04184,2,True,False,13,83,44.67706986243635,43.06385633610739,1.058133842244313,0.2845456133985283,8.37948201900443,3738.5363434883197,4000.391745096389,1.0196907170611975,1.7051775671461655e-05
39148,I66_WB,110+04185,2,False,False,0,96,0.0,0.0,0.0,0.0,0.0,,,,0.0
39149,I66_WB,110-58626,3,False,False,0,96,0.0,0.0,0.0,0.0,0.0,,,,0.0
39150,I66_WB,110+04185,2,False,False,0,96,0.0,0.0,0.0,0.0,0.0,,,,0.0
39151,I66_EB,110-04184,2,True,False,9,87,39.987177639089424,35.81441353567516,1.7692721423651603,0.33669827952176395,15.97058299890927,3961.3155928761007,4002.26857329103,1.0209158004888228,0.0
39152,I66_EB,110+58628,3,False,False,0,96,0.0,0.0,0.0,0.0,0.0,,,,0.0
39153,I66_WB,110-58626,3,False,False,0,96,0.0,0.0,0.0,0.0,0.0,,,,0.0
39154,I66_WB,110+04185,2,False,False,0,96,0.0,0.0,0.0,0.0,0.0,,,,0.0
39156,I66_EB,110-04184,2,True,False,9,87,85.35724457574858,77.30138439787288,2.8707050531068403,0.8215145177912356,18.113953243619775,3957.7642287664057,4029.760169547583,1.033048032878929,0.0
39157,I66_EB,110+58627,3,False,False,0,96,0.0,0.0,0.0,0.0,0.0,,,,0.0
39158,I66_WB,110P04185,2,False,False,0,96,0.0,0.0,0.0,0.0,0.0,,,,0.0
39159,I66_EB,110N04185,2,False,False,0,96,0.0,0.0,0.0,0.0,0.0,,,,0.0
39161,I66_WB,110P04185,2,False,False,0,96,0.0,0.0,0.0,0.0,0.0,,,,0.0
39162,I66_EB,110N04185,2,False,False,0,96,0.0,0.0,0.0,0.0,0.0,,,,0.0
39163,I66_WB,110-58625,4,False,False,0,96,0.0,0.0,0.0,0.0,0.0,,,,0.0
39164,I66_WB,110+04186,2,False,False,0,96,0.0,0.0,0.0,0.0,0.0,,,,0.0
39165,I66_EB,110-04185,2,False,False,0,96,0.0,0.0,0.0,0.0,0.0,,,,0.0
39166,I66_EB,110+58626,4,False,False,0,96,0.0,0.0,0.0,0.0,0.0,,,,0.0
39167,I66_EB,110P58625,3,False,False,0,96,0.0,0.0,0.0,0.0,0.0,,,,0.0
39168,I66_EB,110N04186,2,False,False,0,96,0.0,0.0,0.0,0.0,0.0,,,,0.0
39170,I66_WB,110+04186,2,False,False,0,96,0.0,0.0,0.0,0.0,0.0,,,,0.0
39171,I66_WB,110N58625,3,False,False,0,96,0.0,0.0,0.0,0.0,0.0,,,,0.0
39173,I66_WB,110P04186,2,False,False,0,96,0.0,0.0,0.0,0.0,0.0,,,,0.0
39174,I66_EB,110N04186,2,False,False,0,96,0.0,0.0,0.0,0.0,0.0,,,,0.0
39175,I66_EB,110N04186,2,False,False,0,96,0.0,0.0,0.0,0.0,0.0,,,,0.0
39177,I66_WB,110+04187,2,False,False,0,96,0.0,0.0,0.0,0.0,0.0,,,,0.0
39179,I66_WB,110+04187,2,False,False,0,96,0.0,0.0,0.0,0.0,0.0,,,,0.0
39180,I66_EB,110N04186,2,False,False,0,96,0.0,0.0,0.0,0.0,0.0,,,,0.0
39183,I66_EB,110-04186,2,False,False,0,96,0.0,0.0,0.0,0.0,0.0,,,,0.0
39184,I66_WB,110+04187,2,False,False,0,96,0.0,0.0,0.0,0.0,0.0,,,,0.0
39208,I66_EB,110+58627,3,False,False,0,96,0.0,0.0,0.0,0.0,0.0,,,,0.0
39209,I66_EB,110P58626,4,False,False,0,96,0.0,0.0,0.0,0.0,0.0,,,,0.0
39211,I66_WB,110N58626,3,False,False,0,96,0.0,0.0,0.0,0.0,0.0,,,,0.0
39213,I66_WB,110-58625,4,False,False,0,96,0.0,0.0,0.0,0.0,0.0,,,,0.0
40894,I66_WB,110P04187,2,False,False,0,96,0.0,0.0,0.0,0.0,0.0,,,,0.0
40899,I66_EB,110N04187,2,False,False,0,96,0.0,0.0,0.0,0.0,0.0,,,,0.0
40900,I66_EB,110-04186,2,False,False,0,96,0.0,0.0,0.0,0.0,0.0,,,,0.0
40944,I66_EB,110-04185,2,False,False,0,96,0.0,0.0,0.0,0.0,0.0,,,,0.0
40960,I66_WB,110+04186,2,False,False,0,96,0.0,0.0,0.0,0.0,0.0,,,,0.0
40962,I66_EB,110-04185,2,False,False,0,96,0.0,0.0,0.0,0.0,0.0,,,,0.0
40966,I66_EB,110-04184,2,True,False,9,87,46.13905112202625,43.369432666442094,1.9302125259781546,0.29300667348416737,18.427595767972228,3703.6013482959756,3985.6901327742044,1.0234346254810838,0.0
40967,I66_WB,110+04185,2,False,False,0,96,0.0,0.0,0.0,0.0,0.0,,,,0.0
