link_id,corridor,tmc_code,source,episode_id,t0_min,T2_min,t3_min,P_h,vT2_mph,period_by_T2,onset_to_T2_h,T2_to_recovery_h,free_speed_mph,cutoff_mph
25966,I66_WB,110+04166,model,E1,862.4264994,870.0,897.7438192166667,0.5886219969444445,24.31361045019216,MD,0.12622501,0.4623969869444445,61.7,43.19
26055,I66_WB,110P04167,model,E1,473.1968159666667,495.0,543.0147190499999,1.1636317180555555,26.50907158082416,AM,0.36338640055555554,0.8002453175,65.4465,45.812549999999995
26101,I66_WB,110P04168,model,E1,457.94754631666666,495.0,555.5185728,1.626183774722222,22.875838070183068,AM,0.6175408947222223,1.00864288,65.38,45.76599999999999
26297,I395_NB,110P04128,model,E1,444.0518510666667,510.0,586.4838650999999,2.3738669005555555,18.876165115110606,AM,1.0991358155555555,1.274731085,58.1165,40.68155
26297,I395_NB,110P04128,model,E2,865.4572849,1050.0,1440.0,9.575711918333333,18.595046055760765,PM,3.075711918333333,6.5,58.1165,40.68155
26299,I66_WB,110P04166,model,E1,459.91236761666664,480.0,514.2173836666667,0.9050836008333333,32.95836634369889,AM,0.3347938730555556,0.5702897277777778,63.43,44.400999999999996
26359,I66_WB,110+04167,model,E1,461.0630636833333,480.0,525.2618779833333,1.0699802383333334,35.01456703025583,AM,0.31561560527777777,0.7543646330555556,63.6565,44.55955
26359,I66_WB,110+04167,model,E2,838.1812069,870.0,901.9152825666666,1.0622345944444445,24.804162898169878,MD,0.5303132183333333,0.5319213761111111,63.6565,44.55955
26370,I66_WB,110+04169,model,E1,443.46790031666666,495.0,587.77543795,2.4051256272222217,20.60105789492335,AM,0.8588683280555555,1.5462572991666665,65.173,45.6211
26370,I66_WB,110+04169,model,E2,831.4297402333334,885.0,909.7955138333333,1.3060962266666667,29.718104050119845,MD,0.8928376627777778,0.4132585638888889,65.173,45.6211
26469,I395_NB,110P04130,model,E1,370.73944846666666,945.0,1440.0,17.82100919222222,9.587140825871849,PM,9.57100919222222,8.25,52.147,36.5029
26501,I395_NB,110+04130,model,E1,387.4261511833334,1035.0,1440.0,17.542897480277777,9.612598425804478,PM,10.792897480277778,6.75,52.70299999999998,36.892099999999985
26699,I395_SB,110N04127,model,E1,908.4741732333333,1020.0,1440.0,8.858763779444445,21.64131205340081,PM,1.8587637794444443,7.0,60.8665,42.60655
26756,I395_NB,110P04124,model,E1,418.97790406666667,495.0,555.7575383999999,2.2796605722222223,35.6908031963892,AM,1.2670349322222223,1.01262564,67.23,47.061
26759,I395_SB,110N04124,model,E1,924.73543035,960.0,1110.1090336999998,3.089560055833333,28.007221212263854,PM,0.5877428275,2.501817228333333,62.2265,43.55855
26764,I395_SB,110-04124,model,E1,925.0913241,1050.0,1110.2462027833333,3.085914644722222,29.174047738883907,PM,2.081811265,1.0041033797222223,61.763000000000005,43.2341
26772,I395_SB,110N04125,model,E1,925.2962336666666,1050.0,1108.98122795,3.061416571388889,28.919445480550795,PM,2.0783961055555555,0.9830204658333334,63.78,44.646
26776,I395_SB,110N04125,model,E1,925.2962336666666,1050.0,1108.9812274166666,3.0614165625000003,28.91944552086251,PM,2.0783961055555555,0.9830204569444445,63.78,44.646
26781,I395_SB,110-04125,model,E1,924.9792247666667,960.0,1100.01760205,2.917306288055556,29.27286340538354,PM,0.5836795872222222,2.3336267008333333,65.3565,45.74954999999999
26788,I395_SB,110N04126,model,E1,898.8257553333333,960.0,1440.0,9.019570744444444,28.996518973310366,PM,1.0195707444444444,8.0,65.73,46.011
26792,I395_SB,110N04126,model,E1,898.24288155,960.0,1440.0,9.0292853075,28.838774673474756,PM,1.0292853075,8.0,65.73,46.011
26796,I395_SB,110-04126,model,E1,882.36268115,945.0,1440.0,9.293955314166668,20.983549031136846,PM,1.0439553141666666,8.25,66.12,46.284
26799,I395_SB,110N04127,model,E1,908.4741732666666,1020.0,1440.0,8.858763778888889,21.641312096847273,PM,1.8587637788888889,7.0,60.8665,42.60655
26810,I395_SB,110N04127,model,E1,908.4741732333333,1020.0,1440.0,8.858763779444445,21.641312058428404,PM,1.8587637794444443,7.0,60.8665,42.60655
26814,I395_SB,110N04127,model,E1,908.4741732666666,1020.0,1440.0,8.858763778888889,21.64131207263673,PM,1.8587637788888889,7.0,60.8665,42.60655
26821,I395_SB,110N04127,model,E1,908.4741732833334,1020.0,1440.0,8.858763778611111,21.641312113448382,PM,1.8587637786111113,7.0,60.8665,42.60655
26825,I395_NB,110+04129,model,E1,430.8682785333333,510.0,598.1789888333333,2.7885118383333336,17.522100509854152,AM,1.3188620244444447,1.469649813888889,55.654,38.9578
26825,I395_NB,110+04129,model,E2,849.3093361499999,1050.0,1440.0,9.844844397500001,13.409555519980284,PM,3.3448443974999997,6.5,55.654,38.9578
27878,I395_NB,110+04124,model,E1,417.70473761666665,495.0,556.1056734833332,2.3066822644444445,29.80287000388015,AM,1.2882543730555556,1.018427891388889,67.18950000000001,47.032650000000004
27878,I395_NB,110+04124,model,E2,1049.0619781666667,1065.0,1084.9396245,0.5979607722222223,42.87173447921059,PM,0.2656336972222222,0.33232707499999997,67.18950000000001,47.032650000000004
28025,I395_NB,110+04123,model,E1,415.11587303333334,495.0,566.8690275833334,2.5292192425,28.11173372174213,AM,1.331402116111111,1.197817126388889,67.2765,47.09354999999999
28270,I395_NB,110P04122,model,E1,431.93218908333336,525.0,544.3784401,1.874104183611111,35.266645707473415,AM,1.5511301819444445,0.3229740016666667,67.84649999999999,47.492549999999994
28275,I395_NB,110P04122,model,E1,432.28368489999997,525.0,544.0168609,1.8622196,34.243706810319075,AM,1.5452719183333334,0.31694768166666665,67.84649999999999,47.492549999999994
28285,I395_NB,110P04123,model,E1,416.77571445,495.0,570.3129582833334,2.5589540638888892,28.62608221154535,AM,1.3037380925,1.2552159713888889,65.6195,45.93365
28289,I395_SB,110-04122,model,E1,914.4883082333333,945.0,1068.93007035,2.5740293686111113,39.27704204364603,PM,0.5085281961111111,2.0655011725,65.70649999999999,45.99454999999999
28294,I395_NB,110+04124,model,E1,417.46411946666666,495.0,556.56130995,2.3182865080555555,29.704499736675093,AM,1.2922646755555556,1.0260218325000001,67.18950000000001,47.032650000000004
28294,I395_NB,110+04124,model,E2,1046.5360585166666,1065.0,1109.3330715666666,1.0466168841666668,37.6231605523622,PM,0.30773235805555554,0.7388845261111111,67.18950000000001,47.032650000000004
28298,I395_SB,110N04123,model,E1,909.2841532333333,945.0,1089.7097959666667,3.0070940455555557,25.434107322585024,PM,0.5952641127777777,2.4118299327777777,64.6065,45.224549999999994
28302,I395_SB,110N04123,model,E1,909.2897367500001,945.0,1090.0008120833334,3.0118512555555554,25.422102770260334,PM,0.5951710541666667,2.416680201388889,64.6065,45.224549999999994
28303,I395_NB,110P04124,model,E1,418.95743684999997,495.0,555.8282004333333,2.2811793930555555,35.671068453009205,AM,1.2673760525,1.0138033405555555,67.23,47.061
28307,I395_SB,110-04123,model,E1,925.2795672166667,960.0,1095.3947652333334,2.8352533002777776,28.09573804791023,PM,0.5786738797222222,2.2565794205555556,62.59,43.813
28312,I395_SB,110N04124,model,E1,924.8310256166666,960.0,1110.0894434666666,3.0876402975,27.91192409294576,PM,0.5861495730555555,2.5014907244444444,62.2265,43.55855
29007,I395_NB,110+04121,model,E1,403.04273383333333,1035.0,1440.0,17.282621102777778,20.491513965268982,PM,10.532621102777778,6.75,65.333,45.73309999999999
29361,I395_NB,110P04120,model,E1,431.44134564999996,495.0,612.9992947833333,3.025965818888889,15.941810403166967,AM,1.0593109058333332,1.9666549130555555,65.65,45.955
29361,I395_NB,110P04120,model,E2,913.2886497666666,1035.0,1440.0,8.77852250388889,17.59840883997926,PM,2.028522503888889,6.75,65.65,45.955
31354,I66_WB,110+04178,model,E1,820.2358760833333,1065.0,1440.0,10.329402065277778,24.54621439275836,PM,4.079402065277778,6.25,67.7165,47.40154999999999
31358,I66_WB,110+04178,model,E1,821.2150179,1065.0,1440.0,10.313083035,24.45517622197869,PM,4.063083035,6.25,67.7165,47.40154999999999
31371,I66_EB,110-04178,model,E1,401.0662592666667,465.0,666.3137885666667,4.420792155,22.527162261350707,AM,1.0655623455555556,3.3552298094444444,66.81649999999999,46.77154999999999
31371,I66_EB,110-04178,model,E2,820.1279102666666,885.0,1440.0,10.331201495555556,29.84531150680561,MD,1.0812014955555556,9.25,66.81649999999999,46.77154999999999
31388,I66_WB,110P04182,model,E1,894.2870750333333,1020.0,1440.0,9.09521541611111,22.657902337638735,PM,2.095215416111111,7.0,68.559,47.991299999999995
31404,I66_WB,110+04183,model,E1,863.6527993,1035.0,1440.0,9.605786678333335,15.29193418120919,PM,2.855786678333333,6.75,67.77,47.43899999999999
31406,I66_WB,110+04183,model,E1,863.6527993,1035.0,1440.0,9.605786678333335,15.291934195216111,PM,2.855786678333333,6.75,67.77,47.43899999999999
31410,I66_EB,110-04182,model,E1,424.30255550000004,495.0,571.3388018666667,2.450604106111111,36.14019940125337,AM,1.1782907416666666,1.2723133644444444,64.7955,45.35685
31411,I66_WB,110+04183,model,E1,863.6527993166667,1035.0,1440.0,9.605786678055555,15.291934188000454,PM,2.8557866780555554,6.75,67.77,47.43899999999999
31413,I66_EB,110-04182,model,E1,425.71477135,495.0,566.181147,2.3411062608333335,36.83854434797011,AM,1.1547538108333333,1.18635245,64.7955,45.35685
31414,I66_WB,110P04183,model,E1,864.7999202833333,1065.0,1440.0,9.586667995277777,17.498838546086333,PM,3.336667995277778,6.25,68.91,48.236999999999995
31415,I66_EB,110N04183,model,E1,426.2663564,495.0,565.9996437000001,2.3288881216666666,34.52799037982455,AM,1.1455607266666668,1.1833273949999998,67.1665,47.016549999999995
31416,I66_WB,110+04184,model,E1,928.3367766166666,1080.0,1440.0,8.527720389722223,29.015162308448364,PM,2.527720389722222,6.0,68.98,48.286
31418,I66_WB,110+04184,model,E1,930.4776218166667,1080.0,1440.0,8.49203963638889,28.964898938872924,PM,2.492039636388889,6.0,68.98,48.286
31419,I66_EB,110-04183,model,E1,402.9302406166667,495.0,551.2840789833333,2.472563972777778,32.69166819154183,AM,1.5344959897222221,0.9380679830555555,69.369,48.558299999999996
31422,I66_EB,110-04183,model,E1,404.0896701666667,480.0,551.56302155,2.4578891897222226,32.48838891863085,AM,1.2651721638888889,1.1927170258333333,69.369,48.558299999999996
31423,I66_WB,110+04184,model,E1,936.9621807666666,1080.0,1440.0,8.38396365388889,31.16366510708432,PM,2.383963653888889,6.0,68.98,48.286
31426,I66_WB,110+04184,model,E1,929.9061721666666,1080.0,1440.0,8.501563797222222,28.976832392500842,PM,2.5015637972222224,6.0,68.98,48.286
31427,I66_EB,110-04183,model,E1,404.07200703333336,495.0,542.0539978166667,2.299699846388889,37.002893034239605,AM,1.5154665494444446,0.7842332969444444,69.369,48.558299999999996
31429,I66_EB,110-04183,model,E1,403.36226361666667,480.0,554.5309156999999,2.519477534722222,33.06403118199232,AM,1.277295606388889,1.2421819283333333,69.369,48.558299999999996
31804,I66_EB,110N04179,model,E1,414.8216213833333,480.0,641.7729201166666,3.7825216455555553,16.98087788051743,AM,1.086306310277778,2.6962153352777776,68.35300000000001,47.847100000000005
31804,I66_EB,110N04179,model,E2,839.6513980833333,885.0,960.5548524000001,2.0150575719444443,33.743600805060154,MD,0.7558100319444444,1.25924754,68.35300000000001,47.847100000000005
31804,I66_EB,110N04179,model,E3,994.5887958999999,1050.0,1121.2500179166666,2.1110203669444445,29.920857129021183,PM,0.9235200683333333,1.1875002986111112,68.35300000000001,47.847100000000005
32029,I66_WB,110+04178,model,E1,820.2358760333334,1065.0,1440.0,10.32940206611111,24.546214389479154,PM,4.079402066111111,6.25,67.7165,47.40154999999999
32031,I66_WB,110P04178,model,E1,916.6832227,1065.0,1440.0,8.721946288333333,38.48070196014591,PM,2.4719462883333336,6.25,67.38,47.166
32038,I66_WB,110P04181,model,E1,934.0880675999999,1035.0,1079.376366,2.4214716399999996,39.81000483807844,PM,1.68186554,0.7396061,68.3265,47.82854999999999
32581,I395_NB,110P04120,model,E1,424.4007833,495.0,612.6334377833333,3.1372109080555557,16.11735827050946,AM,1.1766536116666668,1.9605572963888889,65.65,45.955
32581,I395_NB,110P04120,model,E2,913.2886480666667,1035.0,1440.0,8.77852253222222,17.59840881766824,PM,2.028522532222222,6.75,65.65,45.955
32867,I66_WB,110P04182,model,E1,894.3018642333334,1020.0,1440.0,9.094968929444445,22.653580909965843,PM,2.0949689294444447,7.0,68.559,47.991299999999995
32868,I66_WB,110+04182,model,E1,912.89679065,1035.0,1110.9688195666668,3.301200481944444,33.68242851471947,PM,2.0350534891666667,1.2661469927777778,67.62,47.334
35787,I66_EB,110N04180,model,E1,430.4285710666666,495.0,615.3355062166667,3.0817822525,25.721958059355586,AM,1.0761904822222221,2.005591770277778,68.533,47.973099999999995
38954,I66_WB,110+04184,model,E1,937.8438224666667,1080.0,1440.0,8.369269625555555,31.293186405454996,PM,2.3692696255555554,6.0,68.98,48.286
39141,I66_WB,110+04184,model,E1,928.9656006333333,1080.0,1440.0,8.517239989444445,28.997668132206226,PM,2.5172399894444446,6.0,68.98,48.286
39142,I66_EB,110-04183,model,E1,404.2006512,495.0,541.84388045,2.294053820833333,37.11310329404845,AM,1.51332248,0.7807313408333333,69.369,48.558299999999996
39146,I66_EB,110-04183,model,E1,403.2227728,480.0,554.1880881333333,2.516088588888889,33.0775835176066,AM,1.2796204533333333,1.2364681355555556,69.369,48.558299999999996
39147,I66_EB,110N04184,model,E1,384.05899113333334,465.0,553.34348845,2.821408288611111,20.07023932595143,AM,1.3490168144444445,1.4723914741666666,70.1795,49.12565
39151,I66_EB,110-04184,model,E1,415.9195749666667,450.0,520.7633244,1.7473958238888891,31.010895906997305,AM,0.5680070838888889,1.1793887399999998,69.71,48.79699999999999
39156,I66_EB,110-04184,model,E1,418.17270924999997,450.0,505.68959696666667,1.4586147952777777,34.837278729018095,AM,0.5304548458333334,0.9281599494444445,69.71,48.79699999999999
40966,I66_EB,110-04184,model,E1,416.11105325,450.0,524.4718032166667,1.8060124994444444,30.181694125376033,AM,0.5648157791666666,1.2411967202777778,69.71,48.79699999999999
