link_id,corridor,tmc_code,variant,mae_period_mph,rmse_period_mph,mae_episode_mph,bias_episode_mph,episode_bins
25785,I66_WB,110P04171,free_flow,4.267201086956523,4.534022833565466,,,0
25785,I66_WB,110P04171,assignment,4.267201086956523,4.534022833565466,,,0
25785,I66_WB,110P04171,anchored,4.267201086956523,4.534022833565466,,,0
25946,I66_WB,110+04164,free_flow,3.160956521739131,3.221399206895823,,,0
25946,I66_WB,110+04164,assignment,3.160956521739131,3.221399206895823,,,0
25946,I66_WB,110+04164,anchored,3.160956521739131,3.221399206895823,,,0
25947,I66_EB,110N04162,free_flow,10.703141304347824,10.857349184787964,,,0
25947,I66_EB,110N04162,assignment,10.703141304347824,10.857349184787964,,,0
25947,I66_EB,110N04162,anchored,10.703141304347824,10.857349184787964,,,0
25966,I66_WB,110+04166,free_flow,2.5616576086956537,3.2089212006123082,9.867391304347827,9.867391304347827,1
25966,I66_WB,110+04166,assignment,2.5616576086956466,3.2089212006123025,9.86739130434782,9.86739130434782,1
25966,I66_WB,110+04166,anchored,2.0736943093878777,2.1159056081072167,2.05997851542341,-2.05997851542341,1
25972,I66_WB,110+04165,free_flow,2.6132663043478277,2.653529126625647,,,0
25972,I66_WB,110+04165,assignment,2.613266304347835,2.653529126625654,,,0
25972,I66_WB,110+04165,anchored,2.613266304347835,2.653529126625654,,,0
26055,I66_WB,110P04167,free_flow,3.2936195652173907,4.055465694823512,,,0
26055,I66_WB,110P04167,assignment,3.2936195652173907,4.055465694823512,,,0
26055,I66_WB,110P04167,anchored,3.2936195652173907,4.055465694823512,,,0
26101,I66_WB,110P04168,free_flow,4.1776358695652105,5.735264752328399,,,0
26101,I66_WB,110P04168,assignment,4.1776358695652105,5.735264752328399,,,0
26101,I66_WB,110P04168,anchored,4.1776358695652105,5.735264752328399,,,0
26177,I66_WB,110P04170,free_flow,4.002940217391309,4.465677142094931,,,0
26177,I66_WB,110P04170,assignment,4.002940217391309,4.465677142094931,,,0
26177,I66_WB,110P04170,anchored,4.002940217391309,4.465677142094931,,,0
26269,I395_NB,110P04127,free_flow,5.717777173913046,5.77913202892941,,,0
26269,I395_NB,110P04127,assignment,5.717777173913046,5.77913202892941,,,0
26269,I395_NB,110P04127,anchored,5.717777173913046,5.77913202892941,,,0
26271,I395_NB,110P04127,free_flow,5.717777173913046,5.77913202892941,,,0
26271,I395_NB,110P04127,assignment,5.7177771739130385,5.779132028929403,,,0
26271,I395_NB,110P04127,anchored,5.717777173913046,5.77913202892941,,,0
26274,I395_NB,110+04670,free_flow,6.788342391304347,6.948802538753694,,,0
26274,I395_NB,110+04670,assignment,6.788342391304347,6.948802538753694,,,0
26274,I395_NB,110+04670,anchored,6.788342391304347,6.948802538753694,,,0
26297,I395_NB,110P04128,free_flow,35.31986956521739,35.48521713573985,35.31986956521739,34.70954347826087,16
26297,I395_NB,110P04128,assignment,35.3198695652174,35.48521713573986,35.3198695652174,34.70954347826088,16
26297,I395_NB,110P04128,anchored,1.6191211520018693,2.0187080860542768,1.6191211520018693,0.3610391053058599,16
26299,I66_WB,110P04166,free_flow,3.0352445652173916,4.8852776748896325,17.79,17.79,1
26299,I66_WB,110P04166,assignment,3.0352445652173916,4.8852776748896325,17.79,17.79,1
26299,I66_WB,110P04166,anchored,3.0352445652173916,4.8852776748896325,17.79,17.79,1
26304,I66_WB,110P04164,free_flow,2.611983695652175,2.658788212953819,,,0
26304,I66_WB,110P04164,assignment,2.611983695652175,2.658788212953819,,,0
26304,I66_WB,110P04164,anchored,2.611983695652175,2.658788212953819,,,0
26313,I66_WB,110P04162,free_flow,4.165679347826089,4.301636254768237,,,0
26313,I66_WB,110P04162,assignment,4.165679347826089,4.301636254768237,,,0
26313,I66_WB,110P04162,anchored,4.165679347826089,4.301636254768237,,,0
26354,I66_WB,110P04165,free_flow,2.7512282608695635,2.7999588494478136,,,0
26354,I66_WB,110P04165,assignment,2.7512282608695706,2.7999588494478207,,,0
26354,I66_WB,110P04165,anchored,2.7512282608695706,2.7999588494478207,,,0
26359,I66_WB,110+04167,free_flow,4.903701086956522,6.07885057060034,18.226499999999994,18.226499999999994,1
26359,I66_WB,110+04167,assignment,4.903701086956515,6.078850570600335,18.226499999999987,18.226499999999987,1
26359,I66_WB,110+04167,anchored,3.7656113145672347,4.023631576953214,0.017063641771393634,-0.017063641771393634,1
26370,I66_WB,110+04169,free_flow,5.937347826086958,10.164069983593187,24.263,24.263,2
26370,I66_WB,110+04169,assignment,5.937347826086958,10.164069983593187,24.263,24.263,2
26370,I66_WB,110+04169,anchored,3.3995280661753546,3.4981793507595196,3.9604419207071757,3.9604419207071757,2
26380,I66_WB,110+04166,free_flow,2.5616576086956537,3.2089212006123082,9.867391304347827,9.867391304347827,1
26380,I66_WB,110+04166,assignment,2.5616576086956537,3.2089212006123082,9.867391304347827,9.867391304347827,1
26380,I66_WB,110+04166,anchored,2.5616576086956537,3.2089212006123082,9.867391304347827,9.867391304347827,1
26423,I395_NB,110+04126,free_flow,11.863195652173921,11.918710776078084,,,0
26423,I395_NB,110+04126,assignment,11.863195652173921,11.918710776078084,,,0
26423,I395_NB,110+04126,anchored,11.863195652173921,11.918710776078084,,,0
26424,I395_NB,110+04127,free_flow,6.699782608695658,6.745838892804582,,,0
26424,I395_NB,110+04127,assignment,6.699782608695658,6.745838892804582,,,0
26424,I395_NB,110+04127,anchored,6.699782608695658,6.745838892804582,,,0
26469,I395_NB,110P04130,free_flow,41.14901086956522,41.18908907748606,41.14901086956522,41.96482608695652,16
26469,I395_NB,110P04130,assignment,41.14901086956522,41.18908907748606,41.14901086956522,41.96482608695652,16
26469,I395_NB,110P04130,anchored,0.460839500348999,0.5360073287072223,0.460839500348999,0.11357045872498439,16
26471,I395_SB,110N04129,free_flow,10.468565217391305,10.557023663193917,,,0
26471,I395_SB,110N04129,assignment,10.468565217391305,10.557023663193917,,,0
26471,I395_SB,110N04129,anchored,10.468565217391305,10.557023663193917,,,0
26501,I395_NB,110+04130,free_flow,41.907021739130414,41.94380591920232,41.907021739130414,42.3716956521739,16
26501,I395_NB,110+04130,assignment,41.907021739130414,41.94380591920232,41.907021739130414,42.3716956521739,16
26501,I395_NB,110+04130,anchored,0.6177860077701769,0.7158729302090859,0.6177860077701769,0.106324608847852,16
26684,I395_SB,110-04127,free_flow,6.844190217391307,7.39293983850896,,,0
26684,I395_SB,110-04127,assignment,6.844190217391314,7.392939838508967,,,0
26684,I395_SB,110-04127,anchored,6.844190217391314,7.392939838508967,,,0
26699,I395_SB,110N04127,free_flow,33.98829347826087,34.73232224381225,33.98829347826087,37.04084782608696,16
26699,I395_SB,110N04127,assignment,33.98829347826087,34.73232224381225,33.98829347826087,37.04084782608696,16
26699,I395_SB,110N04127,anchored,1.8356385379285982,4.258621570858385,1.8356385379285982,0.26710846585596215,16
26708,I395_NB,110+04125,free_flow,9.857608695652171,9.955458863194028,,,0
26708,I395_NB,110+04125,assignment,9.857608695652171,9.955458863194028,,,0
26708,I395_NB,110+04125,anchored,9.857608695652171,9.955458863194028,,,0
26712,I395_SB,110N04130,free_flow,13.103228260869557,13.198186683499896,,,0
26712,I395_SB,110N04130,assignment,13.103228260869557,13.198186683499896,,,0
26712,I395_SB,110N04130,anchored,13.103228260869557,13.198186683499896,,,0
26756,I395_NB,110P04124,free_flow,17.35565217391305,18.331214236454656,,,0
26756,I395_NB,110P04124,assignment,17.35565217391305,18.331214236454656,,,0
26756,I395_NB,110P04124,anchored,17.35565217391305,18.331214236454656,,,0
26759,I395_SB,110N04124,free_flow,25.87796739130435,26.58740350353051,27.481251552795033,27.721500000000002,14
26759,I395_SB,110N04124,assignment,25.87796739130435,26.58740350353051,27.481251552795033,27.721500000000002,14
26759,I395_SB,110N04124,anchored,4.058159299594823,7.920471930791392,2.5521935349025506,0.19701227398184784,14
26761,I395_NB,110P04125,free_flow,8.790217391304349,8.847036464604923,,,0
26761,I395_NB,110P04125,assignment,8.790217391304349,8.847036464604923,,,0
26761,I395_NB,110P04125,anchored,8.790217391304349,8.847036464604923,,,0
26764,I395_SB,110-04124,free_flow,26.93172282608696,27.603152655086344,28.54672670807454,30.39430434782609,14
26764,I395_SB,110-04124,assignment,26.93172282608697,27.60315265508635,28.546726708074544,30.394304347826097,14
26764,I395_SB,110-04124,anchored,3.976001589055815,7.786825969912444,2.311616722896084,0.1721387772595584,14
26768,I395_NB,110P04125,free_flow,8.790217391304349,8.847036464604923,,,0
26768,I395_NB,110P04125,assignment,8.790217391304349,8.847036464604923,,,0
26768,I395_NB,110P04125,anchored,8.790217391304349,8.847036464604923,,,0
26772,I395_SB,110N04125,free_flow,28.56763586956522,29.451087788738487,30.374565217391307,33.23021739130435,14
26772,I395_SB,110N04125,assignment,28.56763586956522,29.451087788738487,30.374565217391307,33.23021739130435,14
26772,I395_SB,110N04125,anchored,4.05551991885399,7.7771863710802975,2.381430466382984,0.1520880971743086,14
26776,I395_SB,110N04125,free_flow,28.56763586956522,29.451087788738487,30.374565217391307,33.23021739130435,14
26776,I395_SB,110N04125,assignment,28.56763586956521,29.451087788738477,30.374565217391297,33.230217391304336,14
26776,I395_SB,110N04125,anchored,4.055519961489466,7.777186431249246,2.3814304816303626,0.15208809181880945,14
26778,I395_NB,110P04126,free_flow,10.426929347826082,10.458970128816793,,,0
26778,I395_NB,110P04126,assignment,10.426929347826082,10.458970128816793,,,0
26778,I395_NB,110P04126,anchored,10.426929347826082,10.458970128816793,,,0
26781,I395_SB,110-04125,free_flow,30.08927173913043,30.855609801648207,30.833485507246376,34.41389130434782,15
26781,I395_SB,110-04125,assignment,30.08927173913043,30.855609801648207,30.833485507246376,34.41389130434782,15
26781,I395_SB,110-04125,anchored,5.323231324618998,9.851830308198274,4.416375731767512,0.29815846011442204,15
26785,I395_NB,110+04127,free_flow,6.699782608695658,6.745838892804582,,,0
26785,I395_NB,110+04127,assignment,6.699782608695658,6.745838892804582,,,0
26785,I395_NB,110+04127,anchored,6.699782608695658,6.745838892804582,,,0
26788,I395_SB,110N04126,free_flow,32.591032608695656,32.997718665415775,32.591032608695656,34.98065217391305,16
26788,I395_SB,110N04126,assignment,32.591032608695656,32.997718665415775,32.591032608695656,34.98065217391305,16
26788,I395_SB,110N04126,anchored,1.196650214191206,1.4470676600591441,1.196650214191206,0.39274424228432103,16
26792,I395_SB,110N04126,free_flow,32.591032608695656,32.997718665415775,32.591032608695656,34.98065217391305,16
26792,I395_SB,110N04126,assignment,32.591032608695656,32.997718665415775,32.591032608695656,34.98065217391305,16
26792,I395_SB,110N04126,anchored,1.0745503604755993,1.2482429370401993,1.0745503604755993,0.38811904356918525,16
26796,I395_SB,110-04126,free_flow,40.602554347826086,40.86679165397979,40.602554347826086,42.185434782608695,16
26796,I395_SB,110-04126,assignment,40.602554347826086,40.86679165397979,40.602554347826086,42.185434782608695,16
26796,I395_SB,110-04126,anchored,0.4088559209601237,0.6047338726166739,0.4088559209601237,-3.834890223686216e-05,16
26799,I395_SB,110N04127,free_flow,33.98829347826087,34.73232224381225,33.98829347826087,37.04084782608696,16
26799,I395_SB,110N04127,assignment,24.646261579531938,25.34983198130522,24.646261579531938,-22.977592717237087,16
26799,I395_SB,110N04127,anchored,1.835638510529776,4.25862156647328,1.835638510529776,0.2671084487386537,16
26810,I395_SB,110N04127,free_flow,33.98829347826087,34.73232224381225,33.98829347826087,37.04084782608696,16
26810,I395_SB,110N04127,assignment,21.52614666024201,22.52027515876439,21.52614666024201,-20.085784096315003,16
26810,I395_SB,110N04127,anchored,1.8356385397146502,4.258621570873634,1.8356385397146502,0.2671084693529995,16
26814,I395_SB,110N04127,free_flow,33.98829347826087,34.73232224381225,33.98829347826087,37.04084782608696,16
26814,I395_SB,110N04127,assignment,23.287601634863993,24.063194016233396,23.287601634863993,-22.043373006356703,16
26814,I395_SB,110N04127,anchored,1.835638539301182,4.258621568360869,1.835638539301182,0.26710846244769115,16
26821,I395_SB,110N04127,free_flow,33.98829347826087,34.73232224381225,33.98829347826087,37.04084782608696,16
26821,I395_SB,110N04127,assignment,33.98829347826087,34.73232224381225,33.98829347826087,37.04084782608696,16
26821,I395_SB,110N04127,anchored,1.8356384920778617,4.258621565470229,1.8356384920778617,0.2671084336342453,16
26824,I395_SB,110N04670,free_flow,5.84476630434783,6.168571691841747,,,0
26824,I395_SB,110N04670,assignment,5.84476630434783,6.168571691841747,,,0
26824,I395_SB,110N04670,anchored,5.84476630434783,6.168571691841747,,,0
26825,I395_NB,110+04129,free_flow,39.157179347826094,39.26355291699771,39.157179347826094,39.25356521739131,16
26825,I395_NB,110+04129,assignment,39.157179347826094,39.26355291699771,39.157179347826094,39.25356521739131,16
26825,I395_NB,110+04129,anchored,1.0903004125934193,1.303323416568184,1.0903004125934193,0.2542758754177692,16
26829,I395_SB,110N04128,free_flow,8.49084782608696,8.713961571623964,,,0
26829,I395_SB,110N04128,assignment,8.49084782608696,8.713961571623964,,,0
26829,I395_SB,110N04128,anchored,8.49084782608696,8.713961571623964,,,0
26833,I395_SB,110-04128,free_flow,8.942353260869565,9.056904753440973,,,0
26833,I395_SB,110-04128,assignment,8.942353260869565,9.056904753440973,,,0
26833,I395_SB,110-04128,anchored,8.942353260869565,9.056904753440973,,,0
27878,I395_NB,110+04124,free_flow,17.66083152173914,18.707942911132964,24.47587681159421,25.229717391304355,6
27878,I395_NB,110+04124,assignment,17.66083152173914,18.707942911132964,24.47587681159421,25.229717391304355,6
27878,I395_NB,110+04124,anchored,12.586274336011481,13.401590135540907,10.94372431632045,9.842642793585043,6
28025,I395_NB,110+04123,free_flow,16.396255434782606,17.350507019041736,,,0
28025,I395_NB,110+04123,assignment,16.396255434782606,17.350507019041736,,,0
28025,I395_NB,110+04123,anchored,16.396255434782606,17.350507019041736,,,0
28270,I395_NB,110P04122,free_flow,12.940168478260862,13.690160554941817,,,0
28270,I395_NB,110P04122,assignment,12.940168478260862,13.690160554941817,,,0
28270,I395_NB,110P04122,anchored,12.940168478260862,13.690160554941817,,,0
28275,I395_NB,110P04122,free_flow,12.940168478260862,13.690160554941817,,,0
28275,I395_NB,110P04122,assignment,12.940168478260862,13.690160554941817,,,0
28275,I395_NB,110P04122,anchored,12.940168478260862,13.690160554941817,,,0
28279,I395_SB,110N04122,free_flow,14.595222826086946,14.962880405681757,,,0
28279,I395_SB,110N04122,assignment,14.595222826086946,14.962880405681757,,,0
28279,I395_SB,110N04122,anchored,14.595222826086946,14.962880405681757,,,0
28283,I395_SB,110N04122,free_flow,14.595222826086946,14.962880405681757,,,0
28283,I395_SB,110N04122,assignment,14.595222826086946,14.962880405681757,,,0
28283,I395_SB,110N04122,anchored,14.595222826086946,14.962880405681757,,,0
28285,I395_NB,110P04123,free_flow,17.206483695652175,17.843632193755308,,,0
28285,I395_NB,110P04123,assignment,17.206483695652175,17.843632193755308,,,0
28285,I395_NB,110P04123,anchored,17.206483695652175,17.843632193755308,,,0
28289,I395_SB,110-04122,free_flow,26.476499999999994,27.245220844946115,27.3816304347826,30.217369565217382,15
28289,I395_SB,110-04122,assignment,21.00596254064948,22.673901118147427,22.214432428842102,25.282774069785255,15
28289,I395_SB,110-04122,anchored,9.484615130346782,10.447501567110336,9.256953240485844,7.410447652281313,15
28294,I395_NB,110+04124,free_flow,17.66083152173914,18.707942911132964,24.47587681159421,25.229717391304355,6
28294,I395_NB,110+04124,assignment,17.66083152173914,18.707942911132964,24.47587681159421,25.229717391304355,6
28294,I395_NB,110+04124,anchored,10.018001445205451,12.449198667349718,4.094996607504375,0.04804423392099366,6
28298,I395_SB,110N04123,free_flow,28.22226086956521,29.745664720429556,30.47721428571428,32.88410869565217,14
28298,I395_SB,110N04123,assignment,28.22226086956521,29.745664720429556,30.47721428571428,32.88410869565217,14
28298,I395_SB,110N04123,anchored,3.2789590165924887,5.939582997245663,2.1362672765225175,0.07184064142787783,14
28302,I395_SB,110N04123,free_flow,28.22226086956521,29.745664720429556,30.47721428571428,32.88410869565217,14
28302,I395_SB,110N04123,assignment,28.22226086956521,29.745664720429556,30.47721428571428,32.88410869565217,14
28302,I395_SB,110N04123,anchored,3.256262102590914,5.939847234604611,2.1018217571560824,0.06725077612498431,14
28303,I395_NB,110P04124,free_flow,17.35565217391305,18.331214236454656,,,0
28303,I395_NB,110P04124,assignment,17.35565217391305,18.331214236454656,,,0
28303,I395_NB,110P04124,anchored,17.35565217391305,18.331214236454656,,,0
28307,I395_SB,110-04123,free_flow,24.23896739130435,25.115496390785843,26.61903010033445,25.383478260869566,13
28307,I395_SB,110-04123,assignment,24.23896739130435,25.115496390785843,26.61903010033445,25.383478260869566,13
28307,I395_SB,110-04123,anchored,5.092511235061657,8.363771455771278,3.2024659098098534,0.8169328240871572,13
28312,I395_SB,110N04124,free_flow,25.87796739130435,26.58740350353051,27.481251552795033,27.721500000000002,14
28312,I395_SB,110N04124,assignment,25.87796739130435,26.58740350353051,27.481251552795033,27.721500000000002,14
28312,I395_SB,110N04124,anchored,4.091459349128095,7.923945814580122,2.59359334063141,0.21155422866005935,14
28705,I66_WB,110+04173,free_flow,2.059744565217397,2.1514863610241624,,,0
28705,I66_WB,110+04173,assignment,2.059744565217397,2.1514863610241624,,,0
28705,I66_WB,110+04173,anchored,2.059744565217397,2.1514863610241624,,,0
28712,I395_NB,110+04122,free_flow,15.558048913043473,15.774514631335123,,,0
28712,I395_NB,110+04122,assignment,15.558048913043473,15.774514631335123,,,0
28712,I395_NB,110+04122,anchored,15.558048913043473,15.774514631335123,,,0
28724,I395_NB,110+04122,free_flow,15.558048913043473,15.774514631335123,,,0
28724,I395_NB,110+04122,assignment,15.558048913043473,15.774514631335123,,,0
28724,I395_NB,110+04122,anchored,15.558048913043473,15.774514631335123,,,0
29007,I395_NB,110+04121,free_flow,40.19199456521739,40.45940201761357,40.19199456521739,42.05539130434782,16
29007,I395_NB,110+04121,assignment,40.19199456521739,40.45940201761357,40.19199456521739,42.05539130434782,16
29007,I395_NB,110+04121,anchored,0.48926608402332206,0.6314666403429912,0.48926608402332206,-0.04338386657206783,16
29361,I395_NB,110P04120,free_flow,36.95138586956522,38.068186062788165,36.95138586956522,37.93673913043479,16
29361,I395_NB,110P04120,assignment,28.582599762979527,30.009888032534196,28.582599762979527,-27.586674517649335,16
29361,I395_NB,110P04120,anchored,2.047363256168449,5.365940471323691,2.047363256168449,0.20421330399065596,16
30296,I66_WB,110P04174,free_flow,2.5791032608695628,2.629426547251566,,,0
30296,I66_WB,110P04174,assignment,2.5791032608695628,2.629426547251566,,,0
30296,I66_WB,110P04174,anchored,2.5791032608695628,2.629426547251566,,,0
30317,I66_WB,110N58636,free_flow,5.146086956521743,5.193847260172735,,,0
30317,I66_WB,110N58636,assignment,5.146086956521743,5.193847260172735,,,0
30317,I66_WB,110N58636,anchored,5.146086956521743,5.193847260172735,,,0
30949,I66_EB,110+58629,free_flow,2.5581249999999995,2.6937071590109074,,,0
30949,I66_EB,110+58629,assignment,2.5581249999999995,2.6937071590109074,,,0
30949,I66_EB,110+58629,anchored,2.5581249999999995,2.6937071590109074,,,0
31338,I66_EB,110N04175,free_flow,7.53215760869565,7.562266091119264,,,0
31338,I66_EB,110N04175,assignment,7.53215760869565,7.562266091119264,,,0
31338,I66_EB,110N04175,anchored,7.53215760869565,7.562266091119264,,,0
31343,I66_EB,110-04175,free_flow,15.693782608695642,15.847594528054222,,,0
31343,I66_EB,110-04175,assignment,15.693782608695642,15.847594528054222,,,0
31343,I66_EB,110-04175,anchored,15.693782608695642,15.847594528054222,,,0
31344,I66_EB,110+58635,free_flow,4.57913586956521,4.63814191943196,,,0
31344,I66_EB,110+58635,assignment,4.57913586956521,4.63814191943196,,,0
31344,I66_EB,110+58635,anchored,4.57913586956521,4.63814191943196,,,0
31346,I66_WB,110-58634,free_flow,7.910054347826085,7.977042821070169,,,0
31346,I66_WB,110-58634,assignment,7.910054347826085,7.977042821070169,,,0
31346,I66_WB,110-58634,anchored,7.910054347826085,7.977042821070169,,,0
31347,I66_EB,110-04175,free_flow,15.693782608695642,15.847594528054222,,,0
31347,I66_EB,110-04175,assignment,15.693782608695642,15.847594528054222,,,0
31347,I66_EB,110-04175,anchored,15.693782608695642,15.847594528054222,,,0
31348,I66_EB,110+58635,free_flow,4.57913586956521,4.63814191943196,,,0
31348,I66_EB,110+58635,assignment,4.57913586956521,4.63814191943196,,,0
31348,I66_EB,110+58635,anchored,4.57913586956521,4.63814191943196,,,0
31350,I66_WB,110-58634,free_flow,7.910054347826085,7.977042821070169,,,0
31350,I66_WB,110-58634,assignment,7.910054347826085,7.977042821070169,,,0
31350,I66_WB,110-58634,anchored,7.910054347826085,7.977042821070169,,,0
31351,I66_EB,110-04175,free_flow,15.693782608695642,15.847594528054222,,,0
31351,I66_EB,110-04175,assignment,15.693782608695642,15.847594528054222,,,0
31351,I66_EB,110-04175,anchored,15.693782608695642,15.847594528054222,,,0
31352,I66_WB,110-58633,free_flow,8.731467391304353,8.769608104107162,,,0
31352,I66_WB,110-58633,assignment,8.731467391304353,8.769608104107162,,,0
31352,I66_WB,110-58633,anchored,8.731467391304353,8.769608104107162,,,0
31353,I66_EB,110-04176,free_flow,17.835358695652168,17.90051092954478,,,0
31353,I66_EB,110-04176,assignment,17.835358695652168,17.90051092954478,,,0
31353,I66_EB,110-04176,anchored,17.835358695652168,17.90051092954478,,,0
31354,I66_WB,110+04178,free_flow,39.667641304347825,39.728356657982424,39.667641304347825,39.11041304347826,16
31354,I66_WB,110+04178,assignment,39.667641304347825,39.728356657982424,39.667641304347825,39.11041304347826,16
31354,I66_WB,110+04178,anchored,0.5456165568046203,0.7580850209899211,0.5456165568046203,0.12433551315831437,16
31355,I66_WB,110-58633,free_flow,8.731467391304353,8.769608104107162,,,0
31355,I66_WB,110-58633,assignment,8.731467391304353,8.769608104107162,,,0
31355,I66_WB,110-58633,anchored,8.731467391304353,8.769608104107162,,,0
31357,I66_EB,110-04177,free_flow,19.902320652173913,19.980623446834596,,,0
31357,I66_EB,110-04177,assignment,19.902320652173913,19.980623446834596,,,0
31357,I66_EB,110-04177,anchored,19.902320652173913,19.980623446834596,,,0
31358,I66_WB,110+04178,free_flow,39.667641304347825,39.728356657982424,39.667641304347825,39.11041304347826,16
31358,I66_WB,110+04178,assignment,39.667641304347825,39.728356657982424,39.667641304347825,39.11041304347826,16
31358,I66_WB,110+04178,anchored,0.5652217298987727,0.7741116517191403,0.5652217298987727,0.16036323510497574,16
31359,I66_WB,110-58633,free_flow,8.731467391304353,8.769608104107162,,,0
31359,I66_WB,110-58633,assignment,8.731467391304353,8.769608104107162,,,0
31359,I66_WB,110-58633,anchored,8.731467391304353,8.769608104107162,,,0
31361,I66_EB,110-04177,free_flow,19.902320652173913,19.980623446834596,,,0
31361,I66_EB,110-04177,assignment,19.902320652173913,19.980623446834596,,,0
31361,I66_EB,110-04177,anchored,19.902320652173913,19.980623446834596,,,0
31362,I66_WB,110-58633,free_flow,8.731467391304353,8.769608104107162,,,0
31362,I66_WB,110-58633,assignment,8.731467391304353,8.769608104107162,,,0
31362,I66_WB,110-58633,anchored,8.731467391304353,8.769608104107162,,,0
31365,I66_WB,110-58632,free_flow,4.883070652173916,4.901452006278221,,,0
31365,I66_WB,110-58632,assignment,4.883070652173916,4.901452006278221,,,0
31365,I66_WB,110-58632,anchored,4.883070652173916,4.901452006278221,,,0
31368,I66_WB,110+04179,free_flow,16.393288043478254,16.53108502361924,,,0
31368,I66_WB,110+04179,assignment,16.393288043478254,16.53108502361924,,,0
31368,I66_WB,110+04179,anchored,16.393288043478254,16.53108502361924,,,0
31369,I66_WB,110-58632,free_flow,4.883070652173916,4.901452006278221,,,0
31369,I66_WB,110-58632,assignment,4.883070652173916,4.901452006278221,,,0
31369,I66_WB,110-58632,anchored,4.883070652173916,4.901452006278221,,,0
31371,I66_EB,110-04178,free_flow,31.990766304347815,32.27491510521619,31.990766304347815,32.94106521739129,16
31371,I66_EB,110-04178,assignment,31.990766304347815,32.27491510521619,31.990766304347815,32.94106521739129,16
31371,I66_EB,110-04178,anchored,0.7941770233151928,1.0947024857149064,0.7941770233151928,0.014664668606169329,16
31372,I66_WB,110+04179,free_flow,16.393288043478254,16.53108502361924,,,0
31372,I66_WB,110+04179,assignment,16.393288043478254,16.53108502361924,,,0
31372,I66_WB,110+04179,anchored,16.393288043478254,16.53108502361924,,,0
31373,I66_WB,110-58632,free_flow,4.883070652173916,4.901452006278221,,,0
31373,I66_WB,110-58632,assignment,4.883070652173916,4.901452006278221,,,0
31373,I66_WB,110-58632,anchored,4.883070652173916,4.901452006278221,,,0
31375,I66_EB,110+58633,free_flow,11.03774456521739,11.165769007583771,,,0
31375,I66_EB,110+58633,assignment,11.03774456521739,11.165769007583771,,,0
31375,I66_EB,110+58633,anchored,11.03774456521739,11.165769007583771,,,0
31376,I66_WB,110-58631,free_flow,3.2917445652173916,3.3072556594445746,,,0
31376,I66_WB,110-58631,assignment,3.2917445652173916,3.3072556594445746,,,0
31376,I66_WB,110-58631,anchored,3.2917445652173916,3.3072556594445746,,,0
31379,I66_WB,110N58631,free_flow,4.585027173913047,4.632239854075997,,,0
31379,I66_WB,110N58631,assignment,4.585027173913047,4.632239854075997,,,0
31379,I66_WB,110N58631,anchored,4.585027173913047,4.632239854075997,,,0
31381,I66_WB,110P04180,free_flow,9.795793478260867,9.889729226855971,,,0
31381,I66_WB,110P04180,assignment,9.795793478260867,9.889729226855971,,,0
31381,I66_WB,110P04180,anchored,9.795793478260867,9.889729226855971,,,0
31382,I66_EB,110+58632,free_flow,6.368043478260867,6.717677946958664,,,0
31382,I66_EB,110+58632,assignment,6.368043478260867,6.717677946958664,,,0
31382,I66_EB,110+58632,anchored,6.368043478260867,6.717677946958664,,,0
31383,I66_WB,110-58630,free_flow,4.637445652173915,4.717363937508279,,,0
31383,I66_WB,110-58630,assignment,4.637445652173915,4.717363937508279,,,0
31383,I66_WB,110-58630,anchored,4.637445652173915,4.717363937508279,,,0
31386,I66_WB,110-58629,free_flow,6.697146739130428,6.751669494408041,,,0
31386,I66_WB,110-58629,assignment,6.697146739130428,6.751669494408041,,,0
31386,I66_WB,110-58629,anchored,6.697146739130428,6.751669494408041,,,0
31388,I66_WB,110P04182,free_flow,41.936472826086955,42.16913630560708,41.936472826086955,44.15052173913043,16
31388,I66_WB,110P04182,assignment,41.936472826086955,42.16913630560708,41.936472826086955,44.15052173913043,16
31388,I66_WB,110P04182,anchored,0.33395207949866856,0.4427939667485495,0.33395207949866856,-0.031157530357322827,16
31392,I66_EB,110+58630,free_flow,2.2909293478260873,2.305760504069461,,,0
31392,I66_EB,110+58630,assignment,2.2909293478260873,2.305760504069461,,,0
31392,I66_EB,110+58630,anchored,2.2909293478260873,2.305760504069461,,,0
31393,I66_EB,110+58631,free_flow,2.4979673913043374,2.550613314064432,,,0
31393,I66_EB,110+58631,assignment,2.4979673913043374,2.550613314064432,,,0
31393,I66_EB,110+58631,anchored,2.4979673913043374,2.550613314064432,,,0
31395,I66_EB,110-04180,free_flow,6.47913043478261,6.93039567013403,,,0
31395,I66_EB,110-04180,assignment,6.47913043478261,6.93039567013403,,,0
31395,I66_EB,110-04180,anchored,6.47913043478261,6.93039567013403,,,0
31397,I66_WB,110-58630,free_flow,4.637445652173915,4.717363937508279,,,0
31397,I66_WB,110-58630,assignment,4.637445652173915,4.717363937508279,,,0
31397,I66_WB,110-58630,anchored,4.637445652173915,4.717363937508279,,,0
31398,I66_WB,110+04181,free_flow,11.597559782608695,11.870894720662186,,,0
31398,I66_WB,110+04181,assignment,11.597559782608695,11.870894720662186,,,0
31398,I66_WB,110+04181,anchored,11.597559782608695,11.870894720662186,,,0
31399,I66_EB,110N04182,free_flow,5.081766304347829,5.11431947740056,,,0
31399,I66_EB,110N04182,assignment,5.081766304347829,5.11431947740056,,,0
31399,I66_EB,110N04182,anchored,5.081766304347829,5.11431947740056,,,0
31403,I66_EB,110N04182,free_flow,5.081766304347829,5.11431947740056,,,0
31403,I66_EB,110N04182,assignment,5.081766304347829,5.11431947740056,,,0
31403,I66_EB,110N04182,anchored,5.081766304347829,5.11431947740056,,,0
31404,I66_WB,110+04183,free_flow,49.446657608695645,49.57142202404824,49.446657608695645,50.91173913043478,16
31404,I66_WB,110+04183,assignment,49.446657608695645,49.57142202404824,49.446657608695645,50.91173913043478,16
31404,I66_WB,110+04183,anchored,0.5373738803424736,0.6142997926654991,0.5373738803424736,-0.02162469970644132,16
31405,I66_WB,110-58628,free_flow,9.413891304347825,9.574913684009802,,,0
31405,I66_WB,110-58628,assignment,9.413891304347825,9.574913684009802,,,0
31405,I66_WB,110-58628,anchored,9.413891304347825,9.574913684009802,,,0
31406,I66_WB,110+04183,free_flow,49.446657608695645,49.57142202404824,49.446657608695645,50.91173913043478,16
31406,I66_WB,110+04183,assignment,49.446657608695645,49.57142202404824,49.446657608695645,50.91173913043478,16
31406,I66_WB,110+04183,anchored,0.537373881826614,0.6142998002681792,0.537373881826614,-0.021624700311676293,16
31407,I66_EB,110N04182,free_flow,5.081766304347829,5.11431947740056,,,0
31407,I66_EB,110N04182,assignment,5.081766304347829,5.11431947740056,,,0
31407,I66_EB,110N04182,anchored,5.081766304347829,5.11431947740056,,,0
31408,I66_EB,110P58629,free_flow,2.7597826086956614,2.807578948318239,,,0
31408,I66_EB,110P58629,assignment,2.7597826086956614,2.807578948318239,,,0
31408,I66_EB,110P58629,anchored,2.7597826086956614,2.807578948318239,,,0
31409,I66_EB,110+58629,free_flow,2.5581249999999995,2.6937071590109074,,,0
31409,I66_EB,110+58629,assignment,2.5581249999999995,2.6937071590109074,,,0
31409,I66_EB,110+58629,anchored,2.5581249999999995,2.6937071590109074,,,0
31410,I66_EB,110-04182,free_flow,6.399114130434785,6.43091621490945,,,0
31410,I66_EB,110-04182,assignment,6.399114130434785,6.43091621490945,,,0
31410,I66_EB,110-04182,anchored,6.399114130434785,6.43091621490945,,,0
31411,I66_WB,110+04183,free_flow,49.446657608695645,49.57142202404824,49.446657608695645,50.91173913043478,16
31411,I66_WB,110+04183,assignment,49.446657608695645,49.57142202404824,49.446657608695645,50.91173913043478,16
31411,I66_WB,110+04183,anchored,0.537373882661985,0.6142997974877146,0.537373882661985,-0.02162470555242102,16
31412,I66_WB,110-58628,free_flow,9.413891304347825,9.574913684009802,,,0
31412,I66_WB,110-58628,assignment,9.413891304347825,9.574913684009802,,,0
31412,I66_WB,110-58628,anchored,9.413891304347825,9.574913684009802,,,0
31413,I66_EB,110-04182,free_flow,6.399114130434785,6.43091621490945,,,0
31413,I66_EB,110-04182,assignment,6.399114130434785,6.43091621490945,,,0
31413,I66_EB,110-04182,anchored,6.399114130434785,6.43091621490945,,,0
31414,I66_WB,110P04183,free_flow,47.37285326086956,47.51351606887577,47.37285326086956,48.69826086956522,16
31414,I66_WB,110P04183,assignment,47.37285326086956,47.51351606887577,47.37285326086956,48.69826086956522,16
31414,I66_WB,110P04183,anchored,0.5202743508883374,0.6311984553501343,0.5202743508883374,0.07576356255199457,16
31415,I66_EB,110N04183,free_flow,5.713157608695651,5.741272457787238,,,0
31415,I66_EB,110N04183,assignment,5.713157608695651,5.741272457787238,,,0
31415,I66_EB,110N04183,anchored,5.713157608695651,5.741272457787238,,,0
31416,I66_WB,110+04184,free_flow,30.988125000000007,31.649205624637805,31.72211594202899,31.116956521739134,15
31416,I66_WB,110+04184,assignment,30.988125000000007,31.649205624637805,31.72211594202899,31.116956521739134,15
31416,I66_WB,110+04184,anchored,3.273308664874513,7.348869455285314,2.1596451845617985,0.1425332307611029,15
31417,I66_WB,110-58628,free_flow,9.413891304347825,9.574913684009802,,,0
31417,I66_WB,110-58628,assignment,9.413891304347825,9.574913684009802,,,0
31417,I66_WB,110-58628,anchored,9.413891304347825,9.574913684009802,,,0
31418,I66_WB,110+04184,free_flow,30.988125000000007,31.649205624637805,31.72211594202899,31.116956521739134,15
31418,I66_WB,110+04184,assignment,30.988125000000007,31.649205624637805,31.72211594202899,31.116956521739134,15
31418,I66_WB,110+04184,anchored,3.525599174166749,7.430633508169247,2.4287550611401842,-0.2363735685072328,15
31419,I66_EB,110-04183,free_flow,5.68329347826087,5.927403956897317,,,0
31419,I66_EB,110-04183,assignment,5.68329347826087,5.927403956897317,,,0
31419,I66_EB,110-04183,anchored,5.68329347826087,5.927403956897317,,,0
31420,I66_EB,110+58629,free_flow,2.5581249999999995,2.6937071590109074,,,0
31420,I66_EB,110+58629,assignment,2.5581249999999995,2.6937071590109074,,,0
31420,I66_EB,110+58629,anchored,2.5581249999999995,2.6937071590109074,,,0
31421,I66_EB,110+58629,free_flow,2.5581249999999995,2.6937071590109074,,,0
31421,I66_EB,110+58629,assignment,2.5581249999999995,2.6937071590109074,,,0
31421,I66_EB,110+58629,anchored,2.5581249999999995,2.6937071590109074,,,0
31422,I66_EB,110-04183,free_flow,5.68329347826087,5.927403956897317,,,0
31422,I66_EB,110-04183,assignment,5.68329347826087,5.927403956897317,,,0
31422,I66_EB,110-04183,anchored,5.68329347826087,5.927403956897317,,,0
31423,I66_WB,110+04184,free_flow,30.988125000000007,31.649205624637805,31.72211594202899,31.116956521739134,15
31423,I66_WB,110+04184,assignment,30.988125000000007,31.649205624637805,31.72211594202899,31.116956521739134,15
31423,I66_WB,110+04184,anchored,5.664564433373611,8.169781961132678,4.71031800429417,2.955549097548708,15
31424,I66_WB,110-58628,free_flow,9.413891304347825,9.574913684009802,,,0
31424,I66_WB,110-58628,assignment,9.413891304347825,9.574913684009802,,,0
31424,I66_WB,110-58628,anchored,9.413891304347825,9.574913684009802,,,0
31425,I66_WB,110-58628,free_flow,9.413891304347825,9.574913684009802,,,0
31425,I66_WB,110-58628,assignment,9.413891304347825,9.574913684009802,,,0
31425,I66_WB,110-58628,anchored,9.413891304347825,9.574913684009802,,,0
31426,I66_WB,110+04184,free_flow,30.988125000000007,31.649205624637805,31.72211594202899,31.116956521739134,15
31426,I66_WB,110+04184,assignment,30.988125000000007,31.649205624637805,31.72211594202899,31.116956521739134,15
31426,I66_WB,110+04184,anchored,3.4981928142335885,7.416970066187614,2.399521610544812,-0.29422228403393547,15
31427,I66_EB,110-04183,free_flow,5.68329347826087,5.927403956897317,,,0
31427,I66_EB,110-04183,assignment,5.68329347826087,5.927403956897317,,,0
31427,I66_EB,110-04183,anchored,5.68329347826087,5.927403956897317,,,0
31428,I66_EB,110+58629,free_flow,2.5581249999999995,2.6937071590109074,,,0
31428,I66_EB,110+58629,assignment,2.5581249999999995,2.6937071590109074,,,0
31428,I66_EB,110+58629,anchored,2.5581249999999995,2.6937071590109074,,,0
31429,I66_EB,110-04183,free_flow,5.68329347826087,5.927403956897317,,,0
31429,I66_EB,110-04183,assignment,5.68329347826087,5.927403956897317,,,0
31429,I66_EB,110-04183,anchored,5.68329347826087,5.927403956897317,,,0
31720,I66_EB,110P58636,free_flow,4.925103260869571,4.959017452865653,,,0
31720,I66_EB,110P58636,assignment,4.925103260869571,4.959017452865653,,,0
31720,I66_EB,110P58636,anchored,4.925103260869571,4.959017452865653,,,0
31724,I66_EB,110+58636,free_flow,6.123951086956526,6.152331577869111,,,0
31724,I66_EB,110+58636,assignment,6.123951086956526,6.152331577869111,,,0
31724,I66_EB,110+58636,anchored,6.123951086956526,6.152331577869111,,,0
31781,I66_EB,110+58635,free_flow,4.57913586956521,4.63814191943196,,,0
31781,I66_EB,110+58635,assignment,4.57913586956521,4.63814191943196,,,0
31781,I66_EB,110+58635,anchored,4.57913586956521,4.63814191943196,,,0
31785,I66_EB,110+58635,free_flow,4.57913586956521,4.63814191943196,,,0
31785,I66_EB,110+58635,assignment,4.57913586956521,4.63814191943196,,,0
31785,I66_EB,110+58635,anchored,4.57913586956521,4.63814191943196,,,0
31790,I66_EB,110+58634,free_flow,6.9443478260869576,6.978185889479341,,,0
31790,I66_EB,110+58634,assignment,6.9443478260869576,6.978185889479341,,,0
31790,I66_EB,110+58634,anchored,6.9443478260869576,6.978185889479341,,,0
31795,I66_EB,110N04178,free_flow,20.35910326086956,20.463673742539857,,,0
31795,I66_EB,110N04178,assignment,20.35910326086956,20.463673742539857,,,0
31795,I66_EB,110N04178,anchored,20.35910326086956,20.463673742539857,,,0
31800,I66_EB,110+58633,free_flow,11.03774456521739,11.165769007583771,,,0
31800,I66_EB,110+58633,assignment,11.03774456521739,11.165769007583771,,,0
31800,I66_EB,110+58633,anchored,11.03774456521739,11.165769007583771,,,0
31804,I66_EB,110N04179,free_flow,30.196016304347836,31.037774344710307,30.196016304347836,29.728217391304355,16
31804,I66_EB,110N04179,assignment,30.196016304347836,31.037774344710307,30.196016304347836,29.728217391304355,16
31804,I66_EB,110N04179,anchored,3.321459181934207,3.699010576976261,3.321459181934207,3.239813423448652,16
31809,I66_EB,110+58631,free_flow,2.4979673913043374,2.550613314064432,,,0
31809,I66_EB,110+58631,assignment,2.4979673913043374,2.550613314064432,,,0
31809,I66_EB,110+58631,anchored,2.4979673913043374,2.550613314064432,,,0
31818,I66_EB,110+58630,free_flow,2.2909293478260873,2.305760504069461,,,0
31818,I66_EB,110+58630,assignment,2.2909293478260873,2.305760504069461,,,0
31818,I66_EB,110+58630,anchored,2.2909293478260873,2.305760504069461,,,0
31823,I66_EB,110+58630,free_flow,2.2909293478260873,2.305760504069461,,,0
31823,I66_EB,110+58630,assignment,2.2909293478260873,2.305760504069461,,,0
31823,I66_EB,110+58630,anchored,2.2909293478260873,2.305760504069461,,,0
31829,I66_EB,110+58629,free_flow,2.5581249999999995,2.6937071590109074,,,0
31829,I66_EB,110+58629,assignment,2.5581249999999995,2.6937071590109074,,,0
31829,I66_EB,110+58629,anchored,2.5581249999999995,2.6937071590109074,,,0
31833,I66_EB,110+58629,free_flow,2.5581249999999995,2.6937071590109074,,,0
31833,I66_EB,110+58629,assignment,2.5581249999999995,2.6937071590109074,,,0
31833,I66_EB,110+58629,anchored,2.5581249999999995,2.6937071590109074,,,0
32029,I66_WB,110+04178,free_flow,39.667641304347825,39.728356657982424,39.667641304347825,39.11041304347826,16
32029,I66_WB,110+04178,assignment,39.667641304347825,39.728356657982424,39.667641304347825,39.11041304347826,16
32029,I66_WB,110+04178,anchored,0.5456165578281631,0.7580850220001405,0.5456165578281631,0.1243355030108173,16
32031,I66_WB,110P04178,free_flow,29.69701086956521,29.816705733667632,29.69701086956521,28.548043478260865,16
32031,I66_WB,110P04178,assignment,29.69701086956521,29.816705733667632,29.69701086956521,28.548043478260865,16
32031,I66_WB,110P04178,anchored,6.401909237910073,6.6086363227595655,6.401909237910073,6.267204540467684,16
32032,I66_WB,110+04179,free_flow,16.393288043478254,16.53108502361924,,,0
32032,I66_WB,110+04179,assignment,16.393288043478254,16.53108502361924,,,0
32032,I66_WB,110+04179,anchored,16.393288043478254,16.53108502361924,,,0
32034,I66_WB,110P04179,free_flow,8.037038043478258,8.048600112080216,,,0
32034,I66_WB,110P04179,assignment,8.037038043478258,8.048600112080216,,,0
32034,I66_WB,110P04179,anchored,8.037038043478258,8.048600112080216,,,0
32035,I66_WB,110+04180,free_flow,8.904815217391302,8.951259912428458,,,0
32035,I66_WB,110+04180,assignment,8.904815217391302,8.951259912428458,,,0
32035,I66_WB,110+04180,anchored,8.904815217391302,8.951259912428458,,,0
32037,I66_WB,110P04181,free_flow,22.362668478260865,23.01282714977816,25.031282608695648,25.376717391304343,12
32037,I66_WB,110P04181,assignment,22.362668478260865,23.01282714977816,25.031282608695648,25.376717391304343,12
32037,I66_WB,110P04181,anchored,12.059471040078684,12.72190620142754,11.29368602445274,9.99832101193051,12
32038,I66_WB,110P04181,free_flow,22.362668478260865,23.01282714977816,25.031282608695648,25.376717391304343,12
32038,I66_WB,110P04181,assignment,22.362668478260865,23.01282714977816,25.031282608695648,25.376717391304343,12
32038,I66_WB,110P04181,anchored,5.672077906054316,9.254403177196625,2.8260371201322045,0.1922553073584865,12
32041,I66_WB,110-58629,free_flow,6.697146739130428,6.751669494408041,,,0
32041,I66_WB,110-58629,assignment,6.697146739130428,6.751669494408041,,,0
32041,I66_WB,110-58629,anchored,6.697146739130428,6.751669494408041,,,0
32042,I66_WB,110N58629,free_flow,17.64980978260869,17.714403875570408,,,0
32042,I66_WB,110N58629,assignment,17.64980978260869,17.714403875570408,,,0
32042,I66_WB,110N58629,anchored,17.64980978260869,17.714403875570408,,,0
32044,I66_WB,110-58628,free_flow,9.413891304347825,9.574913684009802,,,0
32044,I66_WB,110-58628,assignment,9.413891304347825,9.574913684009802,,,0
32044,I66_WB,110-58628,anchored,9.413891304347825,9.574913684009802,,,0
32045,I66_WB,110-58628,free_flow,9.413891304347825,9.574913684009802,,,0
32045,I66_WB,110-58628,assignment,9.413891304347825,9.574913684009802,,,0
32045,I66_WB,110-58628,anchored,9.413891304347825,9.574913684009802,,,0
32130,I66_WB,110+04174,free_flow,2.5132173913043565,2.555920918381638,,,0
32130,I66_WB,110+04174,assignment,2.5132173913043565,2.555920918381638,,,0
32130,I66_WB,110+04174,anchored,2.5132173913043565,2.555920918381638,,,0
32133,I66_WB,110+04173,free_flow,2.059744565217397,2.1514863610241624,,,0
32133,I66_WB,110+04173,assignment,2.059744565217397,2.1514863610241624,,,0
32133,I66_WB,110+04173,anchored,2.059744565217397,2.1514863610241624,,,0
32134,I66_WB,110P04173,free_flow,1.9393315217391374,1.97913457581519,,,0
32134,I66_WB,110P04173,assignment,1.9393315217391374,1.97913457581519,,,0
32134,I66_WB,110P04173,anchored,1.9393315217391374,1.97913457581519,,,0
32136,I66_WB,110+04174,free_flow,2.5132173913043565,2.555920918381638,,,0
32136,I66_WB,110+04174,assignment,2.5132173913043565,2.555920918381638,,,0
32136,I66_WB,110+04174,anchored,2.5132173913043565,2.555920918381638,,,0
32140,I66_WB,110+04173,free_flow,2.059744565217397,2.1514863610241624,,,0
32140,I66_WB,110+04173,assignment,2.059744565217397,2.1514863610241624,,,0
32140,I66_WB,110+04173,anchored,2.059744565217397,2.1514863610241624,,,0
32141,I395_NB,110+04122,free_flow,15.558048913043473,15.774514631335123,,,0
32141,I395_NB,110+04122,assignment,15.558048913043473,15.774514631335123,,,0
32141,I395_NB,110+04122,anchored,15.558048913043473,15.774514631335123,,,0
32367,I66_EB,110+58629,free_flow,2.5581249999999995,2.6937071590109074,,,0
32367,I66_EB,110+58629,assignment,2.5581249999999995,2.6937071590109074,,,0
32367,I66_EB,110+58629,anchored,2.5581249999999995,2.6937071590109074,,,0
32368,I66_WB,110-58628,free_flow,9.413891304347825,9.574913684009802,,,0
32368,I66_WB,110-58628,assignment,9.413891304347825,9.574913684009802,,,0
32368,I66_WB,110-58628,anchored,9.413891304347825,9.574913684009802,,,0
32369,I66_WB,110-58628,free_flow,9.413891304347825,9.574913684009802,,,0
32369,I66_WB,110-58628,assignment,9.413891304347825,9.574913684009802,,,0
32369,I66_WB,110-58628,anchored,9.413891304347825,9.574913684009802,,,0
32370,I66_EB,110+58629,free_flow,2.5581249999999995,2.6937071590109074,,,0
32370,I66_EB,110+58629,assignment,2.5581249999999995,2.6937071590109074,,,0
32370,I66_EB,110+58629,anchored,2.5581249999999995,2.6937071590109074,,,0
32551,I66_WB,110P04174,free_flow,2.5791032608695628,2.629426547251566,,,0
32551,I66_WB,110P04174,assignment,2.5791032608695628,2.629426547251566,,,0
32551,I66_WB,110P04174,anchored,2.5791032608695628,2.629426547251566,,,0
32552,I66_WB,110+04175,free_flow,1.749380434782608,1.8014462140715757,,,0
32552,I66_WB,110+04175,assignment,1.749380434782608,1.8014462140715757,,,0
32552,I66_WB,110+04175,anchored,1.749380434782608,1.8014462140715757,,,0
32573,I66_WB,110P04175,free_flow,8.53538586956521,8.891472696091473,,,0
32573,I66_WB,110P04175,assignment,8.53538586956521,8.891472696091473,,,0
32573,I66_WB,110P04175,anchored,8.53538586956521,8.891472696091473,,,0
32581,I395_NB,110P04120,free_flow,36.95138586956522,38.068186062788165,36.95138586956522,37.93673913043479,16
32581,I395_NB,110P04120,assignment,36.95138586956522,38.068186062788165,36.95138586956522,37.93673913043479,16
32581,I395_NB,110P04120,anchored,2.04736313426654,5.365940421423258,2.04736313426654,0.20421337178392918,16
32590,I395_SB,110N04120,free_flow,17.616304347826087,18.280603723489936,,,0
32590,I395_SB,110N04120,assignment,39.239360601983066,40.48954204022827,,,0
32590,I395_SB,110N04120,anchored,17.616304347826087,18.280603723489936,,,0
32611,I395_SB,110N04121,free_flow,16.431690217391306,16.855360736762616,,,0
32611,I395_SB,110N04121,assignment,16.431690217391306,16.855360736762616,,,0
32611,I395_SB,110N04121,anchored,16.431690217391306,16.855360736762616,,,0
32616,I395_SB,110-04121,free_flow,13.97052173913043,14.587009157408433,,,0
32616,I395_SB,110-04121,assignment,13.97052173913043,14.587009157408433,,,0
32616,I395_SB,110-04121,anchored,13.97052173913043,14.587009157408433,,,0
32619,I395_SB,110-04121,free_flow,13.97052173913043,14.587009157408433,,,0
32619,I395_SB,110-04121,assignment,13.97052173913043,14.587009157408433,,,0
32619,I395_SB,110-04121,anchored,13.97052173913043,14.587009157408433,,,0
32622,I395_NB,110+04122,free_flow,15.558048913043473,15.774514631335123,,,0
32622,I395_NB,110+04122,assignment,15.558048913043473,15.774514631335123,,,0
32622,I395_NB,110+04122,anchored,15.558048913043473,15.774514631335123,,,0
32624,I395_SB,110N04122,free_flow,14.595222826086946,14.962880405681757,,,0
32624,I395_SB,110N04122,assignment,14.595222826086946,14.962880405681757,,,0
32624,I395_SB,110N04122,anchored,14.595222826086946,14.962880405681757,,,0
32627,I395_SB,110-04121,free_flow,13.97052173913043,14.587009157408433,,,0
32627,I395_SB,110-04121,assignment,13.97052173913043,14.587009157408433,,,0
32627,I395_SB,110-04121,anchored,13.97052173913043,14.587009157408433,,,0
32843,I66_EB,110+58630,free_flow,2.2909293478260873,2.305760504069461,,,0
32843,I66_EB,110+58630,assignment,2.2909293478260873,2.305760504069461,,,0
32843,I66_EB,110+58630,anchored,2.2909293478260873,2.305760504069461,,,0
32847,I66_WB,110-58629,free_flow,6.697146739130428,6.751669494408041,,,0
32847,I66_WB,110-58629,assignment,6.697146739130428,6.751669494408041,,,0
32847,I66_WB,110-58629,anchored,6.697146739130428,6.751669494408041,,,0
32848,I66_WB,110-58629,free_flow,6.697146739130428,6.751669494408041,,,0
32848,I66_WB,110-58629,assignment,6.697146739130428,6.751669494408041,,,0
32848,I66_WB,110-58629,anchored,6.697146739130428,6.751669494408041,,,0
32854,I66_WB,110N58631,free_flow,4.585027173913047,4.632239854075997,,,0
32854,I66_WB,110N58631,assignment,4.585027173913047,4.632239854075997,,,0
32854,I66_WB,110N58631,anchored,4.585027173913047,4.632239854075997,,,0
32866,I66_EB,110N04182,free_flow,5.081766304347829,5.11431947740056,,,0
32866,I66_EB,110N04182,assignment,5.081766304347829,5.11431947740056,,,0
32866,I66_EB,110N04182,anchored,5.081766304347829,5.11431947740056,,,0
32867,I66_WB,110P04182,free_flow,41.936472826086955,42.16913630560708,41.936472826086955,44.15052173913043,16
32867,I66_WB,110P04182,assignment,41.936472826086955,42.16913630560708,41.936472826086955,44.15052173913043,16
32867,I66_WB,110P04182,anchored,0.3376422132374417,0.45249902672334175,0.3376422132374417,-0.030314897613932246,16
32868,I66_WB,110+04182,free_flow,27.806875000000005,28.382533315208875,28.698579710144934,30.456086956521744,15
32868,I66_WB,110+04182,assignment,27.806875000000005,28.382533315208875,28.698579710144934,30.456086956521744,15
32868,I66_WB,110+04182,anchored,3.125737421690548,6.338032996338225,2.38283285633991,-0.008079496095326988,15
32869,I66_EB,110N04181,free_flow,4.967260869565216,5.100980479113663,,,0
32869,I66_EB,110N04181,assignment,4.967260869565216,5.100980479113663,,,0
32869,I66_EB,110N04181,anchored,4.967260869565216,5.100980479113663,,,0
35757,I66_WB,110-58629,free_flow,6.697146739130428,6.751669494408041,,,0
35757,I66_WB,110-58629,assignment,6.697146739130428,6.751669494408041,,,0
35757,I66_WB,110-58629,anchored,6.697146739130428,6.751669494408041,,,0
35760,I66_EB,110-04181,free_flow,6.398728260869557,6.431036746304988,,,0
35760,I66_EB,110-04181,assignment,6.398728260869557,6.431036746304988,,,0
35760,I66_EB,110-04181,anchored,6.398728260869557,6.431036746304988,,,0
35765,I66_WB,110N58631,free_flow,4.585027173913047,4.632239854075997,,,0
35765,I66_WB,110N58631,assignment,4.585027173913047,4.632239854075997,,,0
35765,I66_WB,110N58631,anchored,4.585027173913047,4.632239854075997,,,0
35779,I66_EB,110N04176,free_flow,10.657445652173909,10.704569678589635,,,0
35779,I66_EB,110N04176,assignment,10.657445652173909,10.704569678589635,,,0
35779,I66_EB,110N04176,anchored,10.657445652173909,10.704569678589635,,,0
35786,I66_WB,110+04181,free_flow,11.597559782608695,11.870894720662186,,,0
35786,I66_WB,110+04181,assignment,11.597559782608695,11.870894720662186,,,0
35786,I66_WB,110+04181,anchored,11.597559782608695,11.870894720662186,,,0
35787,I66_EB,110N04180,free_flow,14.58446739130435,15.653348355757368,,,0
35787,I66_EB,110N04180,assignment,14.58446739130435,15.653348355757368,,,0
35787,I66_EB,110N04180,anchored,14.58446739130435,15.653348355757368,,,0
38163,I66_EB,110+58628,free_flow,4.362505434782609,4.976574779662301,,,0
38163,I66_EB,110+58628,assignment,4.362505434782609,4.976574779662301,,,0
38163,I66_EB,110+58628,anchored,4.362505434782609,4.976574779662301,,,0
38167,I66_EB,110+58628,free_flow,4.362505434782609,4.976574779662301,,,0
38167,I66_EB,110+58628,assignment,4.362505434782609,4.976574779662301,,,0
38167,I66_EB,110+58628,anchored,4.362505434782609,4.976574779662301,,,0
38189,I66_EB,110P58625,free_flow,3.0516576086956455,3.089922593334288,,,0
38189,I66_EB,110P58625,assignment,3.0516576086956455,3.089922593334288,,,0
38189,I66_EB,110P58625,anchored,3.0516576086956455,3.089922593334288,,,0
38500,I66_EB,110+58626,free_flow,3.7860054347826164,3.856313467061286,,,0
38500,I66_EB,110+58626,assignment,3.7860054347826164,3.856313467061286,,,0
38500,I66_EB,110+58626,anchored,3.7860054347826164,3.856313467061286,,,0
38749,I66_WB,110-58627,free_flow,3.4213315217391367,3.455691308844401,,,0
38749,I66_WB,110-58627,assignment,3.4213315217391367,3.455691308844401,,,0
38749,I66_WB,110-58627,anchored,3.4213315217391367,3.455691308844401,,,0
38801,I66_WB,110-58627,free_flow,3.4213315217391367,3.455691308844401,,,0
38801,I66_WB,110-58627,assignment,3.4213315217391367,3.455691308844401,,,0
38801,I66_WB,110-58627,anchored,3.4213315217391367,3.455691308844401,,,0
38954,I66_WB,110+04184,free_flow,30.988125000000007,31.649205624637805,31.72211594202899,31.116956521739134,15
38954,I66_WB,110+04184,assignment,30.988125000000007,31.649205624637805,31.72211594202899,31.116956521739134,15
38954,I66_WB,110+04184,anchored,5.845232866668905,8.256404564350191,4.903030999809149,3.087288766464301,15
38959,I66_WB,110N58625,free_flow,2.545788043478267,2.5629960744408633,,,0
38959,I66_WB,110N58625,assignment,2.545788043478267,2.5629960744408633,,,0
38959,I66_WB,110N58625,anchored,2.545788043478267,2.5629960744408633,,,0
39007,I66_WB,110-58625,free_flow,3.0612119565217437,3.0857765788017923,,,0
39007,I66_WB,110-58625,assignment,3.0612119565217437,3.0857765788017923,,,0
39007,I66_WB,110-58625,anchored,3.0612119565217437,3.0857765788017923,,,0
39080,I66_WB,110-58628,free_flow,9.413891304347825,9.574913684009802,,,0
39080,I66_WB,110-58628,assignment,9.413891304347825,9.574913684009802,,,0
39080,I66_WB,110-58628,anchored,9.413891304347825,9.574913684009802,,,0
39139,I66_WB,110-58627,free_flow,3.4213315217391367,3.455691308844401,,,0
39139,I66_WB,110-58627,assignment,3.4213315217391367,3.455691308844401,,,0
39139,I66_WB,110-58627,anchored,3.4213315217391367,3.455691308844401,,,0
39141,I66_WB,110+04184,free_flow,30.988125000000007,31.649205624637805,31.72211594202899,31.116956521739134,15
39141,I66_WB,110+04184,assignment,30.988125000000007,31.649205624637805,31.72211594202899,31.116956521739134,15
39141,I66_WB,110+04184,anchored,3.3599025905309965,7.369574467939298,2.252012038595381,-0.21228536475152993,15
39142,I66_EB,110-04183,free_flow,5.68329347826087,5.927403956897317,,,0
39142,I66_EB,110-04183,assignment,5.68329347826087,5.927403956897317,,,0
39142,I66_EB,110-04183,anchored,5.68329347826087,5.927403956897317,,,0
39143,I66_EB,110+58629,free_flow,2.5581249999999995,2.6937071590109074,,,0
39143,I66_EB,110+58629,assignment,2.5581249999999995,2.6937071590109074,,,0
39143,I66_EB,110+58629,anchored,2.5581249999999995,2.6937071590109074,,,0
39145,I66_WB,110P04184,free_flow,7.808940217391302,7.884553207934634,,,0
39145,I66_WB,110P04184,assignment,7.808940217391302,7.884553207934634,,,0
39145,I66_WB,110P04184,anchored,7.808940217391302,7.884553207934634,,,0
39146,I66_EB,110-04183,free_flow,5.68329347826087,5.927403956897317,,,0
39146,I66_EB,110-04183,assignment,5.68329347826087,5.927403956897317,,,0
39146,I66_EB,110-04183,anchored,5.68329347826087,5.927403956897317,,,0
39147,I66_EB,110N04184,free_flow,6.107516304347828,6.57811924728655,,,0
39147,I66_EB,110N04184,assignment,6.107516304347828,6.57811924728655,,,0
39147,I66_EB,110N04184,anchored,6.107516304347828,6.57811924728655,,,0
39148,I66_WB,110+04185,free_flow,7.937451086956525,8.058904022255996,,,0
39148,I66_WB,110+04185,assignment,7.937451086956525,8.058904022255996,,,0
39148,I66_WB,110+04185,anchored,7.937451086956525,8.058904022255996,,,0
39149,I66_WB,110-58626,free_flow,2.571793478260867,2.5939529978412175,,,0
39149,I66_WB,110-58626,assignment,2.571793478260867,2.5939529978412175,,,0
39149,I66_WB,110-58626,anchored,2.571793478260867,2.5939529978412175,,,0
39150,I66_WB,110+04185,free_flow,7.937451086956525,8.058904022255996,,,0
39150,I66_WB,110+04185,assignment,7.937451086956525,8.058904022255996,,,0
39150,I66_WB,110+04185,anchored,7.937451086956525,8.058904022255996,,,0
39151,I66_EB,110-04184,free_flow,6.770570652173906,7.199821435147891,,,0
39151,I66_EB,110-04184,assignment,6.770570652173906,7.199821435147891,,,0
39151,I66_EB,110-04184,anchored,6.770570652173906,7.199821435147891,,,0
39152,I66_EB,110+58628,free_flow,4.362505434782609,4.976574779662301,,,0
39152,I66_EB,110+58628,assignment,4.362505434782609,4.976574779662301,,,0
39152,I66_EB,110+58628,anchored,4.362505434782609,4.976574779662301,,,0
39153,I66_WB,110-58626,free_flow,2.571793478260867,2.5939529978412175,,,0
39153,I66_WB,110-58626,assignment,2.571793478260867,2.5939529978412175,,,0
39153,I66_WB,110-58626,anchored,2.571793478260867,2.5939529978412175,,,0
39154,I66_WB,110+04185,free_flow,7.937451086956525,8.058904022255996,,,0
39154,I66_WB,110+04185,assignment,7.937451086956525,8.058904022255996,,,0
39154,I66_WB,110+04185,anchored,7.937451086956525,8.058904022255996,,,0
39156,I66_EB,110-04184,free_flow,6.770570652173906,7.199821435147891,,,0
39156,I66_EB,110-04184,assignment,6.770570652173906,7.199821435147891,,,0
39156,I66_EB,110-04184,anchored,6.770570652173906,7.199821435147891,,,0
39157,I66_EB,110+58627,free_flow,4.349809782608695,4.732345051423003,,,0
39157,I66_EB,110+58627,assignment,4.349809782608695,4.732345051423003,,,0
39157,I66_EB,110+58627,anchored,4.349809782608695,4.732345051423003,,,0
39158,I66_WB,110P04185,free_flow,6.115951086956518,6.132069843433354,,,0
39158,I66_WB,110P04185,assignment,6.115951086956518,6.132069843433354,,,0
39158,I66_WB,110P04185,anchored,6.115951086956518,6.132069843433354,,,0
39159,I66_EB,110N04185,free_flow,3.9566032608695614,4.289621956950734,,,0
39159,I66_EB,110N04185,assignment,3.9566032608695614,4.289621956950734,,,0
39159,I66_EB,110N04185,anchored,3.9566032608695614,4.289621956950734,,,0
39161,I66_WB,110P04185,free_flow,6.115951086956518,6.132069843433354,,,0
39161,I66_WB,110P04185,assignment,6.115951086956518,6.132069843433354,,,0
39161,I66_WB,110P04185,anchored,6.115951086956518,6.132069843433354,,,0
39162,I66_EB,110N04185,free_flow,3.9566032608695614,4.289621956950734,,,0
39162,I66_EB,110N04185,assignment,3.9566032608695614,4.289621956950734,,,0
39162,I66_EB,110N04185,anchored,3.9566032608695614,4.289621956950734,,,0
39163,I66_WB,110-58625,free_flow,3.0612119565217437,3.0857765788017923,,,0
39163,I66_WB,110-58625,assignment,3.0612119565217437,3.0857765788017923,,,0
39163,I66_WB,110-58625,anchored,3.0612119565217437,3.0857765788017923,,,0
39164,I66_WB,110+04186,free_flow,5.59054891304347,5.608474919548457,,,0
39164,I66_WB,110+04186,assignment,5.59054891304347,5.608474919548457,,,0
39164,I66_WB,110+04186,anchored,5.59054891304347,5.608474919548457,,,0
39165,I66_EB,110-04185,free_flow,4.802445652173917,4.871482112518718,,,0
39165,I66_EB,110-04185,assignment,4.802445652173917,4.871482112518718,,,0
39165,I66_EB,110-04185,anchored,4.802445652173917,4.871482112518718,,,0
39166,I66_EB,110+58626,free_flow,3.7860054347826164,3.856313467061286,,,0
39166,I66_EB,110+58626,assignment,3.7860054347826164,3.856313467061286,,,0
39166,I66_EB,110+58626,anchored,3.7860054347826164,3.856313467061286,,,0
39167,I66_EB,110P58625,free_flow,3.0516576086956455,3.089922593334288,,,0
39167,I66_EB,110P58625,assignment,3.0516576086956455,3.089922593334288,,,0
39167,I66_EB,110P58625,anchored,3.0516576086956455,3.089922593334288,,,0
39168,I66_EB,110N04186,free_flow,2.761766304347825,2.783641161631591,,,0
39168,I66_EB,110N04186,assignment,2.761766304347825,2.783641161631591,,,0
39168,I66_EB,110N04186,anchored,2.761766304347825,2.783641161631591,,,0
39170,I66_WB,110+04186,free_flow,5.59054891304347,5.608474919548457,,,0
39170,I66_WB,110+04186,assignment,5.59054891304347,5.608474919548457,,,0
39170,I66_WB,110+04186,anchored,5.59054891304347,5.608474919548457,,,0
39171,I66_WB,110N58625,free_flow,2.545788043478267,2.5629960744408633,,,0
39171,I66_WB,110N58625,assignment,2.545788043478267,2.5629960744408633,,,0
39171,I66_WB,110N58625,anchored,2.545788043478267,2.5629960744408633,,,0
39173,I66_WB,110P04186,free_flow,1.6607173913043516,1.6926609519625273,,,0
39173,I66_WB,110P04186,assignment,1.6607173913043516,1.6926609519625273,,,0
39173,I66_WB,110P04186,anchored,1.6607173913043516,1.6926609519625273,,,0
39174,I66_EB,110N04186,free_flow,2.761766304347825,2.783641161631591,,,0
39174,I66_EB,110N04186,assignment,2.761766304347825,2.783641161631591,,,0
39174,I66_EB,110N04186,anchored,2.761766304347825,2.783641161631591,,,0
39175,I66_EB,110N04186,free_flow,2.761766304347825,2.783641161631591,,,0
39175,I66_EB,110N04186,assignment,2.761766304347825,2.783641161631591,,,0
39175,I66_EB,110N04186,anchored,2.761766304347825,2.783641161631591,,,0
39177,I66_WB,110+04187,free_flow,2.0282608695652202,2.0413275048461967,,,0
39177,I66_WB,110+04187,assignment,2.0282608695652202,2.0413275048461967,,,0
39177,I66_WB,110+04187,anchored,2.0282608695652202,2.0413275048461967,,,0
39179,I66_WB,110+04187,free_flow,2.0282608695652202,2.0413275048461967,,,0
39179,I66_WB,110+04187,assignment,2.0282608695652202,2.0413275048461967,,,0
39179,I66_WB,110+04187,anchored,2.0282608695652202,2.0413275048461967,,,0
39180,I66_EB,110N04186,free_flow,2.761766304347825,2.783641161631591,,,0
39180,I66_EB,110N04186,assignment,2.761766304347825,2.783641161631591,,,0
39180,I66_EB,110N04186,anchored,2.761766304347825,2.783641161631591,,,0
39183,I66_EB,110-04186,free_flow,2.7888043478260824,2.7990549900688064,,,0
39183,I66_EB,110-04186,assignment,2.7888043478260824,2.7990549900688064,,,0
39183,I66_EB,110-04186,anchored,2.7888043478260824,2.7990549900688064,,,0
39184,I66_WB,110+04187,free_flow,2.0282608695652202,2.0413275048461967,,,0
39184,I66_WB,110+04187,assignment,2.0282608695652202,2.0413275048461967,,,0
39184,I66_WB,110+04187,anchored,2.0282608695652202,2.0413275048461967,,,0
39208,I66_EB,110+58627,free_flow,4.349809782608695,4.732345051423003,,,0
39208,I66_EB,110+58627,assignment,4.349809782608695,4.732345051423003,,,0
39208,I66_EB,110+58627,anchored,4.349809782608695,4.732345051423003,,,0
39209,I66_EB,110P58626,free_flow,4.476657608695653,4.513952648589163,,,0
39209,I66_EB,110P58626,assignment,4.476657608695653,4.513952648589163,,,0
39209,I66_EB,110P58626,anchored,4.476657608695653,4.513952648589163,,,0
39211,I66_WB,110N58626,free_flow,2.733749999999999,2.7548515762186394,,,0
39211,I66_WB,110N58626,assignment,2.733749999999999,2.7548515762186394,,,0
39211,I66_WB,110N58626,anchored,2.733749999999999,2.7548515762186394,,,0
39213,I66_WB,110-58625,free_flow,3.0612119565217437,3.0857765788017923,,,0
39213,I66_WB,110-58625,assignment,3.0612119565217437,3.0857765788017923,,,0
39213,I66_WB,110-58625,anchored,3.0612119565217437,3.0857765788017923,,,0
40894,I66_WB,110P04187,free_flow,2.0842119565217354,2.236286276717866,,,0
40894,I66_WB,110P04187,assignment,2.0842119565217354,2.236286276717866,,,0
40894,I66_WB,110P04187,anchored,2.0842119565217354,2.236286276717866,,,0
40899,I66_EB,110N04187,free_flow,2.4346793478260835,2.454345316506204,,,0
40899,I66_EB,110N04187,assignment,2.4346793478260835,2.454345316506204,,,0
40899,I66_EB,110N04187,anchored,2.4346793478260835,2.454345316506204,,,0
40900,I66_EB,110-04186,free_flow,2.7888043478260824,2.7990549900688064,,,0
40900,I66_EB,110-04186,assignment,2.7888043478260824,2.7990549900688064,,,0
40900,I66_EB,110-04186,anchored,2.7888043478260824,2.7990549900688064,,,0
40944,I66_EB,110-04185,free_flow,4.802445652173917,4.871482112518718,,,0
40944,I66_EB,110-04185,assignment,4.802445652173917,4.871482112518718,,,0
40944,I66_EB,110-04185,anchored,4.802445652173917,4.871482112518718,,,0
40960,I66_WB,110+04186,free_flow,5.59054891304347,5.608474919548457,,,0
40960,I66_WB,110+04186,assignment,5.59054891304347,5.608474919548457,,,0
40960,I66_WB,110+04186,anchored,5.59054891304347,5.608474919548457,,,0
40962,I66_EB,110-04185,free_flow,4.802445652173917,4.871482112518718,,,0
40962,I66_EB,110-04185,assignment,4.802445652173917,4.871482112518718,,,0
40962,I66_EB,110-04185,anchored,4.802445652173917,4.871482112518718,,,0
40966,I66_EB,110-04184,free_flow,6.770570652173906,7.199821435147891,,,0
40966,I66_EB,110-04184,assignment,6.770570652173906,7.199821435147891,,,0
40966,I66_EB,110-04184,anchored,6.770570652173906,7.199821435147891,,,0
40967,I66_WB,110+04185,free_flow,7.937451086956525,8.058904022255996,,,0
40967,I66_WB,110+04185,assignment,7.937451086956525,8.058904022255996,,,0
40967,I66_WB,110+04185,anchored,7.937451086956525,8.058904022255996,,,0
