time_of_day,speed_mph,period,flow_speed_only_vehph,flow_ref_vehph,flow_ref_source,volume_anchor_factor,lambda_ref_vehph,lambda_ref_source,mu_ref_vehph,queue_start_veh,queue_end_veh,realized_departure_vehph,cumulative_arrivals_veh,cumulative_departures_veh,waiting_time_min,travel_time_min,net_flow_ref_vehph,link_id,tmc_id,dt_minutes,initial_queue_veh
15:00,38.156,PM,5494.684662087414,2436.090410896761,speed_to_volume:s3+period_volume_anchor,0.4433539976744175,2436.090410896761,speed_to_volume_proxy,1705.801188287569,0.0,60.85743521743268,1705.8011882875687,203.00753424139674,142.15009902396406,5.0,5.295238095238095,730.2892226091922,26736,110N04169,5,0
15:05,38.136,PM,5493.857345652867,2435.7236168481627,speed_to_volume:s3+period_volume_anchor,0.4433539976744175,2435.7236168481627,speed_to_volume_proxy,1705.801188287569,60.85743521743268,121.6843042641488,1705.8011882875687,405.984502312077,284.3001980479281,5.0,5.295238095238095,729.9224285605937,26736,110N04169,5,0
15:10,38.065,PM,5490.908970814624,2434.416443076985,speed_to_volume:s3+period_volume_anchor,0.4433539976744175,2434.416443076985,speed_to_volume_proxy,1705.801188287569,121.6843042641488,182.40224216326686,1705.8011882875687,608.852539235159,426.4502970718922,10.0,10.295238095238096,728.6152547894162,26736,110N04169,5,0
15:15,37.933,PM,5485.38033052092,2431.965298301068,speed_to_volume:s3+period_volume_anchor,0.4433539976744175,2431.965298301068,speed_to_volume_proxy,1705.801188287569,182.40224216326686,242.9159179977251,1705.8011882875687,811.5163140935813,568.6003960958562,10.0,10.295238095238096,726.1641100134989,26736,110N04169,5,0
15:20,37.727,PM,5476.6303873936795,2428.085976036182,speed_to_volume:s3+period_volume_anchor,0.4433539976744175,2428.085976036182,speed_to_volume_proxy,1705.801188287569,242.9159179977251,303.1063169767762,1705.8011882875687,1013.8568120965964,710.7504951198202,15.0,15.295238095238096,722.2847877486129,26736,110N04169,5,0
15:25,37.433,PM,5463.88717214849,2422.4362206140013,speed_to_volume:s3+period_volume_anchor,0.4433539976744175,2422.4362206140013,speed_to_volume_proxy,1705.801188287569,303.1063169767762,362.8259030039789,1705.8011882875687,1215.7264971477632,852.9005941437842,15.0,15.295238095238096,716.6350323264323,26736,110N04169,5,0
15:30,37.041,PM,5446.433796171903,2414.698196601867,speed_to_volume:s3+period_volume_anchor,0.4433539976744175,2414.698196601867,speed_to_volume_proxy,1705.801188287569,362.8259030039789,421.9006536968371,1705.8011882875687,1416.9513468645855,995.0506931677482,15.0,15.295238095238096,708.8970083142981,26736,110N04169,5,0
15:35,36.536,PM,5423.180584778111,2404.3887923716607,speed_to_volume:s3+period_volume_anchor,0.4433539976744175,2404.3887923716607,speed_to_volume_proxy,1705.801188287569,421.9006536968371,480.11628737051143,1705.8011882875687,1617.3170795622239,1137.2007921917123,20.0,20.295238095238094,698.5876040840917,26736,110N04169,5,0
15:40,35.907,PM,5393.026717129217,2391.0199546041786,speed_to_volume:s3+period_volume_anchor,0.4433539976744175,2391.0199546041786,speed_to_volume_proxy,1705.801188287569,480.11628737051143,537.2178512302289,1705.8011882875687,1816.5687424459054,1279.3508912156763,20.0,20.295238095238094,685.2187663166096,26736,110N04169,5,0
15:45,35.142,PM,5354.6052909085465,2373.9856616928914,speed_to_volume:s3+period_volume_anchor,0.4433539976744175,2373.9856616928914,speed_to_volume_proxy,1705.801188287569,537.2178512302289,592.8998906806726,1705.8011882875687,2014.400880920313,1421.5009902396403,24.999999999999996,25.29523809523809,668.1844734053225,26736,110N04169,5,0
15:50,34.228,PM,5306.236010530243,2352.540947872536,speed_to_volume:s3+period_volume_anchor,0.4433539976744175,2352.540947872536,speed_to_volume_proxy,1705.801188287569,592.8998906806726,646.7948706460866,1705.8011882875687,2210.445959909691,1563.6510892636043,24.999999999999996,25.29523809523809,646.739759584967,26736,110N04169,5,0
15:55,33.152,PM,5245.92698963227,2325.8027023615896,speed_to_volume:s3+period_volume_anchor,0.4433539976744175,2325.8027023615896,speed_to_volume_proxy,1705.801188287569,646.7948706460866,698.4616634855884,1705.8011882875687,2404.2628517731564,1705.8011882875683,24.999999999999996,25.29523809523809,620.0015140740206,26736,110N04169,5,0
16:00,31.902,PM,5171.387138572422,2292.7551614081503,speed_to_volume:s3+period_volume_anchor,0.4433539976744175,2292.7551614081503,speed_to_volume_proxy,1705.801188287569,698.4616634855884,747.3744945789701,1705.8011882875687,2595.325781890502,1847.9512873115323,30.0,30.295238095238094,586.9539731205814,26736,110N04169,5,0
16:05,30.466,PM,5079.92135114758,2252.203438902908,speed_to_volume:s3+period_volume_anchor,0.4433539976744175,2252.203438902908,speed_to_volume_proxy,1705.801188287569,747.3744945789701,792.9080154635817,1705.8011882875687,2783.0094017990778,1990.1013863354963,30.0,30.295238095238094,546.4022506153392,26736,110N04169,5,0
16:10,28.83,PM,4968.212793504826,2202.6770032975496,speed_to_volume:s3+period_volume_anchor,0.4433539976744175,2202.6770032975496,speed_to_volume_proxy,1705.801188287569,792.9080154635817,834.3143333810801,1705.8011882875687,2966.56581874054,2132.2514853594603,30.0,30.295238095238094,496.87581500998067,26736,110N04169,5,0
16:15,27.091,PM,4840.749358489454,2146.1655798261713,speed_to_volume:s3+period_volume_anchor,0.4433539976744175,2146.1655798261713,speed_to_volume_proxy,1705.801188287569,834.3143333810801,871.011366009297,1705.8011882875687,3145.412950392721,2274.4015843834245,34.99999999999999,35.29523809523809,440.3643915386024,26736,110N04169,5,0
16:20,25.471,PM,4713.871392114345,2089.9137262169666,speed_to_volume:s3+period_volume_anchor,0.4433539976744175,2089.9137262169666,speed_to_volume_proxy,1705.801188287569,871.011366009297,903.0207441700802,1705.8011882875687,3319.5724275774683,2416.5516834073887,34.99999999999999,35.29523809523809,384.1125379293976,26736,110N04169,5,0
16:25,23.974,PM,4589.527513290895,2034.7853704542465,speed_to_volume:s3+period_volume_anchor,0.4433539976744175,2034.7853704542465,speed_to_volume_proxy,1705.801188287569,903.0207441700802,930.4360926839702,1705.8011882875687,3489.137875115322,2558.701782431353,34.99999999999999,35.29523809523809,328.98418216667756,26736,110N04169,5,0
16:30,22.602,PM,4469.416811368244,1981.5338105933592,speed_to_volume:s3+period_volume_anchor,0.4433539976744175,1981.5338105933592,speed_to_volume_proxy,1705.801188287569,930.4360926839702,953.4138112094527,1705.8011882875687,3654.2656926647687,2700.851881455317,34.99999999999999,35.29523809523809,275.7326223057903,26736,110N04169,5,0
16:35,21.353,PM,4354.7845570514855,1930.7111423795936,speed_to_volume:s3+period_volume_anchor,0.4433539976744175,1930.7111423795936,speed_to_volume_proxy,1705.801188287569,953.4138112094527,972.1563073837881,1705.8011882875687,3815.1582878630684,2843.0019804792814,34.99999999999999,35.29523809523809,224.9099540920247,26736,110N04169,5,0
16:40,20.221,PM,4246.362343348295,1882.6417204975742,speed_to_volume:s3+period_volume_anchor,0.4433539976744175,1882.6417204975742,speed_to_volume_proxy,1705.801188287569,972.1563073837881,986.8930184012886,1705.8011882875687,3972.0450979045327,2985.1520795032457,34.99999999999999,35.29523809523809,176.84053221000522,26736,110N04169,5,0
16:45,19.202,PM,4144.920645959883,1837.667138429543,speed_to_volume:s3+period_volume_anchor,0.4433539976744175,1837.667138429543,speed_to_volume_proxy,1705.801188287569,986.8930184012886,997.8818475797864,1705.8011882875687,4125.184026106995,3127.30217852721,40.0,40.2952380952381,131.86595014197405,26736,110N04169,5,0
16:50,18.289,PM,4050.7976722245576,1795.9373417509823,speed_to_volume:s3+period_volume_anchor,0.4433539976744175,1795.9373417509823,speed_to_volume_proxy,1705.801188287569,997.8818475797864,1005.3931937017376,1705.8011882875687,4274.84547125291,3269.452277551174,40.0,40.2952380952381,90.1361534634134,26736,110N04169,5,0
16:55,17.476,PM,3964.291897574158,1757.5846607378055,speed_to_volume:s3+period_volume_anchor,0.4433539976744175,1757.5846607378055,speed_to_volume_proxy,1705.801188287569,1005.3931937017376,1009.7084830725908,1705.8011882875687,4421.310859647727,3411.6023765751384,40.0,40.2952380952381,51.78347245023656,26736,110N04169,5,0
17:00,16.755,PM,3885.355529392028,1722.5879063423586,speed_to_volume:s3+period_volume_anchor,0.4433539976744175,1722.5879063423586,speed_to_volume_proxy,1705.801188287569,1009.7084830725908,1011.1073762438234,1705.8011882875687,4564.8598518429235,3553.7524755991026,40.0,40.2952380952381,16.786718054789617,26736,110N04169,5,0
17:05,16.122,PM,3814.2564808039133,1691.0658589199702,speed_to_volume:s3+period_volume_anchor,0.4433539976744175,1691.0658589199702,speed_to_volume_proxy,1705.801188287569,1011.1073762438234,1009.8794321298569,1705.8011882875687,4705.782006752921,3695.902574623067,40.0,40.2952380952381,-14.735329367598752,26736,110N04169,5,0
17:10,15.571,PM,3750.9416899633356,1662.9949932888806,speed_to_volume:s3+period_volume_anchor,0.4433539976744175,1662.9949932888806,speed_to_volume_proxy,1705.801188287569,1009.8794321298569,1006.3122492132995,1705.8011882875687,4844.364922860328,3838.052673647031,40.0,40.2952380952381,-42.8061949986884,26736,110N04169,5,0
17:15,15.099,PM,3695.607541526576,1638.4623773715334,speed_to_volume:s3+period_volume_anchor,0.4433539976744175,1638.4623773715334,speed_to_volume_proxy,1705.801188287569,1006.3122492132995,1000.7006816369633,1705.8011882875687,4980.903454307956,3980.2027726709953,40.0,40.2952380952381,-67.33881091603553,26736,110N04169,5,0
17:20,14.701,PM,3648.1336832448433,1617.4146525172985,speed_to_volume:s3+period_volume_anchor,0.4433539976744175,1617.4146525172985,speed_to_volume_proxy,1705.801188287569,1000.7006816369633,993.3351369894408,1705.8011882875687,5115.688008684398,4122.3528716949595,34.99999999999999,35.29523809523809,-88.38653577027048,26736,110N04169,5,0
17:25,14.375,PM,3608.6749832893647,1599.9204801490016,speed_to_volume:s3+period_volume_anchor,0.4433539976744175,1599.9204801490016,speed_to_volume_proxy,1705.801188287569,993.3351369894408,984.5117446445602,1705.8011882875687,5249.014715363481,4264.502970718923,34.99999999999999,35.29523809523809,-105.88070813856734,26736,110N04169,5,0
17:30,14.12,PM,3577.4406562168037,1586.0726163767115,speed_to_volume:s3+period_volume_anchor,0.4433539976744175,1586.0726163767115,speed_to_volume_proxy,1705.801188287569,984.5117446445602,974.5343636519888,1705.8011882875687,5381.187433394874,4406.653069742887,34.99999999999999,35.29523809523809,-119.72857191085745,26736,110N04169,5,0
17:35,13.935,PM,3554.5731093556105,1575.9341980587944,speed_to_volume:s3+period_volume_anchor,0.4433539976744175,1575.9341980587944,speed_to_volume_proxy,1705.801188287569,974.5343636519888,963.7121144662576,1705.8011882875687,5512.515283233106,4548.803168766851,34.99999999999999,35.29523809523809,-129.8669902287745,26736,110N04169,5,0
17:40,13.822,PM,3540.5182171847187,1569.7029054279467,speed_to_volume:s3+period_volume_anchor,0.4433539976744175,1569.7029054279467,speed_to_volume_proxy,1705.801188287569,963.7121144662576,952.3705908946224,1705.8011882875687,5643.323858685435,4690.953267790815,34.99999999999999,35.29523809523809,-136.09828285962226,26736,110N04169,5,0
17:45,13.783,PM,3535.651920867295,1567.5454135017485,speed_to_volume:s3+period_volume_anchor,0.4433539976744175,1567.5454135017485,speed_to_volume_proxy,1705.801188287569,952.3705908946224,940.8492763291374,1705.8011882875687,5773.952643143914,4833.103366814778,34.99999999999999,35.29523809523809,-138.25577478582045,26736,110N04169,5,0
17:50,13.824,PM,3540.7675558353985,1569.8134507155003,speed_to_volume:s3+period_volume_anchor,0.4433539976744175,1569.8134507155003,speed_to_volume_proxy,1705.801188287569,940.8492763291374,929.5169648647984,1705.8011882875687,5904.770430703539,4975.253465838742,34.99999999999999,35.29523809523809,-135.98773757206868,26736,110N04169,5,0
17:55,13.95,PM,3556.433809581361,1576.7591469423546,speed_to_volume:s3+period_volume_anchor,0.4433539976744175,1576.7591469423546,speed_to_volume_proxy,1705.801188287569,929.5169648647984,918.7634614193639,1705.8011882875687,6036.167026282069,5117.403564862706,34.99999999999999,35.29523809523809,-129.04204134521433,26736,110N04169,5,0
18:00,14.174,PM,3584.082444928421,1589.0172799537158,speed_to_volume:s3+period_volume_anchor,0.4433539976744175,1589.0172799537158,speed_to_volume_proxy,1705.801188287569,918.7634614193639,909.0314690582095,1705.8011882875687,6168.585132944879,5259.55366388667,34.99999999999999,35.29523809523809,-116.7839083338531,26736,110N04169,5,0
18:05,14.507,PM,3624.7152944188383,1607.0320162121952,speed_to_volume:s3+period_volume_anchor,0.4433539976744175,1607.0320162121952,speed_to_volume_proxy,1705.801188287569,909.0314690582095,900.8007047185952,1705.8011882875687,6302.504467629228,5401.7037629106335,34.99999999999999,35.29523809523809,-98.76917207537372,26736,110N04169,5,0
18:10,14.972,PM,3680.541099994755,1631.7826102876727,speed_to_volume:s3+period_volume_anchor,0.4433539976744175,1631.7826102876727,speed_to_volume_proxy,1705.801188287569,900.8007047185952,894.6324898852706,1705.8011882875687,6438.486351819867,5543.853861934597,34.99999999999999,35.29523809523809,-74.01857799989625,26736,110N04169,5,0
18:15,15.595,PM,3753.7278974665714,1664.2302695237904,speed_to_volume:s3+period_volume_anchor,0.4433539976744175,1664.2302695237904,speed_to_volume_proxy,1705.801188287569,894.6324898852706,891.1682466549557,1705.8011882875687,6577.172207613517,5686.003960958561,34.99999999999999,35.29523809523809,-41.570918763778536,26736,110N04169,5,0
18:20,16.416,PM,3847.492516668915,1705.801188287569,speed_to_volume:s3+period_volume_anchor,0.4433539976744175,1705.801188287569,speed_to_volume_proxy,1705.801188287569,891.1682466549557,891.1682466549557,1705.8011882875687,6719.32230663748,5828.154059982525,34.99999999999999,35.29523809523809,0.0,26736,110N04169,5,0
18:25,17.492,PM,3966.0195744846337,1758.3506332027546,speed_to_volume:s3+period_volume_anchor,0.4433539976744175,1758.3506332027546,speed_to_volume_proxy,1705.801188287569,891.1682466549557,895.5473670645547,1705.8011882875687,6865.851526071043,5970.304159006489,,,52.54944491518563,26736,110N04169,5,0
18:30,18.906,PM,4114.747207749343,1824.2896239753181,speed_to_volume:s3+period_volume_anchor,0.4433539976744175,1824.2896239753181,speed_to_volume_proxy,1705.801188287569,895.5473670645547,905.4214033718672,1705.8011882875687,7017.87566140232,6112.454258030452,,,118.48843568774919,26736,110N04169,5,0
18:35,20.783,PM,4300.740112683683,1906.7503219170358,speed_to_volume:s3+period_volume_anchor,0.4433539976744175,1906.7503219170358,speed_to_volume_proxy,1705.801188287569,905.4214033718672,922.1671645076563,1705.8011882875687,7176.771521562073,6254.604357054416,,,200.94913362946681,26736,110N04169,5,0
18:40,23.318,PM,4532.843978558937,2009.6544987285165,speed_to_volume:s3+period_volume_anchor,0.4433539976744175,2009.6544987285165,speed_to_volume_proxy,1705.801188287569,922.1671645076563,947.4882737110686,1705.8011882875687,7344.242729789449,6396.75445607838,,,303.85331044094755,26736,110N04169,5,0
18:45,26.816,PM,4819.7673271949625,2136.863112372429,speed_to_volume:s3+period_volume_anchor,0.4433539976744175,2136.863112372429,speed_to_volume_proxy,1705.801188287569,947.4882737110686,983.4101007181403,1705.8011882875687,7522.314655820485,6538.904555102344,,,431.06192408486004,26736,110N04169,5,0
18:50,31.762,PM,5162.742793564004,2288.9226564913915,speed_to_volume:s3+period_volume_anchor,0.4433539976744175,2288.9226564913915,speed_to_volume_proxy,1705.801188287569,983.4101007181403,1032.0035564017921,1705.8011882875687,7713.058210528101,6681.0546541263075,,,583.1214682038226,26736,110N04169,5,0
18:55,45.202,PM,5687.82121485377,2521.7182736627806,speed_to_volume:s3+period_volume_anchor,0.4433539976744175,2521.7182736627806,speed_to_volume_proxy,1705.801188287569,1032.0035564017921,1099.9966468497266,1705.8011882875687,7923.201399999999,6823.204753150271,,,815.9170853752116,26736,110N04169,5,0
